"field_id","module","consumer_location","field_name","semantics","data_type","cardinality","current_producer","current_source","current_table_model_column","current_service_function","current_extraction_logic","current_ai_dependency","current_derivation","target_producer","target_source_of_truth","consumers","freshness_dependencies","engineer_override_rules","missing_unknown_behavior","evidence_refs","status"
"PRJ.ep_number","project_info","Project Info form; Home header; workspace title","ep_number","The job's EP number; the archive folder and every register key on it.","string","1","projects.create_project / update_project (engineer-reviewed form)","DRF extraction (drf_extractor.extract_drf_fields) proposes at creation; engineer confirms","backend/app/models.py::Project.ep_number","backend/app/routers/projects.py::create_project@342; backend/app/routers/projects.py::update_project@479; backend/app/routers/projects.py::_propagate_details@531","drf_extractor: OCR field bands on the DRF image (extract_drf_fields@591)","Optional: details check (check_project_details@612 -> extraction_pipeline) suggests only","Stored value; DRF is provenance only after creation","DRF Processor (roadmap) writing Project/ProjectInfo","Project row (existing) as the ProjectInfo record","Project Info; Home; Compliance draft mail; submittal reply sheet (consultant, project_name); package cover; register","None automatic: a changed DRF marks 'details' dependency stale (document_sync._watch_intake) but does not rewrite fields","Engineer edits through PUT /projects/{id} with If-Match details_version (concurrency refusal); the AI details check only suggests; DRF extraction fills the create form, never overwrites a saved value.","Null shown as empty; ep_number required","backend/app/models.py::Project@134; backend/app/routers/projects.py::get_project@467; frontend/src/lib/types.ts::Project@545","CURRENT"
"PRJ.project_name","project_info","Project Info form; Home header; workspace title","project_name","Project title as reviewed at creation.","string","0..1","projects.create_project / update_project (engineer-reviewed form)","DRF extraction (drf_extractor.extract_drf_fields) proposes at creation; engineer confirms","backend/app/models.py::Project.project_name","backend/app/routers/projects.py::create_project@342; backend/app/routers/projects.py::update_project@479; backend/app/routers/projects.py::_propagate_details@531","drf_extractor: OCR field bands on the DRF image (extract_drf_fields@591)","Optional: details check (check_project_details@612 -> extraction_pipeline) suggests only","Stored value; DRF is provenance only after creation","DRF Processor (roadmap) writing Project/ProjectInfo","Project row (existing) as the ProjectInfo record","Project Info; Home; Compliance draft mail; submittal reply sheet (consultant, project_name); package cover; register","None automatic: a changed DRF marks 'details' dependency stale (document_sync._watch_intake) but does not rewrite fields","Engineer edits through PUT /projects/{id} with If-Match details_version (concurrency refusal); the AI details check only suggests; DRF extraction fills the create form, never overwrites a saved value.","Null shown as empty; ep_number required","backend/app/models.py::Project@134; backend/app/routers/projects.py::get_project@467; frontend/src/lib/types.ts::Project@545","CURRENT"
"PRJ.plot_number","project_info","Project Info form; Home header; workspace title","plot_number","Plot number.","string","0..1","projects.create_project / update_project (engineer-reviewed form)","DRF extraction (drf_extractor.extract_drf_fields) proposes at creation; engineer confirms","backend/app/models.py::Project.plot_number","backend/app/routers/projects.py::create_project@342; backend/app/routers/projects.py::update_project@479; backend/app/routers/projects.py::_propagate_details@531","drf_extractor: OCR field bands on the DRF image (extract_drf_fields@591)","Optional: details check (check_project_details@612 -> extraction_pipeline) suggests only","Stored value; DRF is provenance only after creation","DRF Processor (roadmap) writing Project/ProjectInfo","Project row (existing) as the ProjectInfo record","Project Info; Home; Compliance draft mail; submittal reply sheet (consultant, project_name); package cover; register","None automatic: a changed DRF marks 'details' dependency stale (document_sync._watch_intake) but does not rewrite fields","Engineer edits through PUT /projects/{id} with If-Match details_version (concurrency refusal); the AI details check only suggests; DRF extraction fills the create form, never overwrites a saved value.","Null shown as empty; ep_number required","backend/app/models.py::Project@134; backend/app/routers/projects.py::get_project@467; frontend/src/lib/types.ts::Project@545","CURRENT"
"PRJ.location","project_info","Project Info form; Home header; workspace title","location","Site location.","string","0..1","projects.create_project / update_project (engineer-reviewed form)","DRF extraction (drf_extractor.extract_drf_fields) proposes at creation; engineer confirms","backend/app/models.py::Project.location","backend/app/routers/projects.py::create_project@342; backend/app/routers/projects.py::update_project@479; backend/app/routers/projects.py::_propagate_details@531","drf_extractor: OCR field bands on the DRF image (extract_drf_fields@591)","Optional: details check (check_project_details@612 -> extraction_pipeline) suggests only","Stored value; DRF is provenance only after creation","DRF Processor (roadmap) writing Project/ProjectInfo","Project row (existing) as the ProjectInfo record","Project Info; Home; Compliance draft mail; submittal reply sheet (consultant, project_name); package cover; register","None automatic: a changed DRF marks 'details' dependency stale (document_sync._watch_intake) but does not rewrite fields","Engineer edits through PUT /projects/{id} with If-Match details_version (concurrency refusal); the AI details check only suggests; DRF extraction fills the create form, never overwrites a saved value.","Null shown as empty; ep_number required","backend/app/models.py::Project@134; backend/app/routers/projects.py::get_project@467; frontend/src/lib/types.ts::Project@545","CURRENT"
"PRJ.client","project_info","Project Info form; Home header; workspace title","client","Client organisation.","string","0..1","projects.create_project / update_project (engineer-reviewed form)","DRF extraction (drf_extractor.extract_drf_fields) proposes at creation; engineer confirms","backend/app/models.py::Project.client","backend/app/routers/projects.py::create_project@342; backend/app/routers/projects.py::update_project@479; backend/app/routers/projects.py::_propagate_details@531","drf_extractor: OCR field bands on the DRF image (extract_drf_fields@591)","Optional: details check (check_project_details@612 -> extraction_pipeline) suggests only","Stored value; DRF is provenance only after creation","DRF Processor (roadmap) writing Project/ProjectInfo","Project row (existing) as the ProjectInfo record","Project Info; Home; Compliance draft mail; submittal reply sheet (consultant, project_name); package cover; register","None automatic: a changed DRF marks 'details' dependency stale (document_sync._watch_intake) but does not rewrite fields","Engineer edits through PUT /projects/{id} with If-Match details_version (concurrency refusal); the AI details check only suggests; DRF extraction fills the create form, never overwrites a saved value.","Null shown as empty; ep_number required","backend/app/models.py::Project@134; backend/app/routers/projects.py::get_project@467; frontend/src/lib/types.ts::Project@545","CURRENT"
"PRJ.consultant","project_info","Project Info form; Home header; workspace title","consultant","Consultant organisation (the reviewer of submittals and drawings).","string","0..1","projects.create_project / update_project (engineer-reviewed form)","DRF extraction (drf_extractor.extract_drf_fields) proposes at creation; engineer confirms","backend/app/models.py::Project.consultant","backend/app/routers/projects.py::create_project@342; backend/app/routers/projects.py::update_project@479; backend/app/routers/projects.py::_propagate_details@531","drf_extractor: OCR field bands on the DRF image (extract_drf_fields@591)","Optional: details check (check_project_details@612 -> extraction_pipeline) suggests only","Stored value; DRF is provenance only after creation","DRF Processor (roadmap) writing Project/ProjectInfo","Project row (existing) as the ProjectInfo record","Project Info; Home; Compliance draft mail; submittal reply sheet (consultant, project_name); package cover; register","None automatic: a changed DRF marks 'details' dependency stale (document_sync._watch_intake) but does not rewrite fields","Engineer edits through PUT /projects/{id} with If-Match details_version (concurrency refusal); the AI details check only suggests; DRF extraction fills the create form, never overwrites a saved value.","Null shown as empty; ep_number required","backend/app/models.py::Project@134; backend/app/routers/projects.py::get_project@467; frontend/src/lib/types.ts::Project@545","CURRENT"
"PRJ.contractor","project_info","Project Info form; Home header; workspace title","contractor","Main contractor.","string","0..1","projects.create_project / update_project (engineer-reviewed form)","DRF extraction (drf_extractor.extract_drf_fields) proposes at creation; engineer confirms","backend/app/models.py::Project.contractor","backend/app/routers/projects.py::create_project@342; backend/app/routers/projects.py::update_project@479; backend/app/routers/projects.py::_propagate_details@531","drf_extractor: OCR field bands on the DRF image (extract_drf_fields@591)","Optional: details check (check_project_details@612 -> extraction_pipeline) suggests only","Stored value; DRF is provenance only after creation","DRF Processor (roadmap) writing Project/ProjectInfo","Project row (existing) as the ProjectInfo record","Project Info; Home; Compliance draft mail; submittal reply sheet (consultant, project_name); package cover; register","None automatic: a changed DRF marks 'details' dependency stale (document_sync._watch_intake) but does not rewrite fields","Engineer edits through PUT /projects/{id} with If-Match details_version (concurrency refusal); the AI details check only suggests; DRF extraction fills the create form, never overwrites a saved value.","Null shown as empty; ep_number required","backend/app/models.py::Project@134; backend/app/routers/projects.py::get_project@467; frontend/src/lib/types.ts::Project@545","CURRENT"
"PRJ.contact_person","project_info","Project Info form; Home header; workspace title","contact_person","Contact name.","string","0..1","projects.create_project / update_project (engineer-reviewed form)","DRF extraction (drf_extractor.extract_drf_fields) proposes at creation; engineer confirms","backend/app/models.py::Project.contact_person","backend/app/routers/projects.py::create_project@342; backend/app/routers/projects.py::update_project@479; backend/app/routers/projects.py::_propagate_details@531","drf_extractor: OCR field bands on the DRF image (extract_drf_fields@591)","Optional: details check (check_project_details@612 -> extraction_pipeline) suggests only","Stored value; DRF is provenance only after creation","DRF Processor (roadmap) writing Project/ProjectInfo","Project row (existing) as the ProjectInfo record","Project Info; Home; Compliance draft mail; submittal reply sheet (consultant, project_name); package cover; register","None automatic: a changed DRF marks 'details' dependency stale (document_sync._watch_intake) but does not rewrite fields","Engineer edits through PUT /projects/{id} with If-Match details_version (concurrency refusal); the AI details check only suggests; DRF extraction fills the create form, never overwrites a saved value.","Null shown as empty; ep_number required","backend/app/models.py::Project@134; backend/app/routers/projects.py::get_project@467; frontend/src/lib/types.ts::Project@545","CURRENT"
"PRJ.contact_phone","project_info","Project Info form; Home header; workspace title","contact_phone","Contact phone.","string","0..1","projects.create_project / update_project (engineer-reviewed form)","DRF extraction (drf_extractor.extract_drf_fields) proposes at creation; engineer confirms","backend/app/models.py::Project.contact_phone","backend/app/routers/projects.py::create_project@342; backend/app/routers/projects.py::update_project@479; backend/app/routers/projects.py::_propagate_details@531","drf_extractor: OCR field bands on the DRF image (extract_drf_fields@591)","Optional: details check (check_project_details@612 -> extraction_pipeline) suggests only","Stored value; DRF is provenance only after creation","DRF Processor (roadmap) writing Project/ProjectInfo","Project row (existing) as the ProjectInfo record","Project Info; Home; Compliance draft mail; submittal reply sheet (consultant, project_name); package cover; register","None automatic: a changed DRF marks 'details' dependency stale (document_sync._watch_intake) but does not rewrite fields","Engineer edits through PUT /projects/{id} with If-Match details_version (concurrency refusal); the AI details check only suggests; DRF extraction fills the create form, never overwrites a saved value.","Null shown as empty; ep_number required","backend/app/models.py::Project@134; backend/app/routers/projects.py::get_project@467; frontend/src/lib/types.ts::Project@545","CURRENT"
"PRJ.contact_email","project_info","Project Info form; Home header; workspace title","contact_email","Contact e-mail.","string","0..1","projects.create_project / update_project (engineer-reviewed form)","DRF extraction (drf_extractor.extract_drf_fields) proposes at creation; engineer confirms","backend/app/models.py::Project.contact_email","backend/app/routers/projects.py::create_project@342; backend/app/routers/projects.py::update_project@479; backend/app/routers/projects.py::_propagate_details@531","drf_extractor: OCR field bands on the DRF image (extract_drf_fields@591)","Optional: details check (check_project_details@612 -> extraction_pipeline) suggests only","Stored value; DRF is provenance only after creation","DRF Processor (roadmap) writing Project/ProjectInfo","Project row (existing) as the ProjectInfo record","Project Info; Home; Compliance draft mail; submittal reply sheet (consultant, project_name); package cover; register","None automatic: a changed DRF marks 'details' dependency stale (document_sync._watch_intake) but does not rewrite fields","Engineer edits through PUT /projects/{id} with If-Match details_version (concurrency refusal); the AI details check only suggests; DRF extraction fills the create form, never overwrites a saved value.","Null shown as empty; ep_number required","backend/app/models.py::Project@134; backend/app/routers/projects.py::get_project@467; frontend/src/lib/types.ts::Project@545","CURRENT"
"PRJ.scope_of_work","project_info","Project Info form; Home header; workspace title","scope_of_work","Full Package / Design, Supply, T&C / Supply Only; drives FRC cables and drawings scope.","enum","0..1","projects.create_project / update_project (engineer-reviewed form)","DRF extraction (drf_extractor.extract_drf_fields) proposes at creation; engineer confirms","backend/app/models.py::Project.scope_of_work","backend/app/routers/projects.py::create_project@342; backend/app/routers/projects.py::update_project@479; backend/app/routers/projects.py::_propagate_details@531","drf_extractor: OCR field bands on the DRF image (extract_drf_fields@591)","Optional: details check (check_project_details@612 -> extraction_pipeline) suggests only","Stored value; DRF is provenance only after creation","DRF Processor (roadmap) writing Project/ProjectInfo","Project row (existing) as the ProjectInfo record","Project Info; Home; Compliance draft mail; submittal reply sheet (consultant, project_name); package cover; register","None automatic: a changed DRF marks 'details' dependency stale (document_sync._watch_intake) but does not rewrite fields","Engineer edits through PUT /projects/{id} with If-Match details_version (concurrency refusal); the AI details check only suggests; DRF extraction fills the create form, never overwrites a saved value.","Null shown as empty; ep_number required","backend/app/models.py::Project@134; backend/app/routers/projects.py::get_project@467; frontend/src/lib/types.ts::Project@545","CURRENT"
"PRJ.other_information","project_info","Project Info form; Home header; workspace title","other_information","Free text from the DRF.","text","0..1","projects.create_project / update_project (engineer-reviewed form)","DRF extraction (drf_extractor.extract_drf_fields) proposes at creation; engineer confirms","backend/app/models.py::Project.other_information","backend/app/routers/projects.py::create_project@342; backend/app/routers/projects.py::update_project@479; backend/app/routers/projects.py::_propagate_details@531","drf_extractor: OCR field bands on the DRF image (extract_drf_fields@591)","Optional: details check (check_project_details@612 -> extraction_pipeline) suggests only","Stored value; DRF is provenance only after creation","DRF Processor (roadmap) writing Project/ProjectInfo","Project row (existing) as the ProjectInfo record","Project Info; Home; Compliance draft mail; submittal reply sheet (consultant, project_name); package cover; register","None automatic: a changed DRF marks 'details' dependency stale (document_sync._watch_intake) but does not rewrite fields","Engineer edits through PUT /projects/{id} with If-Match details_version (concurrency refusal); the AI details check only suggests; DRF extraction fills the create form, never overwrites a saved value.","Null shown as empty; ep_number required","backend/app/models.py::Project@134; backend/app/routers/projects.py::get_project@467; frontend/src/lib/types.ts::Project@545","CURRENT"
"PRJ.status","project_info","Workspace header; project list filters; Home","Project.status","Platform lifecycle of the project record (draft/active/archived). Not DRF content and not a consultant status.","enum(ProjectStatus)","1","projects.create_project (sets ProjectStatus.active at creation); no other writer found","Platform default at creation; no engineer form field","backend/app/models.py::Project.status@149","backend/app/routers/projects.py::create_project@342 (status=ProjectStatus.active at line 370); backend/app/schemas_project.py::ProjectDetailsIn@268 has no status field; backend/app/routers/projects.py::_DETAIL_FIELDS@1005 / ::_apply_details@1008 therefore never touch it","NOT_APPLICABLE","NONE","Stored constant since creation","Project registry (platform lifecycle authority), separate from the DRF Processor which never produces lifecycle","Project.status (existing)","Project list; workspace header; Home","None: no invalidation applies","NONE: no route or service changes it after creation (repo grep for ProjectStatus assignments: only create_project)","Never null (nullable=False)","backend/app/models.py::Project.status@149; backend/app/routers/projects.py::create_project@342; backend/app/schemas_project.py::ProjectDetailsIn@268","CURRENT"
"PRJ.systems","project_info","Project Info systems table; every tab's system filter","systems[]","The DRF's systems rows: name, brand, MS/DWG ticks.","ProjectSystem[]","0..N","projects.create_project / update_project","DRF systems table (drf_extractor._read_systems@503) proposed; engineer confirms","backend/app/models.py::ProjectSystem@374 (project_systems)","backend/app/routers/projects.py::update_project@479; backend/app/services/system_rules.py::drf_rows@148","OCR of the systems table rows","Details check may suggest add/remove/update (suggestion only)","Stored rows","DRF Processor","ProjectSystem rows","Project Info; system_rules (effective codes) -> every tab","details dependency; no auto rewrite","Engineer edits through PUT /projects/{id} with If-Match details_version (concurrency refusal); the AI details check only suggests; DRF extraction fills the create form, never overwrites a saved value.","Empty list allowed; effective codes then empty","backend/app/models.py::ProjectSystem@374; backend/app/services/system_rules.py::project_codes@255","CURRENT"
"PRJ.system_codes_effective","project_info","Every tab (Project.system_codes); Logs systems; Drawings systems; Materials systems","system_codes (effective)","Project-effective system codes: DRF rows canonicalised, integrated Edwards VE/FT/SM folded into FAS, ELS kinds merged.","string[]","0..N","system_rules.project_codes (derived on read)","PRJ.systems + PRJ.separate_ve_panel + brand rules","DERIVED (not stored)","backend/app/services/system_rules.py::project_codes@255; ::effective_code@137; ::voice_evacuation_integrated@118","NOT_APPLICABLE","NONE","Rule: canonical(name) per row, VE/FT/SM -> FAS when integrated, CBS/EML -> ELS","DRF Processor (persist raw + effective system decisions with policy version)","PROPOSED: ProjectSystem.effective_code persisted with rules version; today derived","All tabs; sample_board_checks; logs systems; drawings register; compliance systems","Changes when PRJ.systems or separate_ve_panel change; no version recorded","separate_ve_panel toggle on Project Info is the only override","No systems -> no tab content","backend/app/services/system_rules.py::project_codes@255; ::effective_code@137","CURRENT"
"PRJ.separate_ve_panel","project_info","Project Info","separate_ve_panel","Edwards project with a separate voice evacuation panel: VE is its own system.","bool","1","update_project","engineer","backend/app/models.py::Project.separate_ve_panel@170","backend/app/routers/projects.py::update_project@479","NOT_APPLICABLE","NONE","Stored flag","DRF Processor / engineer","Project.separate_ve_panel","system_rules; Materials; Logs; Compliance","Recomputes effective codes on read","Engineer toggle","Defaults false","backend/app/models.py::Project.separate_ve_panel@170","CURRENT"
"PRJ.ai_policy","project_info","Project Info; every AI call guard","ai_policy","Whether project documents may be sent to an AI provider.","enum(allowed|blocked)","1","update_project","engineer","backend/app/models.py::Project.ai_policy@175","backend/app/ai/project_policy.py","NOT_APPLICABLE","NOT_APPLICABLE","Stored","Project (engineer policy)","Project.ai_policy","BOQ read, verification, submittal map, compliance AI, classification AI-free","NOT_APPLICABLE","Engineer sets","Defaults allowed","backend/app/models.py::Project.ai_policy@175","CURRENT"
"PRJ.source_folder_path","project_info","Project Info; File Sync header; Logs searched","source_folder_path","The project's archive folder (OneDrive) resolved at creation.","path","0..1","projects.resolve/create_project (_validate_source_paths)","EP archive resolver (ep_resolver) + engineer choice","backend/app/models.py::Project.source_folder_path@217","backend/app/routers/projects.py::resolve@125; backend/app/routers/projects.py::_validate_source_paths@307","Folder search by EP number","NONE","Stored locator","File Sync (registry root); Project record","Project.source_folder_path (a mutable locator, not identity)","File Sync; Logs; Compliance discovery; Drawings folders; Floor schedule discovery; package builder","Path reachability checked at read (folder_reachable)","Set once at creation (ProjectCreate carries it). NOT editable after: PUT /projects/{id} takes ProjectDetailsIn (schemas_project.py::ProjectDetailsIn@268), which has no source_folder_path; _DETAIL_FIELDS@1005 is derived from that schema and update_project@479 states the document paths are not editable. No other writer found by repo grep.","Null -> tabs say 'no folder'","backend/app/routers/projects.py::resolve@125; backend/app/routers/projects.py::create_project@342; backend/app/routers/projects.py::update_project@479; backend/app/schemas_project.py::ProjectDetailsIn@268; backend/app/schemas_project.py::ProjectCreate@291","CURRENT"
"PRJ.drf_document_path","project_info","Documents tab; BOQ; Project Info","drf_document_path","The DRF file the project was created from.","path","0..1","create_project / upload_drf","engineer selection or upload","backend/app/models.py::Project.drf_document_path@218","backend/app/routers/projects.py::upload_drf@1292; backend/app/services/document_intake.py::project_documents@335","NOT_APPLICABLE","NONE","Stored locator; intake indexes it as ProjectDocument role=drf","SourceDocumentService (roadmap Documents tab)","PROPOSED SourceAssociation(role=drf) over existing path + ProjectDocument row","Documents; intake; BOQ details check; classification intake association","Intake re-check (run_intake) and sync watch (_watch_intake) mark details stale on change","Engineer upload replaces path","Null -> Documents tab shows missing DRF; intake finding","backend/app/routers/projects.py::upload_drf@1292; backend/app/services/document_sync.py::_watch_intake@976","CURRENT"
"PRJ.design_sheets","project_info","Documents tab; BOQ; Compliance systems","design_sheets[] (system_code, document_path)","The per-system Design Sheets attached to the project.","ProjectDesignSheet[]","0..N","create_project / upload_design_sheet / remove_design_sheet","engineer selection or upload (resolver candidates)","backend/app/models.py::ProjectDesignSheet@1019","backend/app/routers/projects.py::upload_design_sheet@1311; backend/app/routers/projects.py::remove_design_sheet@1335","Filename revision/system guess (resolver) at creation","sheet_system suggestion (extraction_pipeline.suggest_sheet_system@392), suggestion only","Stored rows","SourceDocumentService","ProjectDesignSheet rows (+ ProjectDocument role=design_sheet by intake)","Documents; BOQ ensure/reread; readiness coverage; classification intake association","Sheet change -> boq dependency stale (document_sync._watch_intake)","Engineer adds/removes","None -> BOQ cannot be read","backend/app/models.py::ProjectDesignSheet@1019","CURRENT"
"PRJ.details_version","project_info","Project Info save (If-Match)","details_version","Optimistic-concurrency version of project details.","int","1","update_project","server","backend/app/models.py::Project.details_version@212","backend/app/services/concurrency.py","NOT_APPLICABLE","NOT_APPLICABLE","Incremented on write","Project record","Project.details_version","Project Info","NOT_APPLICABLE","Stale write refused","NOT_APPLICABLE","backend/app/models.py::Project.details_version@212","CURRENT"
"PRJ.drawings_in_scope","project_info","Drawings tab lock; Home; Logs","drawings_in_scope","Whether shop drawings are our scope on this project (DRF drawing column).","bool","1","system_rules.drawings_in_scope (derived)","PRJ.systems drawing ticks + scope_of_work","DERIVED","backend/app/services/system_rules.py::drawings_in_scope@236","NOT_APPLICABLE","NONE","Any system row with drawing tick (rule in system_rules)","DRF Processor (persist)","PROPOSED persisted scope decision; today derived","Drawings; Home; Logs; log_records filter","Follows PRJ.systems","Engineer edits system ticks","False locks the Drawings tab","backend/app/services/system_rules.py::drawings_in_scope@236; backend/app/services/document_sync.py::log_records@1247","CURRENT"
"HOME.material_state_per_system","home","Home > system cards (ProjectState.systems[].material)","material status/label/approved","Per system: approved / under_review / returned / not_submitted / missing from the submittal register.","enum + label","1 per system","project_state.summary -> materials_by_system","MS.status + MS.reply_code of register rows","DERIVED from project_submittals","backend/app/services/project_state.py::summary@229; ::materials_by_system@122; ::_state_of@98; ::cell_code@86","NOT_APPLICABLE","NONE","cell_code(status, reply_code) per brand; _state_of: approved if any brand approved, else UR, else returned, else not_submitted","ProjectStateService (roadmap Home aggregates domain truth)","CANONICAL = MS.status (register); this is a projection","Home; Drawings requirements (material_approval); actions","Recomputed on every GET /state; actions reconciled and committed on GET","Indirect: engineer edits the register","No submittal -> missing","backend/app/routers/project_state.py::project_state_view@76; backend/app/services/project_state.py::summary@229","CURRENT"
"HOME.shop_drawing_state_per_system","home","Home > system cards (ProjectState.systems[].shop_drawings)","shop drawings total/approved/under_review/returned/status","Per system counts of shop drawing floors by revision status.","counts + enum","0..1 per system","project_state._shop_drawings_by_system -> shop_drawings.summary","SD.revision_status of ShopDrawingRevision rows","DERIVED from project_shop_drawings / shop_drawing_revisions","backend/app/services/project_state.py::_shop_drawings_by_system@204; backend/app/services/shop_drawings.py::summary@855","NOT_APPLICABLE","NONE","under_review if any UR or partial approval; returned; approved when all approved","ProjectStateService over Drawing Processor records","CANONICAL = SD.revision_status","Home","Follows drawing reconciliation (drawings_reconciled_at)","Engineer set_revision_status stands (confirmed_by_id)","Null when drawings not in scope","backend/app/services/project_state.py::_shop_drawings_by_system@204","CURRENT"
"HOME.samples_state_per_system","home","Home > system cards (ProjectState.systems[].samples)","samples total/approved/under_review/returned/status","Per system counts of sample records by status.","counts + enum","1 per system","project_state._documents_by_system over log_records(category=samples)","SMP.status (transmittal/SAR records)","DERIVED from project_documents.extracted.records","backend/app/services/project_state.py::_documents_by_system@168; backend/app/services/document_sync.py::log_records@1247","document_control.parse_page (SAR) + transmittals.read_transmittal","NONE","status UR/SUPERSEDED with an earlier approved superseded -> A (drawing_log.after_approval rule reused for samples)","Sample Processor (proposed; see decisions)","PROPOSED SampleSubmission domain; today extracted records","Home","Follows processing of transmittals/forms","NONE (no sample override mechanism exists)","No records -> not_submitted","backend/app/services/project_state.py::_documents_by_system@168","CURRENT"
"HOME.actions","home","Home > actions list; /actions","ProjectAction (key, kind, text, severity, link, resolved)","What the project is waiting on (missing material submittal, revision needed).","ProjectAction[]","0..N","project_state.reconcile_actions (writes on GET when changed)","register state (_wanted)","backend/app/models.py::ProjectAction@1163","backend/app/services/project_state.py::reconcile_actions@321; backend/app/routers/project_state.py::_actions@57","NOT_APPLICABLE","NONE","Wanted actions from materials_by_system; resolved when state changes","ProjectStateService (event-driven, not on GET)","ProjectAction rows","Home; readiness items","GET /state and /actions reconcile and commit","None (system-derived); resolution text recorded","Empty list","backend/app/routers/project_state.py::_actions@57; query:actions","CURRENT"
"HOME.summary_counts","home","Home > StatCards (submittals/drawings/samples approved/review/returned)","frontend Summary counts","Frontend bucketing of latest-revision status strings into approved/review/rejected.","counts","1 per kind","FRONTEND (ProjectHomePage.summarise/bucket)","ProjectLogs rows (legacy /logs) statuses","DERIVED in browser","frontend/src/pages/ProjectHomePage.tsx::bucket@399; ::summarise@408","NOT_APPLICABLE","NONE","A/ANN/APPROVED* -> approved; RR/REJ/REJECT* -> rejected; else review","ProjectStateService (backend) - frontend must not infer business state (roadmap rule)","CANONICAL: MS.status, SD.revision_status, SMP.status","Home","Follows /logs","None","Empty -> zeros","frontend/src/pages/ProjectHomePage.tsx::bucket@399","DUPLICATE_DERIVATION"
"HOME.readiness","home","Home > ReadinessPanel; BOQ revision issue gate","Readiness.status/checks/boq_ready_for_issue/boq_blockers","Aggregate readiness: documents, coverage, issues, BOQ lines, revisions, candidates, AI verification, battery calculation, compliance.","object","1","readiness.evaluate (on GET)","ExtractionRun, BOQ items, candidates, AiVerification, battery calculation, compliance statements","DERIVED (computed on read)","backend/app/services/readiness.py::evaluate@285; ::_calculations@189; backend/app/routers/readiness.py::project_readiness@65","NOT_APPLICABLE","AI verification check reads stored AiVerification only","Max of check statuses; boq blockers = boq-scope blocked/unknown","ProjectStateService (prepared ReadySummary with dependency versions)","PROPOSED stored readiness projection; today computed","Home; BOQ revisions page; Compliance","Battery check runs _battery_calculation (may persist results) on every readiness read","Indirect","Unknown -> blocks BOQ issue","backend/app/services/readiness.py::evaluate@285","CURRENT"
"SRC.document_id","file_sync","File Sync (sync-summary, sync-files, classification inspector); intake list","ProjectDocument.id","Registry identity of one file occurrence (path) in one project.","int","1","document_sync.sync (new rows) / document_intake.run (drf, design_sheet)","Folder listing / processing","backend/app/models.py::ProjectDocument.id (column)","backend/app/services/document_sync.py::sync@772; backend/app/services/document_intake.py::run@344","stat / hash / parse","NONE","Stored","File Sync (registry) / Document Processing (state)","backend/app/models.py::ProjectDocument.id","File Sync; Documents intake; classification; logs (via records); drawings (via records)","Row survives until removed from folder (state=removed keeps data)","None for registry fields; intake acknowledgement only for findings","NOT_APPLICABLE","backend/app/models.py::ProjectDocument@477","CURRENT"
"SRC.role","file_sync","File Sync (sync-summary, sync-files, classification inspector); intake list","ProjectDocument.role","Processing role: drf, design_sheet, submittal_form, spec, transmittal, document. A routing label, not the canonical type.","enum","1","document_sync.classify_text at processing; intake sets drf/design_sheet","Folder listing / processing","backend/app/models.py::ProjectDocument.role (column)","backend/app/services/document_sync.py::classify_text@159; backend/app/services/document_processing.py::run@208","stat / hash / parse","NONE","Stored","File Sync (registry) / Document Processing (state)","backend/app/models.py::ProjectDocument.role","File Sync; Documents intake; classification; logs (via records); drawings (via records)","Re-decided when the row is processed again","None for registry fields; intake acknowledgement only for findings","Defaults document","backend/app/services/document_sync.py::classify_text@159; backend/app/ai/submittal_reader.py::looks_like_a_form@254; backend/app/services/spec_finder.py::looks_like_a_spec@136","CURRENT"
"SRC.path_relative","file_sync","File Sync (sync-summary, sync-files, classification inspector); intake list","ProjectDocument.path / relative_path / filename","File locator inside the project folder (mutable; not business identity).","path","1","document_sync.listing/sync","Folder listing / processing","backend/app/models.py::ProjectDocument.path / .relative_path / .filename (columns)","backend/app/services/document_sync.py::listing@89; backend/app/services/document_sync.py::sync@772","stat / hash / parse","NONE","Stored","File Sync (registry) / Document Processing (state)","backend/app/models.py::ProjectDocument.path / .relative_path / .filename","File Sync; Documents intake; classification; logs (via records); drawings (via records)","Sync stat","None for registry fields; intake acknowledgement only for findings","NOT_APPLICABLE","backend/app/services/document_sync.py::listing@89","CURRENT"
"SRC.sha256","file_sync","File Sync (sync-summary, sync-files, classification inspector); intake list","ProjectDocument.sha256","Content hash of the file as last read; the key readings and page cache reuse.","sha256","0..1","document_processing.read_task (hash before read); intake sha256_of","Folder listing / processing","backend/app/models.py::ProjectDocument.sha256 (column)","backend/app/services/document_processing.py::read_task@129; backend/app/services/document_intake.py::sha256_of@73","stat / hash / parse","NONE","Stored","File Sync (registry) / Document Processing (state)","backend/app/models.py::ProjectDocument.sha256","File Sync; Documents intake; classification; logs (via records); drawings (via records)","Set when processed; a changed file keeps the old hash until re-read (pending)","None for registry fields; intake acknowledgement only for findings","Null until read (online-only stays unhashed)","backend/app/services/document_processing.py::read_task@129","CURRENT"
"SRC.size_mtime","file_sync","File Sync (sync-summary, sync-files, classification inspector); intake list","ProjectDocument.size / mtime","Metadata signature from the sync stat.","int/float","0..1","document_sync.sync","Folder listing / processing","backend/app/models.py::ProjectDocument.size / .mtime (columns)","backend/app/services/document_sync.py::sync@772","stat / hash / parse","NONE","Stored","File Sync (registry) / Document Processing (state)","backend/app/models.py::ProjectDocument.size / .mtime","File Sync; Documents intake; classification; logs (via records); drawings (via records)","Every sync","None for registry fields; intake acknowledgement only for findings","NOT_APPLICABLE","backend/app/services/document_sync.py::sync@772","CURRENT"
"DOC.state","file_sync","File Sync (sync-summary, sync-files, classification inspector); intake list","ProjectDocument.state","Processing progress: fresh, pending, processing, failed, stale (intake), removed.","enum","1","document_sync.sync (pending/removed/stale) and document_processing.run (processing/fresh/failed)","Folder listing / processing","backend/app/models.py::ProjectDocument.state (column)","backend/app/services/document_sync.py::sync@772; backend/app/services/document_processing.py::run@208","stat / hash / parse","NONE","Stored","File Sync (registry) / Document Processing (state)","backend/app/models.py::ProjectDocument.state","File Sync; Documents intake; classification; logs (via records); drawings (via records)","Per sync/processing","None for registry fields; intake acknowledgement only for findings","Unread = pending","backend/app/services/document_sync.py@69 (state constants); backend/app/services/document_processing.py::run@208","CURRENT"
"DOC.error","file_sync","File Sync (sync-summary, sync-files, classification inspector); intake list","ProjectDocument.error","Last processing error text.","text","0..1","document_processing.run","Folder listing / processing","backend/app/models.py::ProjectDocument.error (column)","backend/app/services/document_processing.py::run@208","NOT_APPLICABLE","NONE","Stored","File Sync (registry) / Document Processing (state)","backend/app/models.py::ProjectDocument.error","File Sync; Documents intake; classification; logs (via records); drawings (via records)","Cleared on success","None for registry fields; intake acknowledgement only for findings","Null","backend/app/services/document_processing.py::run@208","CURRENT"
"DOC.index_version","file_sync","File Sync (sync-summary, sync-files, classification inspector); intake list","ProjectDocument.index_version","INDEX_VERSION the reading was made under (re-read all when bumped).","string","0..1","document_sync.process","Folder listing / processing","backend/app/models.py::ProjectDocument.index_version (column)","backend/app/services/document_sync.py::process@326; backend/app/services/document_sync.py@50 INDEX_VERSION","NOT_APPLICABLE","NONE","Stored","File Sync (registry) / Document Processing (state)","backend/app/models.py::ProjectDocument.index_version","File Sync; Documents intake; classification; logs (via records); drawings (via records)","Bump re-reads every project","None for registry fields; intake acknowledgement only for findings","Null before first read","backend/app/services/document_sync.py@50","CURRENT"
"DOC.parser_version","file_sync","File Sync (sync-summary, sync-files, classification inspector); intake list","extracted JSON key parser_version","PARSER_VERSION of the stored records. NOT a column: a key of the extracted JSON (none persisted locally).","string","0..1","document_sync.process (writes the key at line 351)","Folder listing / processing","json:project_documents.extracted $.parser_version (no ProjectDocument column; ProjectBoqItem.parser_version@463, BoqCandidate.parser_version@841 and ExtractionRun.parser_version@1290 are BOQ columns, unrelated)","backend/app/services/document_sync.py::process@326; backend/app/services/document_control.py::PARSER_VERSION@346; backend/app/services/document_processing.py::parser_current@197 (reader)","NOT_APPLICABLE","NONE","Stored","File Sync (registry) / Document Processing (state)","json:project_documents.extracted $.parser_version","File Sync; Documents intake; classification; logs (via records); drawings (via records)","Current: a reading whose key differs from PARSER_VERSION is re-read on next processing (parser_current). Target: the same key is a version in the dependency vector","None for registry fields; intake acknowledgement only for findings","None on all 890 local rows (query:parser_storage)","backend/app/services/document_sync.py::process@326; backend/app/services/document_processing.py::parser_current@197; query:parser_storage","CURRENT"
"DOC.last_processed_at","file_sync","File Sync (sync-summary, sync-files, classification inspector); intake list","ProjectDocument.last_processed_at","When the reading was written.","datetime","0..1","document_sync.process / _copy_reading","Folder listing / processing","backend/app/models.py::ProjectDocument.last_processed_at (column)","backend/app/services/document_sync.py::process@326","NOT_APPLICABLE","NONE","Stored","File Sync (registry) / Document Processing (state)","backend/app/models.py::ProjectDocument.last_processed_at","File Sync; Documents intake; classification; logs (via records); drawings (via records)","NOT_APPLICABLE","None for registry fields; intake acknowledgement only for findings","Null","backend/app/services/document_sync.py::process@326","CURRENT"
"DOC.records","file_sync","Logs (all registers); Drawings (reconcile input); Home samples; Material log fallback; classification (content)","extracted.records[] (category, reference, revision, status, system_code, name, floor, page, source, listed, reply_text)","The document-control records read off the pages: the raw extracted evidence every register is built from.","ControlledDocument[] as JSON","0..N","document_processing.run -> document_sync.process -> document_control.read_open_pdf/parse_page (+ transmittals.read_transmittal; + record_for_the_log for AI form readings)","PDF text layer, OCR, boxes/annotations, Word transmittals","json:project_documents.extracted $.records[] (column backend/app/models.py::ProjectDocument.extracted@534)","backend/app/services/document_control.py::parse_page@826; backend/app/services/document_control.py::read_open_pdf@1028; backend/app/services/document_control.py::submission_cover; backend/app/services/transmittals.py::read_transmittal@135; backend/app/services/document_sync.py::record_for_the_log@273","REF grammar, submission_cover, REV/FOLDER_REV, read_decision/boxed_decision/annotated_decision, title_block, floor_name, SYSTEMS","Form reading (submittal_reader.read_form) supplies a stand-in submittals record","Per page; combined later by document_control.combine (never stored)","Document Processing (extraction) - raw evidence layer; domain processors consume, tabs do not","ProjectDocument.extracted.records (evidence, not domain truth)","logs; shop_drawings.reconcile; project_state.summary; sample_board_checks; classification.assess; submittal_replies","Re-read on file change, INDEX_VERSION bump, parser version (new); repair tool","NONE at record level (repair tool rewrites records; engineer overrides live in domain tables)","Empty list = nothing read; notes explain unreadable/online-only","backend/app/services/document_control.py::parse_page@826; backend/app/services/document_sync.py::process@326; query:records","CURRENT"
"DOC.form_reading","file_sync","Material submittal map/register; classification","extracted.form (is_submittal, reference, revision, title, system, supplier, manufacturer, reply{present,from_consultant,status,code,evidence})","The AI's reading of a material submittal form (stored per content sha in document_readings).","object","0..1","document_processing AI stage -> submittal_reader.read_form -> apply_form_reading","Form page images","backend/app/models.py::DocumentReading@1398 (one per content sha) + json:project_documents.extracted $.form (column backend/app/models.py::ProjectDocument.extracted@534) + backend/app/models.py::ProjectDocument.reading_id","backend/app/ai/submittal_reader.py::read_form@381; backend/app/services/document_processing.py::run@208 (AI stage)","Vision model prompt","REQUIRED (paid AI; project ai_policy)","Stored once per sha; reused","Material Submittal Processor (consumes form reading as evidence)","DocumentReading (existing) as evidence; register is truth","submittal map build; register sync; classification; logs material stand-in record","Content sha; cannot be re-asked without a new sha","None on the reading; register rows are edited instead","Absent when AI off/blocked/budget out","backend/app/ai/submittal_reader.py::read_form@381; backend/app/services/document_sync.py::record_for_the_log@273","CURRENT"
"DOC.evidence","file_sync","Classification inspector (evidence pages); classification.assess","extracted.evidence (findings[kind,page,excerpt,method,grade,version,content_sha256], pages_read, page_count)","Bounded page evidence of what the first pages contain (new; none persisted locally).","object","0..1","document_sync.extract -> content_evidence.scan_pdf","First 3 pages' text + cached OCR","json:project_documents.extracted $.evidence (column backend/app/models.py::ProjectDocument.extracted@534)","backend/app/services/content_evidence.py::scan_pdf@147; ::scan_texts","Regex kinds, graded title/strong/weak","NONE","Stored per reading","Document Processing (evidence layer)","extracted.evidence","classification.assess; inspector","EVIDENCE_VERSION; re-read","None","None on all 890 local rows (query:evidence_versions)","backend/app/services/content_evidence.py::scan_pdf@147; query:evidence_versions","CURRENT"
"DOC.notes","file_sync","File Sync file status/reason","extracted.notes[] -> FileSyncFile.status/reason","Reading notes: online-only, unreadable, OCR limits, partial.","string[]","0..N","document_control.read_open_pdf / open_failure_notes","reader","json:project_documents.extracted $.notes[] (column backend/app/models.py::ProjectDocument.extracted@534)","backend/app/services/document_control.py::describe_note@1179; backend/app/services/document_sync.py::file_status@1057","NOT_APPLICABLE","NONE","file_status maps notes to processed/unchanged/pending/partial/unavailable/failed","Document Processing","extracted.notes","File Sync","Per read","None","Empty","backend/app/services/document_sync.py::file_status@1057","CURRENT"
"DOC.dependencies","file_sync","File Sync /documents/status stale list; BOQ/compliance/log staleness","DocumentDependency (dependent_type, dependent_id, reason, last_validated_sha256, stale)","What was built from a document, and whether it is stale because the source changed.","rows","0..N","document_sync.depend / mark_stale / settle_from / settle","processing and intake watch","backend/app/models.py::DocumentDependency@588","backend/app/services/document_sync.py::depend@179; ::mark_stale; ::settle_from; ::stale_dependencies","NOT_APPLICABLE","NONE","Hash comparison only (not parser/rules versions)","Dependency engine (M7) with version vectors","DocumentDependency rows (extend with versions)","File Sync status; BOQ readiness; compliance; logs","Content sha only","None","All 556 local rows stale=0 (query:deps)","backend/app/services/document_sync.py::depend@179; query:deps","CURRENT"
"SYNC.summary","file_sync","File Sync header, counts, processing card","FileSyncSummary/FileSyncProcessing/DocumentStatus (synced_at, counts by status, pending, jobs, worker_running)","Sync/processing progress and per-status counts.","object","1","document_sync.sync_summary / document_status (derived from rows + jobs + workers)","ProjectDocument rows, BackgroundJob, BackgroundWorker, Project.documents_synced_at","backend/app/models.py::Project.documents_synced_at@187; backend/app/models.py::BackgroundJob@912","backend/app/routers/documents.py::document_status@74; ::sync_summary@245; ::sync_files@262","NOT_APPLICABLE","NONE","Counts","File Sync (as is)","Derived from registry + job tables","File Sync; Home SyncDocumentsCard","Live","NOT_APPLICABLE","Not synced -> nulls","backend/app/routers/documents.py::document_status@74","CURRENT"
"DOCS.intake_row","documents","Documents tab (DocumentIntakePanel via GET /documents/intake)","DocumentIntake (id, role, system_code, filename, sha256, size, mime, page_count, printed_pages, intake_status, findings, acknowledged, checked_at, intake_version)","Intake validation of the DRF and Design Sheets: present, readable, whole, this project's, inside the folder, not attached twice.","object","0..N","document_intake.run (POST intake) writes rows/findings; list_intake reads","Project.drf_document_path + ProjectDesignSheet paths (project_documents)","backend/app/models.py::ProjectDocument@477 (intake_status, findings, acknowledged, printed_pages, intake_version)","backend/app/routers/readiness.py::list_intake@74; ::run_intake@85; backend/app/services/document_intake.py::run@344; ::check@232","PDF open, page count, printed page numbers (OCR strips), EP numbers on page","NONE","list_intake returns EVERY project_documents row of the project, not only drf/design_sheet (prior-audit finding re-verified at readiness.py:74-83)","SourceDocumentService (roadmap): DRF + system Design Sheets only; File Sync remains the broader registry","PROPOSED SourceDocument projection over ProjectDocument role in (drf, design_sheet) + associations; existing rows kept","Documents tab; readiness _documents check","Intake version; re-run on demand; sync watch marks stale","Acknowledge a finding (acknowledge_finding) with reason; recorded with by_name/at","Unchecked until intake runs","backend/app/routers/readiness.py::list_intake@74; backend/app/services/document_intake.py::acknowledge@413","CURRENT"
"DOCS.printed_pages","documents","Documents tab (page completeness)","printed_pages {numbers, declared_totals, ocr}","Printed page numbers vs declared totals for completeness findings.","object","0..1","document_intake.printed_pages","page text / OCR strips","backend/app/models.py::ProjectDocument.printed_pages@507","backend/app/services/document_intake.py::printed_pages@114; ::_ocr_strips@135","Regex on 'Page x of y' strips; OCR fallback","NONE","Stored","SourceDocumentService","ProjectDocument.printed_pages","Documents; intake findings","Intake version","Acknowledge finding","Null when unreadable","backend/app/services/document_intake.py::printed_pages@114","CURRENT"
"BOQ.system_code","boq_design_sheet","BOQ editor (ProjectBoqPage), grouped view, export; Materials; Calculations; Compliance","system_code","System the line belongs to (from the sheet or the design sheet's system).","string","0..1","projects._extract_boq (one-off Design Sheet read) + engineer edits (replace_project_boq) + candidate apply + issue accept","Design Sheet PDF via sheet_reader (AI) with row geometry; engineer","backend/app/models.py::ProjectBoqItem.system_code","backend/app/routers/projects.py::_extract_boq@856; backend/app/routers/projects.py::replace_project_boq@674; backend/app/services/boq_provenance.py::extracted_item@40; backend/app/services/boq_candidates.py::apply@237","sheet_reader.read_design_sheet (bands, row strips, combine) + row_geometry + part_catalog canonicalisation","REQUIRED for extraction (vision model); AI verification optional (verification.py)","Stored line with provenance (origin, extraction_run_id, source_page/region, raw_values, extracted_values, parser_version, ai_check)","BOQ Processor (roadmap) - dedicated Design Sheet workflow retained","ProjectBoqItem (existing)","BOQ; Materials (aggregation by part); Battery (panel groups); Compliance (boq_hash); Floor schedule check; Submittal materials; Readiness","Design Sheet change -> boq dependency stale; boq_version bumps on every write; snapshots on candidate apply","Engineer edits lines in the BOQ editor (PUT /projects/{id}/boq with If-Match boq_version); an edit sets origin=corrected and keeps extracted_values; re-read candidates never overwrite a corrected line without an explicit apply decision (boq_candidates.apply); issue accept/reject records outcomes (extraction_pipeline.accept_issue).","Empty BOQ when no sheets or read failed (boq_extraction_warnings); quantity parse status 'empty/ambiguous/rejected' kept","backend/app/models.py::ProjectBoqItem@395; backend/app/routers/projects.py::_extract_boq@856","CURRENT"
"BOQ.group_heading","boq_design_sheet","BOQ editor (ProjectBoqPage), grouped view, export; Materials; Calculations; Compliance","group_heading","Panel/group heading the line sits under on the sheet.","string","0..1","projects._extract_boq (one-off Design Sheet read) + engineer edits (replace_project_boq) + candidate apply + issue accept","Design Sheet PDF via sheet_reader (AI) with row geometry; engineer","backend/app/models.py::ProjectBoqItem.group_heading","backend/app/routers/projects.py::_extract_boq@856; backend/app/routers/projects.py::replace_project_boq@674; backend/app/services/boq_provenance.py::extracted_item@40; backend/app/services/boq_candidates.py::apply@237","sheet_reader.read_design_sheet (bands, row strips, combine) + row_geometry + part_catalog canonicalisation","REQUIRED for extraction (vision model); AI verification optional (verification.py)","Stored line with provenance (origin, extraction_run_id, source_page/region, raw_values, extracted_values, parser_version, ai_check)","BOQ Processor (roadmap) - dedicated Design Sheet workflow retained","ProjectBoqItem (existing)","BOQ; Materials (aggregation by part); Battery (panel groups); Compliance (boq_hash); Floor schedule check; Submittal materials; Readiness","Design Sheet change -> boq dependency stale; boq_version bumps on every write; snapshots on candidate apply","Engineer edits lines in the BOQ editor (PUT /projects/{id}/boq with If-Match boq_version); an edit sets origin=corrected and keeps extracted_values; re-read candidates never overwrite a corrected line without an explicit apply decision (boq_candidates.apply); issue accept/reject records outcomes (extraction_pipeline.accept_issue).","Empty BOQ when no sheets or read failed (boq_extraction_warnings); quantity parse status 'empty/ambiguous/rejected' kept","backend/app/models.py::ProjectBoqItem@395; backend/app/routers/projects.py::_extract_boq@856","CURRENT"
"BOQ.manufacturer","boq_design_sheet","BOQ editor (ProjectBoqPage), grouped view, export; Materials; Calculations; Compliance","manufacturer","Brand of the line.","string","0..1","projects._extract_boq (one-off Design Sheet read) + engineer edits (replace_project_boq) + candidate apply + issue accept","Design Sheet PDF via sheet_reader (AI) with row geometry; engineer","backend/app/models.py::ProjectBoqItem.manufacturer","backend/app/routers/projects.py::_extract_boq@856; backend/app/routers/projects.py::replace_project_boq@674; backend/app/services/boq_provenance.py::extracted_item@40; backend/app/services/boq_candidates.py::apply@237","sheet_reader.read_design_sheet (bands, row strips, combine) + row_geometry + part_catalog canonicalisation","REQUIRED for extraction (vision model); AI verification optional (verification.py)","Stored line with provenance (origin, extraction_run_id, source_page/region, raw_values, extracted_values, parser_version, ai_check)","BOQ Processor (roadmap) - dedicated Design Sheet workflow retained","ProjectBoqItem (existing)","BOQ; Materials (aggregation by part); Battery (panel groups); Compliance (boq_hash); Floor schedule check; Submittal materials; Readiness","Design Sheet change -> boq dependency stale; boq_version bumps on every write; snapshots on candidate apply","Engineer edits lines in the BOQ editor (PUT /projects/{id}/boq with If-Match boq_version); an edit sets origin=corrected and keeps extracted_values; re-read candidates never overwrite a corrected line without an explicit apply decision (boq_candidates.apply); issue accept/reject records outcomes (extraction_pipeline.accept_issue).","Empty BOQ when no sheets or read failed (boq_extraction_warnings); quantity parse status 'empty/ambiguous/rejected' kept","backend/app/models.py::ProjectBoqItem@395; backend/app/routers/projects.py::_extract_boq@856","CURRENT"
"BOQ.catalog_no","boq_design_sheet","BOQ editor (ProjectBoqPage), grouped view, export; Materials; Calculations; Compliance","catalog_no","Part number as read (raw).","string","0..1","projects._extract_boq (one-off Design Sheet read) + engineer edits (replace_project_boq) + candidate apply + issue accept","Design Sheet PDF via sheet_reader (AI) with row geometry; engineer","backend/app/models.py::ProjectBoqItem.catalog_no","backend/app/routers/projects.py::_extract_boq@856; backend/app/routers/projects.py::replace_project_boq@674; backend/app/services/boq_provenance.py::extracted_item@40; backend/app/services/boq_candidates.py::apply@237","sheet_reader.read_design_sheet (bands, row strips, combine) + row_geometry + part_catalog canonicalisation","REQUIRED for extraction (vision model); AI verification optional (verification.py)","Stored line with provenance (origin, extraction_run_id, source_page/region, raw_values, extracted_values, parser_version, ai_check)","BOQ Processor (roadmap) - dedicated Design Sheet workflow retained","ProjectBoqItem (existing)","BOQ; Materials (aggregation by part); Battery (panel groups); Compliance (boq_hash); Floor schedule check; Submittal materials; Readiness","Design Sheet change -> boq dependency stale; boq_version bumps on every write; snapshots on candidate apply","Engineer edits lines in the BOQ editor (PUT /projects/{id}/boq with If-Match boq_version); an edit sets origin=corrected and keeps extracted_values; re-read candidates never overwrite a corrected line without an explicit apply decision (boq_candidates.apply); issue accept/reject records outcomes (extraction_pipeline.accept_issue).","Empty BOQ when no sheets or read failed (boq_extraction_warnings); quantity parse status 'empty/ambiguous/rejected' kept","backend/app/models.py::ProjectBoqItem@395; backend/app/routers/projects.py::_extract_boq@856","CURRENT"
"BOQ.catalog_canonical","boq_design_sheet","BOQ editor (ProjectBoqPage), grouped view, export; Materials; Calculations; Compliance","catalog_canonical","Part number as the library or sheet spells it; how it matched (part_catalog).","string + object","0..1","projects._extract_boq (one-off Design Sheet read) + engineer edits (replace_project_boq) + candidate apply + issue accept","Design Sheet PDF via sheet_reader (AI) with row geometry; engineer","backend/app/models.py::ProjectBoqItem.catalog_canonical / catalog_match","backend/app/routers/projects.py::_extract_boq@856; backend/app/routers/projects.py::replace_project_boq@674; backend/app/services/boq_provenance.py::extracted_item@40; backend/app/services/boq_candidates.py::apply@237","sheet_reader.read_design_sheet (bands, row strips, combine) + row_geometry + part_catalog canonicalisation","REQUIRED for extraction (vision model); AI verification optional (verification.py)","Stored line with provenance (origin, extraction_run_id, source_page/region, raw_values, extracted_values, parser_version, ai_check)","BOQ Processor (roadmap) - dedicated Design Sheet workflow retained","ProjectBoqItem (existing)","BOQ; Materials (aggregation by part); Battery (panel groups); Compliance (boq_hash); Floor schedule check; Submittal materials; Readiness","Design Sheet change -> boq dependency stale; boq_version bumps on every write; snapshots on candidate apply","Engineer edits lines in the BOQ editor (PUT /projects/{id}/boq with If-Match boq_version); an edit sets origin=corrected and keeps extracted_values; re-read candidates never overwrite a corrected line without an explicit apply decision (boq_candidates.apply); issue accept/reject records outcomes (extraction_pipeline.accept_issue).","Empty BOQ when no sheets or read failed (boq_extraction_warnings); quantity parse status 'empty/ambiguous/rejected' kept","backend/app/models.py::ProjectBoqItem@395; backend/app/routers/projects.py::_extract_boq@856","CURRENT"
"BOQ.description","boq_design_sheet","BOQ editor (ProjectBoqPage), grouped view, export; Materials; Calculations; Compliance","description","Line description.","text","1","projects._extract_boq (one-off Design Sheet read) + engineer edits (replace_project_boq) + candidate apply + issue accept","Design Sheet PDF via sheet_reader (AI) with row geometry; engineer","backend/app/models.py::ProjectBoqItem.description","backend/app/routers/projects.py::_extract_boq@856; backend/app/routers/projects.py::replace_project_boq@674; backend/app/services/boq_provenance.py::extracted_item@40; backend/app/services/boq_candidates.py::apply@237","sheet_reader.read_design_sheet (bands, row strips, combine) + row_geometry + part_catalog canonicalisation","REQUIRED for extraction (vision model); AI verification optional (verification.py)","Stored line with provenance (origin, extraction_run_id, source_page/region, raw_values, extracted_values, parser_version, ai_check)","BOQ Processor (roadmap) - dedicated Design Sheet workflow retained","ProjectBoqItem (existing)","BOQ; Materials (aggregation by part); Battery (panel groups); Compliance (boq_hash); Floor schedule check; Submittal materials; Readiness","Design Sheet change -> boq dependency stale; boq_version bumps on every write; snapshots on candidate apply","Engineer edits lines in the BOQ editor (PUT /projects/{id}/boq with If-Match boq_version); an edit sets origin=corrected and keeps extracted_values; re-read candidates never overwrite a corrected line without an explicit apply decision (boq_candidates.apply); issue accept/reject records outcomes (extraction_pipeline.accept_issue).","Empty BOQ when no sheets or read failed (boq_extraction_warnings); quantity parse status 'empty/ambiguous/rejected' kept","backend/app/models.py::ProjectBoqItem@395; backend/app/routers/projects.py::_extract_boq@856","CURRENT"
"BOQ.quantity","boq_design_sheet","BOQ editor (ProjectBoqPage), grouped view, export; Materials; Calculations; Compliance","quantity","Quantity text ('Lot' allowed) with parse status.","string","0..1","projects._extract_boq (one-off Design Sheet read) + engineer edits (replace_project_boq) + candidate apply + issue accept","Design Sheet PDF via sheet_reader (AI) with row geometry; engineer","backend/app/models.py::ProjectBoqItem.quantity (+ raw_values.quantity_parse)","backend/app/routers/projects.py::_extract_boq@856; backend/app/routers/projects.py::replace_project_boq@674; backend/app/services/boq_provenance.py::extracted_item@40; backend/app/services/boq_candidates.py::apply@237","sheet_reader.read_design_sheet (bands, row strips, combine) + row_geometry + part_catalog canonicalisation","REQUIRED for extraction (vision model); AI verification optional (verification.py)","Stored line with provenance (origin, extraction_run_id, source_page/region, raw_values, extracted_values, parser_version, ai_check)","BOQ Processor (roadmap) - dedicated Design Sheet workflow retained","ProjectBoqItem (existing)","BOQ; Materials (aggregation by part); Battery (panel groups); Compliance (boq_hash); Floor schedule check; Submittal materials; Readiness","Design Sheet change -> boq dependency stale; boq_version bumps on every write; snapshots on candidate apply","Engineer edits lines in the BOQ editor (PUT /projects/{id}/boq with If-Match boq_version); an edit sets origin=corrected and keeps extracted_values; re-read candidates never overwrite a corrected line without an explicit apply decision (boq_candidates.apply); issue accept/reject records outcomes (extraction_pipeline.accept_issue).","Empty BOQ when no sheets or read failed (boq_extraction_warnings); quantity parse status 'empty/ambiguous/rejected' kept","backend/app/models.py::ProjectBoqItem@395; backend/app/routers/projects.py::_extract_boq@856","CURRENT"
"BOQ.unit","boq_design_sheet","BOQ editor (ProjectBoqPage), grouped view, export; Materials; Calculations; Compliance","unit","Unit.","string","0..1","projects._extract_boq (one-off Design Sheet read) + engineer edits (replace_project_boq) + candidate apply + issue accept","Design Sheet PDF via sheet_reader (AI) with row geometry; engineer","backend/app/models.py::ProjectBoqItem.unit","backend/app/routers/projects.py::_extract_boq@856; backend/app/routers/projects.py::replace_project_boq@674; backend/app/services/boq_provenance.py::extracted_item@40; backend/app/services/boq_candidates.py::apply@237","sheet_reader.read_design_sheet (bands, row strips, combine) + row_geometry + part_catalog canonicalisation","REQUIRED for extraction (vision model); AI verification optional (verification.py)","Stored line with provenance (origin, extraction_run_id, source_page/region, raw_values, extracted_values, parser_version, ai_check)","BOQ Processor (roadmap) - dedicated Design Sheet workflow retained","ProjectBoqItem (existing)","BOQ; Materials (aggregation by part); Battery (panel groups); Compliance (boq_hash); Floor schedule check; Submittal materials; Readiness","Design Sheet change -> boq dependency stale; boq_version bumps on every write; snapshots on candidate apply","Engineer edits lines in the BOQ editor (PUT /projects/{id}/boq with If-Match boq_version); an edit sets origin=corrected and keeps extracted_values; re-read candidates never overwrite a corrected line without an explicit apply decision (boq_candidates.apply); issue accept/reject records outcomes (extraction_pipeline.accept_issue).","Empty BOQ when no sheets or read failed (boq_extraction_warnings); quantity parse status 'empty/ambiguous/rejected' kept","backend/app/models.py::ProjectBoqItem@395; backend/app/routers/projects.py::_extract_boq@856","CURRENT"
"BOQ.unit_price_total_price","boq_design_sheet","BOQ editor (ProjectBoqPage), grouped view, export; Materials; Calculations; Compliance","unit_price_total_price","Prices (engineer-entered; not extracted).","decimal","0..1","projects._extract_boq (one-off Design Sheet read) + engineer edits (replace_project_boq) + candidate apply + issue accept","Design Sheet PDF via sheet_reader (AI) with row geometry; engineer","backend/app/models.py::ProjectBoqItem.unit_price / total_price","backend/app/routers/projects.py::_extract_boq@856; backend/app/routers/projects.py::replace_project_boq@674; backend/app/services/boq_provenance.py::extracted_item@40; backend/app/services/boq_candidates.py::apply@237","sheet_reader.read_design_sheet (bands, row strips, combine) + row_geometry + part_catalog canonicalisation","REQUIRED for extraction (vision model); AI verification optional (verification.py)","Stored line with provenance (origin, extraction_run_id, source_page/region, raw_values, extracted_values, parser_version, ai_check)","BOQ Processor (roadmap) - dedicated Design Sheet workflow retained","ProjectBoqItem (existing)","BOQ; Materials (aggregation by part); Battery (panel groups); Compliance (boq_hash); Floor schedule check; Submittal materials; Readiness","Design Sheet change -> boq dependency stale; boq_version bumps on every write; snapshots on candidate apply","Engineer edits lines in the BOQ editor (PUT /projects/{id}/boq with If-Match boq_version); an edit sets origin=corrected and keeps extracted_values; re-read candidates never overwrite a corrected line without an explicit apply decision (boq_candidates.apply); issue accept/reject records outcomes (extraction_pipeline.accept_issue).","Empty BOQ when no sheets or read failed (boq_extraction_warnings); quantity parse status 'empty/ambiguous/rejected' kept","backend/app/models.py::ProjectBoqItem@395; backend/app/routers/projects.py::_extract_boq@856","CURRENT"
"BOQ.remarks","boq_design_sheet","BOQ editor (ProjectBoqPage), grouped view, export; Materials; Calculations; Compliance","remarks","Remarks.","text","0..1","projects._extract_boq (one-off Design Sheet read) + engineer edits (replace_project_boq) + candidate apply + issue accept","Design Sheet PDF via sheet_reader (AI) with row geometry; engineer","backend/app/models.py::ProjectBoqItem.remarks","backend/app/routers/projects.py::_extract_boq@856; backend/app/routers/projects.py::replace_project_boq@674; backend/app/services/boq_provenance.py::extracted_item@40; backend/app/services/boq_candidates.py::apply@237","sheet_reader.read_design_sheet (bands, row strips, combine) + row_geometry + part_catalog canonicalisation","REQUIRED for extraction (vision model); AI verification optional (verification.py)","Stored line with provenance (origin, extraction_run_id, source_page/region, raw_values, extracted_values, parser_version, ai_check)","BOQ Processor (roadmap) - dedicated Design Sheet workflow retained","ProjectBoqItem (existing)","BOQ; Materials (aggregation by part); Battery (panel groups); Compliance (boq_hash); Floor schedule check; Submittal materials; Readiness","Design Sheet change -> boq dependency stale; boq_version bumps on every write; snapshots on candidate apply","Engineer edits lines in the BOQ editor (PUT /projects/{id}/boq with If-Match boq_version); an edit sets origin=corrected and keeps extracted_values; re-read candidates never overwrite a corrected line without an explicit apply decision (boq_candidates.apply); issue accept/reject records outcomes (extraction_pipeline.accept_issue).","Empty BOQ when no sheets or read failed (boq_extraction_warnings); quantity parse status 'empty/ambiguous/rejected' kept","backend/app/models.py::ProjectBoqItem@395; backend/app/routers/projects.py::_extract_boq@856","CURRENT"
"BOQ.building","boq_design_sheet","BOQ editor (ProjectBoqPage), grouped view, export; Materials; Calculations; Compliance","building","Building the sheet quotes the line for.","string","0..1","projects._extract_boq (one-off Design Sheet read) + engineer edits (replace_project_boq) + candidate apply + issue accept","Design Sheet PDF via sheet_reader (AI) with row geometry; engineer","backend/app/models.py::ProjectBoqItem.building","backend/app/routers/projects.py::_extract_boq@856; backend/app/routers/projects.py::replace_project_boq@674; backend/app/services/boq_provenance.py::extracted_item@40; backend/app/services/boq_candidates.py::apply@237","sheet_reader.read_design_sheet (bands, row strips, combine) + row_geometry + part_catalog canonicalisation","REQUIRED for extraction (vision model); AI verification optional (verification.py)","Stored line with provenance (origin, extraction_run_id, source_page/region, raw_values, extracted_values, parser_version, ai_check)","BOQ Processor (roadmap) - dedicated Design Sheet workflow retained","ProjectBoqItem (existing)","BOQ; Materials (aggregation by part); Battery (panel groups); Compliance (boq_hash); Floor schedule check; Submittal materials; Readiness","Design Sheet change -> boq dependency stale; boq_version bumps on every write; snapshots on candidate apply","Engineer edits lines in the BOQ editor (PUT /projects/{id}/boq with If-Match boq_version); an edit sets origin=corrected and keeps extracted_values; re-read candidates never overwrite a corrected line without an explicit apply decision (boq_candidates.apply); issue accept/reject records outcomes (extraction_pipeline.accept_issue).","Empty BOQ when no sheets or read failed (boq_extraction_warnings); quantity parse status 'empty/ambiguous/rejected' kept","backend/app/models.py::ProjectBoqItem@395; backend/app/routers/projects.py::_extract_boq@856","CURRENT"
"BOQ.position","boq_design_sheet","BOQ editor (ProjectBoqPage), grouped view, export; Materials; Calculations; Compliance","position","Display order.","int","0..1","projects._extract_boq (one-off Design Sheet read) + engineer edits (replace_project_boq) + candidate apply + issue accept","Design Sheet PDF via sheet_reader (AI) with row geometry; engineer","backend/app/models.py::ProjectBoqItem.position","backend/app/routers/projects.py::_extract_boq@856; backend/app/routers/projects.py::replace_project_boq@674; backend/app/services/boq_provenance.py::extracted_item@40; backend/app/services/boq_candidates.py::apply@237","sheet_reader.read_design_sheet (bands, row strips, combine) + row_geometry + part_catalog canonicalisation","REQUIRED for extraction (vision model); AI verification optional (verification.py)","Stored line with provenance (origin, extraction_run_id, source_page/region, raw_values, extracted_values, parser_version, ai_check)","BOQ Processor (roadmap) - dedicated Design Sheet workflow retained","ProjectBoqItem (existing)","BOQ; Materials (aggregation by part); Battery (panel groups); Compliance (boq_hash); Floor schedule check; Submittal materials; Readiness","Design Sheet change -> boq dependency stale; boq_version bumps on every write; snapshots on candidate apply","Engineer edits lines in the BOQ editor (PUT /projects/{id}/boq with If-Match boq_version); an edit sets origin=corrected and keeps extracted_values; re-read candidates never overwrite a corrected line without an explicit apply decision (boq_candidates.apply); issue accept/reject records outcomes (extraction_pipeline.accept_issue).","Empty BOQ when no sheets or read failed (boq_extraction_warnings); quantity parse status 'empty/ambiguous/rejected' kept","backend/app/models.py::ProjectBoqItem@395; backend/app/routers/projects.py::_extract_boq@856","CURRENT"
"BOQ.origin_status","boq_design_sheet","BOQ editor line status badge","origin -> BoqLineStatus (extracted|corrected|ai_accepted|review_accepted|manual|legacy)","Where a line came from.","enum","1","boq_provenance.item_record / extract / edit paths","provenance","backend/app/models.py::ProjectBoqItem.origin@453","backend/app/services/boq_provenance.py::item_record@140; ::is_corrected@133","NOT_APPLICABLE","NOT_APPLICABLE","Stored","BOQ Processor","ProjectBoqItem.origin","BOQ; readiness","NOT_APPLICABLE","Set by the write path","legacy for pre-provenance rows","backend/app/services/boq_provenance.py::item_record@140","CURRENT"
"BOQ.ai_check","boq_design_sheet","BOQ editor (AiVerificationPanel); readiness","ai_check {status, verification_id, at, reason}; AiVerification","The AI verification verdict per line against the sheet.","object","0..1","verification router (POST ensure / job ai-verify) writes AiVerification and item.ai_check","Sheet images + BOQ lines","backend/app/models.py::ProjectBoqItem.ai_check@474; backend/app/models.py::AiVerification@873","backend/app/routers/verification.py; backend/app/ai/verification.py","Row verification prompts (tier strips, close-up)","REQUIRED","Stored per verification","BOQ Processor (verification as evidence)","AiVerification rows","BOQ; readiness _ai_verification","stale flag on AiVerification when BOQ changes","Undo verification; accept/correct per item","Absent when AI off","backend/app/routers/verification.py","CURRENT"
"BOQ.extraction_runs_issues","boq_design_sheet","BOQ ExtractionReview (GET /extraction); readiness coverage/issues","ExtractionRun (kind, document, system, outcome, lines_accepted, coverage, state, reader, notes) + ExtractionIssue (code, severity, page, target, state, proposals)","Provenance and open questions of each Design Sheet read.","rows","0..N","extraction_pipeline.record_design_sheet_run; sheet_reader stages","read outcomes","backend/app/models.py::ExtractionRun@1280; backend/app/models.py::ExtractionIssue@1319; backend/app/models.py::AiProposal@1345","backend/app/extraction/pipeline.py::record_design_sheet_run@76; ::accept_issue@485; backend/app/routers/extraction.py::get_extraction@165","Issues from combine stage (ReviewReason codes)","Proposals from AI assist (explicit)","Stored","BOQ Processor","ExtractionRun/ExtractionIssue","BOQ; readiness","Per run","accept_issue / reject_issue record outcomes","No runs -> coverage unknown","backend/app/extraction/pipeline.py::record_design_sheet_run@76","CURRENT"
"BOQ.boq_version","boq_design_sheet","BOQ save If-Match; candidates base_boq_version","Project.boq_version","Optimistic version of the BOQ lines.","int","1","every BOQ write","server","backend/app/models.py::Project.boq_version@211","backend/app/services/concurrency.py","NOT_APPLICABLE","NOT_APPLICABLE","Incremented","BOQ Processor","Project.boq_version","BOQ; candidates (stale when base differs)","NOT_APPLICABLE","Stale write refused","NOT_APPLICABLE","backend/app/models.py::Project.boq_version@211","CURRENT"
"BOQ.extracted_at_warnings","boq_design_sheet","BOQ page warnings; ensure","Project.boq_extracted_at / boq_extraction_warnings","Whether the one-off read was attempted and which sheets failed.","datetime + string[]","0..1","projects._extract_boq (compare-and-set)","extraction","backend/app/models.py::Project.boq_extracted_at@198; @205","backend/app/routers/projects.py::_extract_boq@856; backend/app/routers/projects.py::ensure_project_boq@758","NOT_APPLICABLE","NOT_APPLICABLE","Set once, never cleared","BOQ Processor (explicit re-read via candidates)","Project.boq_extracted_at","BOQ ensure","Never cleared; re-read goes through candidates","Reextract endpoint (POST /reextract) is the explicit reset","Null -> next editor open triggers the read","backend/app/routers/projects.py::ensure_project_boq@758","CURRENT"
"BOQR.revision","boq_revisions_candidates","BOQ Revisions page; export; account","ProjectBoqRevision (number, label, note, items[], issued_by, issued_at)","An issued, frozen BOQ revision (Rev 00, 01...).","rows","0..N","projects.issue_boq_revision (engineer action, gated by readiness.boq_blockers)","current lines","backend/app/models.py::ProjectBoqRevision@988","backend/app/routers/projects.py::issue_boq_revision@1061; backend/app/services/boq_revisions.py::compare_boq@64","NOT_APPLICABLE","NONE","Snapshot of items at issue","BOQ Processor (versioning)","ProjectBoqRevision","BOQ revisions; compare; account; backup verification","Immutable","Issue only; no edit","No revisions -> compare unavailable","backend/app/routers/projects.py::issue_boq_revision@1061","CURRENT"
"BOQR.compare_changes","boq_revisions_candidates","BOQ Revisions page compare","BoqCompare.changes (added/removed/changed, fields)","Diff between two versions by line key.","object","0..N","boq_revisions.compare_boq (on read)","revision items vs current","DERIVED","backend/app/routers/projects.py::compare_boq_versions@1162; backend/app/services/boq_revisions.py::line_key@32","NOT_APPLICABLE","NONE","line_key normalisation","BOQ Processor","Derived (fine as projection)","BOQ revisions","NOT_APPLICABLE","NOT_APPLICABLE","NOT_APPLICABLE","backend/app/routers/projects.py::compare_boq_versions@1162","CURRENT"
"BOQR.candidate","boq_revisions_candidates","BOQ Reread page (candidates, changes, evidence.png); readiness candidates","BoqCandidate (status, base_boq_version, parser_version, run_ids, lines, changes[kind,match,fields,reason], summary, decisions_needed, stale)","A re-read of the sheets held beside the current BOQ until applied or discarded.","rows","0..N","boq_candidates.build (POST candidates) / apply / discard","new extraction runs vs current lines","backend/app/models.py::BoqCandidate@824","backend/app/services/boq_candidates.py::build@153; ::compare@99; ::apply@237; backend/app/routers/boq_review.py","Line pairing exact/probable","Re-read uses AI (explicit job boq-reread)","Stored with change list","BOQ Processor","BoqCandidate","BOQ reread; readiness","stale when boq_version moved past base","Per-change decisions on apply; probable pairs need a person","None pending -> readiness ok","backend/app/services/boq_candidates.py::build@153","CURRENT"
"BOQR.snapshot","boq_revisions_candidates","BOQ Reread page snapshots/restore","BoqSnapshot (boq_version, reason, lines, created_by)","A saved copy of the lines before a candidate apply/restore.","rows","0..N","boq_provenance.snapshot","current lines","backend/app/models.py::BoqSnapshot@856","backend/app/services/boq_provenance.py::snapshot@153; backend/app/routers/boq_review.py::restore_snapshot@235","NOT_APPLICABLE","NONE","Copy","BOQ Processor","BoqSnapshot","BOQ reread","Immutable","Restore is an explicit action","NOT_APPLICABLE","backend/app/services/boq_provenance.py::snapshot@153","CURRENT"
"BOQR.corrections","boq_revisions_candidates","BOQ editor (corrections feed back into re-reads)","BoqCorrection","Engineer corrections kept as learned identity/values for later reads.","rows","0..N","boq_corrections service on edit","engineer edit","backend/app/models.py::BoqCorrection@1434","backend/app/services/boq_corrections.py","NOT_APPLICABLE","NONE","Stored","BOQ Processor","BoqCorrection","BOQ re-read (apply corrections)","NOT_APPLICABLE","Engineer edit is the source","NOT_APPLICABLE","backend/app/services/boq_corrections.py","CURRENT"
"FWS.schedule_row","boq_floor_wise","BOQ > Floor Wise tab (FloorScheduleTab); Amplifier; Power; check against BOQ","FloorScheduleItem (description, catalog_no, unit, manufacturer, device, family, system, per_floor{}, total, stated_total, row, material, edited)","One line of the engineer's floor-wise workbook, columns expanded per floor.","object","0..N","floor_schedule.read (workbook parse) -> ProjectFloorSchedule.result; apply_edits; set_quantity; choose_material","Newest eligible workbook in 03- Design of the project folder (discovered on GET) or an upload","backend/app/models.py::ProjectFloorSchedule@633 (result JSON, edits JSON, source_path, source_sha256)","backend/app/routers/floor_schedule.py::get_floor_schedule@141; ::sync_from_folder@77; ::_read_from_folder@87; backend/app/services/floor_schedule.py::read@406; ::apply_edits@591","Workbook grid: header detection, column kinds (floor/range/total), device naming (schedule_materials.is_device)","NONE","Parsed result + edits reapplied; settle_unambiguous links materials and commits on GET","Floor Schedule ingest (background) - source identity = workbook path+sha256","ProjectFloorSchedule (existing) with source_sha256","Floor Wise; Amplifier; Power; IFC comparison; check_against_boq","GET discovers/hashes/parses when the workbook changed (side effect); edits preserved by row","set_quantity (edited=true) and choose_material per row; edits survive re-read (apply_edits)","No workbook -> result null, upload offered","backend/app/routers/floor_schedule.py::get_floor_schedule@141; backend/app/services/floor_schedule.py::read@406","CURRENT"
"FWS.edits","boq_floor_wise","Floor Wise (edited cells)","ProjectFloorSchedule.edits{description: {floor_or_total: quantity}}","Quantities the engineer typed over the workbook's, kept by row description so a re-read keeps them.","object","0..N","floor_schedule.set_quantity (PATCH, engineer)","Engineer","backend/app/models.py::ProjectFloorSchedule.edits@669 (JSON)","backend/app/routers/floor_schedule.py::set_quantity@314; backend/app/services/floor_schedule.py::apply_edits@591","NOT_APPLICABLE","NONE","Stored; reapplied over every parse","Floor schedule ingest (engineer edits as a versioned overlay)","ProjectFloorSchedule.edits (existing)","FWS.schedule_row; FWS.totals; AMP.*; PWR.*","Current: survives re-read (apply_edits); no version. Target: edit version in the schedule key","Engineer edits directly; clear_floor_schedule@512 discards","Empty -> workbook values","backend/app/routers/floor_schedule.py::set_quantity@314","CURRENT"
"FWS.material_choice","boq_floor_wise","Floor Wise (material per row); Amplifier/Power columns","result.items[].material {part_no, ...}","Which proposed material a schedule row stands for (settled automatically when unambiguous, else chosen).","object","0..1 per row","schedule_materials.settle_unambiguous (on GET, commit) / floor_schedule.choose_material (POST, engineer)","MAT.item candidates + engineer","json:project_floor_schedule.result $.items[].material (column backend/app/models.py::ProjectFloorSchedule.result@670)","backend/app/routers/floor_schedule.py::choose_material@363; backend/app/services/schedule_materials.py::settle_unambiguous@202","Device family matching","NONE","Stored inside the parsed result","Floor schedule ingest + Materials service","ProjectFloorSchedule.result items (existing)","AMP.columns (unsettled flag); PWR.columns","Current: NOT preserved across a workbook re-read: _read_from_folder@87 replaces stored.result with a fresh parse plus FWS.edits (lines 114 and 124) and only settle_unambiguous re-settles rows with a single candidate; a manual choice on an ambiguous row is lost when the workbook changes (verified statically). Target: choice keyed by row identity with version, reapplied like edits","Engineer choose_material; automatic settle only when one candidate","Missing -> column unsettled","backend/app/routers/floor_schedule.py::choose_material@363","READ_SIDE_EFFECT"
"FWS.totals","boq_floor_wise","Floor Wise totals; check against BOQ","systems{}, totals{}, grand_total, stated_grand_total, typical_reading","Sums per system/device and how typical ranges were read.","numbers","1","floor_schedule.read/recompute","workbook","backend/app/models.py::ProjectFloorSchedule.result@670","backend/app/services/floor_schedule.py::recompute@558","typical per_floor vs across decision (typical_reason)","NONE","Derived from rows","Floor Schedule ingest","ProjectFloorSchedule.result","Floor Wise; check","Recomputed on edit","Indirect via row edits","stated totals null when the sheet has none","backend/app/services/floor_schedule.py::recompute@558","CURRENT"
"FWS.check_against_boq","boq_floor_wise","Floor Wise > check tab","FloorScheduleCheck (rows[schedule_total, boq_quantity, difference], only_in_schedule, only_in_boq)","Schedule totals beside the Design Sheet BOQ by part.","object","1","floor_schedule.check_against_boq (on read)","FWS.schedule_row + BOQ.quantity","DERIVED","backend/app/routers/floor_schedule.py::check_against_boq@450","NOT_APPLICABLE","NONE","Match by catalog/description","Prepared comparison projection (M6)","Derived from two owners (BOQ.* and FWS.*)","Floor Wise","Both sources","NOT_APPLICABLE","Unmatched listed","backend/app/routers/floor_schedule.py::check_against_boq@450","CURRENT"
"IFC.drawing","boq_ifc","BOQ > IFC tab (IfcBoqTab, DrawingView, FloorsTab)","ProjectIfcDrawing (filename, stored_path, archive_path, units, dxf_version, meta, groups, revision, floors, status, review)","An IFC DXF drawing uploaded/imported and its symbol groups; a source registry separate from ProjectDocument.","rows","0..N","ifc_boq.upload_drawing / start_reading_drawing (ifc worker jobs)","DXF upload or ZIP import","backend/app/models.py::ProjectIfcDrawing@2004","backend/app/routers/ifc_boq.py::list_drawings@382; ::upload_drawing@432; backend/app/ifc/services/*; backend/app/ifc/resolve.py","DXF block/entity extraction, symbol signatures, deterministic + library matching","Optional symbol AI verdicts (explicit)","Stored","IFC domain (separate from shop drawings; roadmap M6 'IFC BOQ remains separate')","ProjectIfcDrawing (existing)","IFC tab; Drawings (in_force IFC list, building floors); comparison","Revision resolver (in_force) per upload","Engineer verify/review symbols (verify/save_review); floor multiplier","Zero rows locally (query:table_counts)","backend/app/routers/ifc_boq.py::list_drawings@382; query:table_counts","CURRENT"
"IFC.counts_by_type","boq_ifc","IFC tab totals; comparison","Totals (fire_alarm, emergency_light, other, verified/suggested/unknown symbols, not_counted)","Device counts from verified symbols.","numbers","1 per drawing","IFC analysis (stored groups + device types)","IFC.drawing groups","backend/app/models.py::ProjectIfcDrawing.groups","backend/app/ifc/services/*; backend/app/routers/ifc_boq.py::_drawing@361","Symbol->device type mapping","AI symbol verdicts optional","Aggregated from groups","IFC domain","ProjectIfcDrawing groups/meta","IFC tab; comparison","Reprocess/unverify","Engineer verification is the authority per symbol","review_required when unknown symbols remain","backend/app/routers/ifc_boq.py::_drawing@361","CURRENT"
"IFC.comparison","boq_ifc","IFC > Comparison tab","ifc/comparison.compare(schedule, in_force)","IFC counts beside the floor-wise schedule per floor/device.","object","1","ifc_boq.comparison (on read; calls floor schedule sync_from_folder)","IFC.counts_by_type + FWS.schedule_row","DERIVED","backend/app/routers/ifc_boq.py::comparison@821; backend/app/ifc/comparison.py::compare@97","floor_key normalisation","NONE","Derived","Prepared comparison projection (M6)","Derived from IFC.* and FWS.*","IFC comparison","Both sources; GET may parse the workbook","NOT_APPLICABLE","No schedule -> empty","backend/app/routers/ifc_boq.py::comparison@821","CURRENT"
"MAT.item","proposed_materials","Proposed Materials list; submittal materials; package plan; floor schedule material options","MaterialItem (system_code, part_no, description, manufacturer, quantity, groups[], datasheet_*, document_no, datasheet_named_for_part, datasheet_linked, source boq|added|battery|cable, note)","One proposed part per system: from the BOQ lines aggregated by part, plus manual additions, selected batteries and FRC cables.","object","0..N","materials.list_proposed (derived on read): submittal._materials aggregation + ProjectProposedMaterial + battery_materials.selected_batteries + frc_cables.lines","BOQ.* ; engineer additions; battery calculation; FRC cable choices; datasheet library index","backend/app/models.py::ProjectProposedMaterial@780 (added only); others DERIVED","backend/app/routers/materials.py::list_proposed@234; backend/app/routers/submittal.py::_materials@112; ::_attach_datasheets@148; backend/app/services/battery_materials.py::selected_batteries@51","Part aggregation by canonical catalog no; datasheet match by filename/text (datasheet_library.find)","NONE","Derived list; battery source runs _battery_calculation (may persist results)","Materials service reading BOQ-derived records + overrides (roadmap M6)","PROPOSED MaterialList projection keyed by BOQ generation + selection + library generation; ProjectProposedMaterial for additions","Proposed Materials; Material Submittals (materials count, package); Floor schedule (choose_material); Compliance (boq items)","BOQ changes; battery design changes; library refresh (datasheet_library._refresh on cold/expired cache); supplier rules","propose/withdraw (manual rows); link/unlink datasheet (PartDatasheetLink, every project)","No BOQ -> empty","backend/app/routers/materials.py::list_proposed@234","CURRENT"
"MAT.added_item","proposed_materials","Proposed Materials (rows with source=added)","ProjectProposedMaterial (system_code, part_no, description, manufacturer, quantity, note)","A part the engineer proposed by hand beyond the BOQ.","rows","0..N","materials.propose (POST) / withdraw (DELETE), engineer","Engineer","backend/app/models.py::ProjectProposedMaterial@780","backend/app/routers/materials.py::propose@353; ::withdraw@410","NOT_APPLICABLE","NONE","Stored","Materials service (engineer overrides)","ProjectProposedMaterial (existing)","MAT.item (merged into the list); Material Submittals; package","Current: none. Target: part of the MaterialList selection version","Engineer adds/withdraws","Zero rows locally (query:table_counts)","backend/app/routers/materials.py::propose@353; query:table_counts","CURRENT"
"MAT.datasheet_link","proposed_materials","Proposed Materials (datasheet column); Submittal package; Battery lines","PartDatasheetLink (part_no -> library, path) / datasheet_linked","Manual link of a part to a datasheet, shared across projects.","rows","0..N","materials.link_datasheet / unlink_datasheet (engineer)","engineer","backend/app/models.py::PartDatasheetLink@724","backend/app/routers/materials.py::link_datasheet@300; backend/app/services/datasheet_links.py","NOT_APPLICABLE","NONE","Stored","Knowledge Processor (library evidence)","PartDatasheetLink","Materials; package; battery","Library reindex may break path (audit findings link_broken)","Engineer link is the override","Unlinked -> filename match only","backend/app/routers/materials.py::link_datasheet@300","CURRENT"
"MAT.frc_cables","proposed_materials","Proposed Materials > FRC cables card","FrcCables (brand, sizes, cables[field,name,size,standard,warning], monitoring, supplier)","Fire-rated cable choices for a full-package project.","object","0..1","materials.save_frc_cables (engineer) / frc_cables.lines","engineer + rules","backend/app/models.py::ProjectFrcCables@610","backend/app/services/frc_cables.py::lines@108; ::save@148; backend/app/routers/materials.py::get_frc_cables@184","NOT_APPLICABLE","NONE","Rules + stored choices","Materials service","ProjectFrcCables","Materials; package","scope_of_work / systems","Engineer choices","Not full package -> not offered","backend/app/services/frc_cables.py::lines@108","CURRENT"
"MAT.systems","proposed_materials","Proposed Materials tabs; Home","ProposedSystem (code, title, brand)","The project's systems with the brand their materials are for.","object","0..N","materials._systems (derived)","PRJ.system_codes_effective + brand rules","DERIVED","backend/app/routers/materials.py::_systems@224","NOT_APPLICABLE","NONE","system_rules + BOQ manufacturer","DRF Processor / Materials","Derived","Materials; Home","NOT_APPLICABLE","NOT_APPLICABLE","NOT_APPLICABLE","backend/app/routers/materials.py::_systems@224","CURRENT"
"BAT.design_inputs","calc_battery","Battery tab (panel name, location, standby hours, alarm minutes, panel voltage, extra components)","ProjectDesign.document.battery.panels{key: PanelSettings(name, location, standby_hours, alarm_minutes, panel_voltage, extra_components[])}","What the engineer sets per panel; an empty setting follows the battery sizing rule.","object","0..1 per panel","design.save_battery_design (PUT, engineer, If-Match design version)","Engineer form","backend/app/models.py::ProjectDesign@272 -> json:project_designs.document $.battery.panels (column backend/app/models.py::ProjectDesign.document@290); version backend/app/models.py::ProjectDesign.version","backend/app/routers/design.py::save_battery_design@652; ::_stored_battery_design@645; backend/app/schemas_design.py::BatteryDesign@137; ::PanelSettings@125; ::DesignDocument@143","NOT_APPLICABLE","NONE","Stored as entered","Calculation service input owned by the engineer (roadmap: engineering parameters)","ProjectDesign.document.battery (existing)","Battery calculation (BAT.result); package battery sheet","Current: ProjectDesign.version (If-Match); the values enter the panel input hash so a change recalculates. Target: versioned input in the result key","Engineer edits directly; stale write refused by If-Match","Absent -> rule defaults apply","backend/app/routers/design.py::save_battery_design@652; backend/app/schemas_design.py::BatteryDesign@137","CURRENT"
"BAT.quoted","calc_battery","Calculations > Battery (ProjectBatteryPage); readiness; Materials (battery source); Submittal package battery sheet (quoted batteries)","BatteryPanelOut.quoted[], quoted_ah, quoted_short (+ unlisted)","The batteries the Design Sheet BOQ quotes for the panel, by capacity.","object","0..N per panel","battery_calculation.calculate_panel from the BOQ group's battery lines","BOQ.* (lines whose part is a battery unit)","Derived from backend/app/models.py::ProjectBoqItem@395; the derived list is copied into backend/app/models.py::BatteryPanelResult.result (JSON) with the panel","backend/app/routers/design.py::_battery_calculation@410; backend/app/services/battery_calculation.py::calculate_boq@420; ::calculate_panel@249; backend/app/services/calc_integrity.py::battery_inputs@37; backend/app/schemas_design.py::BatteryPanelOut@379","Part key match against battery unit rules (BATTERY_UNIT_CATEGORY); unlisted parts reported","NONE","Derived from BOQ each calculation","BOQ Processor owns the quoted lines; the calculation only projects them","CANONICAL = BOQ.catalog_no / BOQ.quantity of the battery lines; the copy in BatteryPanelResult is a projection","Battery tab; Materials (battery source); package","Current: any BOQ line change moves the panel input hash -> recalculated. Target: BOQ generation in the result key","Through BOQ edits only (BOQ_OVERRIDE); no override inside the calculation","quoted_short when quoted capacity is below required_ah","backend/app/routers/design.py::_battery_calculation@410; backend/app/services/battery_calculation.py::calculate_boq@420; ::calculate_panel@249; backend/app/services/calc_integrity.py::battery_inputs@37","CURRENT"
"BAT.selected","calc_battery","Calculations > Battery (ProjectBatteryPage); readiness; Materials (battery source); Submittal package battery sheet (selected batteries)","BatteryPanelOut.selected[], selected_ah, selectable[]","The battery set the brand selection rule picks for the required capacity.","object","0..1 per panel","battery_calculation.calculate_panel from the selection brand rule + battery unit rules","EQC.engineering_rule (battery.selection brand; battery.unit units)","Computed; stored inside backend/app/models.py::BatteryPanelResult.result (JSON)","backend/app/routers/design.py::_battery_calculation@410; backend/app/services/battery_calculation.py::calculate_boq@420; ::calculate_panel@249; backend/app/services/calc_integrity.py::battery_inputs@37; backend/app/routers/design.py::_selectable_batteries@621","Nearest unit set of the brand at or above required_ah","NONE","Computed per calculation","Calculation service (rule-driven selection)","BatteryPanelResult.result (existing); rules are the inputs","Battery tab; Materials (battery source via battery_materials.selected_batteries); package","Current: the selectable battery set (built from the selection brand + battery.unit rules) is part of the panel input hash (calc_integrity.panel_inputs@54 takes `batteries`), so a brand or unit change recalculates on the next read. Target: rule versions in the result key","None: no manual selection field exists in BatteryDesign (schemas_design.py::BatteryDesign@137 holds panels only)","no_selection status when no brand rule","backend/app/routers/design.py::_battery_calculation@410; backend/app/services/battery_calculation.py::calculate_boq@420; ::calculate_panel@249; backend/app/services/calc_integrity.py::battery_inputs@37; query:design_rule_categories","CURRENT"
"BAT.panel_identity","calc_battery","Calculations > Battery (ProjectBatteryPage); readiness; Materials (battery source); Submittal package battery sheet","BatteryPanelOut.key/heading/instance/kind/count/system_code (+ name/location from BAT.design_inputs)","One card per physical panel (or per APS/BPS cabinet type) found in the BOQ groups; key = system|group heading|instance.","object","0..N","design._battery_calculation on GET: reuses BatteryPanelResult when input_hash matches and state=fresh, else calculate_panel and commit","BOQ.* (panel groups), EQC.part_current_rule (part currents), EQC.engineering_rule (battery.sizing defaults, battery.unit), BAT.design_inputs","backend/app/models.py::BatteryPanelResult@800 (result JSON, input_hash, state, error)","backend/app/routers/design.py::_battery_calculation@410; backend/app/services/battery_calculation.py::calculate_boq@420; ::calculate_panel@249; backend/app/services/calc_integrity.py::battery_inputs@37","Deterministic sizing; group classification (battery_calculation.classify_group)","NONE in the calculation (datasheet reading happens only in fill-currents, see BAT.fill_currents)","Computed per panel; cached by input hash; committed on read","Calculation service publishing stored BatteryResult (roadmap: BOQ + current database + engineering parameters; no re-reading on page load)","BatteryPanelResult (existing) as the stored result","Battery tab; readiness._calculations; Materials (battery_materials.selected_batteries); package plan/build; Home (via readiness)","Current: BatteryPanelResult.input_hash = stable_hash(panel heading/system/instance/kind, BOQ panel lines, effective sizing, extra components, part-current rules, battery units); a differing hash recalculates that panel on the next GET of any consumer and commits. Not in the hash: rules version ids, project details, library state. Target: stored BatteryResult keyed by BOQ generation + BAT.design_inputs version + EQC.part_current_rule versions + EQC.engineering_rule versions; recompute in background or by explicit action, never on page load","Indirect only: BAT.design_inputs (settings, extra components), EQC.part_current_rule (confirm_no_load, admin currents), BOQ edits. No direct edit of a result","missing_current -> lower_bound + missing_parts; no_selection when no battery rule; stale=true keeps the previous figures visible","backend/app/routers/design.py::_battery_calculation@410; query:battery_results","READ_SIDE_EFFECT"
"BAT.lines","calc_battery","Calculations > Battery (ProjectBatteryPage); readiness; Materials (battery source); Submittal package battery sheet","BatteryPanelOut.lines[] (part_no, kind, standby_ma, alarm_ma, totals, missing_current, current_rule_id/version, current_source, datasheet_*)","The loads of the panel with the current each draws (from EQC.part_current_rule) and where the figure came from.","object[]","0..N","design._battery_calculation on GET: reuses BatteryPanelResult when input_hash matches and state=fresh, else calculate_panel and commit","BOQ.* (panel groups), EQC.part_current_rule (part currents), EQC.engineering_rule (battery.sizing defaults, battery.unit), BAT.design_inputs","backend/app/models.py::BatteryPanelResult@800 (result JSON, input_hash, state, error)","backend/app/routers/design.py::_battery_calculation@410; backend/app/services/battery_calculation.py::calculate_boq@420; ::calculate_panel@249; backend/app/services/calc_integrity.py::battery_inputs@37","Deterministic sizing; group classification (battery_calculation.classify_group)","NONE in the calculation (datasheet reading happens only in fill-currents, see BAT.fill_currents)","Computed per panel; cached by input hash; committed on read","Calculation service publishing stored BatteryResult (roadmap: BOQ + current database + engineering parameters; no re-reading on page load)","BatteryPanelResult (existing) as the stored result","Battery tab; readiness._calculations; Materials (battery_materials.selected_batteries); package plan/build; Home (via readiness)","Current: BatteryPanelResult.input_hash = stable_hash(panel heading/system/instance/kind, BOQ panel lines, effective sizing, extra components, part-current rules, battery units); a differing hash recalculates that panel on the next GET of any consumer and commits. Not in the hash: rules version ids, project details, library state. Target: stored BatteryResult keyed by BOQ generation + BAT.design_inputs version + EQC.part_current_rule versions + EQC.engineering_rule versions; recompute in background or by explicit action, never on page load","Indirect only: BAT.design_inputs (settings, extra components), EQC.part_current_rule (confirm_no_load, admin currents), BOQ edits. No direct edit of a result","missing_current -> lower_bound + missing_parts; no_selection when no battery rule; stale=true keeps the previous figures visible","backend/app/routers/design.py::_battery_calculation@410; query:battery_results","READ_SIDE_EFFECT"
"BAT.loads_totals","calc_battery","Calculations > Battery (ProjectBatteryPage); readiness; Materials (battery source); Submittal package battery sheet","standby_ma, alarm_ma, standby_mah, alarm_mah, total_ah, required_ah, lower_bound","The sized load; lower_bound when parts lack a current.","numbers","1 per panel","design._battery_calculation on GET: reuses BatteryPanelResult when input_hash matches and state=fresh, else calculate_panel and commit","BOQ.* (panel groups), EQC.part_current_rule (part currents), EQC.engineering_rule (battery.sizing defaults, battery.unit), BAT.design_inputs","backend/app/models.py::BatteryPanelResult@800 (result JSON, input_hash, state, error)","backend/app/routers/design.py::_battery_calculation@410; backend/app/services/battery_calculation.py::calculate_boq@420; ::calculate_panel@249; backend/app/services/calc_integrity.py::battery_inputs@37","Deterministic sizing; group classification (battery_calculation.classify_group)","NONE in the calculation (datasheet reading happens only in fill-currents, see BAT.fill_currents)","Computed per panel; cached by input hash; committed on read","Calculation service publishing stored BatteryResult (roadmap: BOQ + current database + engineering parameters; no re-reading on page load)","BatteryPanelResult (existing) as the stored result","Battery tab; readiness._calculations; Materials (battery_materials.selected_batteries); package plan/build; Home (via readiness)","Current: BatteryPanelResult.input_hash = stable_hash(panel heading/system/instance/kind, BOQ panel lines, effective sizing, extra components, part-current rules, battery units); a differing hash recalculates that panel on the next GET of any consumer and commits. Not in the hash: rules version ids, project details, library state. Target: stored BatteryResult keyed by BOQ generation + BAT.design_inputs version + EQC.part_current_rule versions + EQC.engineering_rule versions; recompute in background or by explicit action, never on page load","Indirect only: BAT.design_inputs (settings, extra components), EQC.part_current_rule (confirm_no_load, admin currents), BOQ edits. No direct edit of a result","missing_current -> lower_bound + missing_parts; no_selection when no battery rule; stale=true keeps the previous figures visible","backend/app/routers/design.py::_battery_calculation@410; query:battery_results","READ_SIDE_EFFECT"
"BAT.status","calc_battery","Calculations > Battery (ProjectBatteryPage); readiness; Materials (battery source); Submittal package battery sheet","BatteryPanelOut.status ok|incomplete|no_selection; stale; error","Whether the panel is sized in full, and whether the stored result is stale after a failed recalculation.","enum","1 per panel","design._battery_calculation on GET: reuses BatteryPanelResult when input_hash matches and state=fresh, else calculate_panel and commit","BOQ.* (panel groups), EQC.part_current_rule (part currents), EQC.engineering_rule (battery.sizing defaults, battery.unit), BAT.design_inputs","backend/app/models.py::BatteryPanelResult@800 (result JSON, input_hash, state, error)","backend/app/routers/design.py::_battery_calculation@410; backend/app/services/battery_calculation.py::calculate_boq@420; ::calculate_panel@249; backend/app/services/calc_integrity.py::battery_inputs@37","Deterministic sizing; group classification (battery_calculation.classify_group)","NONE in the calculation (datasheet reading happens only in fill-currents, see BAT.fill_currents)","Computed per panel; cached by input hash; committed on read","Calculation service publishing stored BatteryResult (roadmap: BOQ + current database + engineering parameters; no re-reading on page load)","BatteryPanelResult (existing) as the stored result","Battery tab; readiness._calculations; Materials (battery_materials.selected_batteries); package plan/build; Home (via readiness)","Current: BatteryPanelResult.input_hash = stable_hash(panel heading/system/instance/kind, BOQ panel lines, effective sizing, extra components, part-current rules, battery units); a differing hash recalculates that panel on the next GET of any consumer and commits. Not in the hash: rules version ids, project details, library state. Target: stored BatteryResult keyed by BOQ generation + BAT.design_inputs version + EQC.part_current_rule versions + EQC.engineering_rule versions; recompute in background or by explicit action, never on page load","Indirect only: BAT.design_inputs (settings, extra components), EQC.part_current_rule (confirm_no_load, admin currents), BOQ edits. No direct edit of a result","missing_current -> lower_bound + missing_parts; no_selection when no battery rule; stale=true keeps the previous figures visible","backend/app/routers/design.py::_battery_calculation@410; query:battery_results","READ_SIDE_EFFECT"
"BAT.settings_effective","calc_battery","Battery tab (settings shown per panel, overridden list)","BatteryPanelOut.settings{standby_hours, alarm_minutes, panel_voltage}, overridden[]","The sizing parameters actually used: the engineer's value where set, else the battery.sizing rule default.","object","1 per panel","design._battery_calculation (derived on every read, after result reuse)","BAT.design_inputs + EQC.engineering_rule battery.sizing","DERIVED on read (assigned after reuse; not part of BatteryPanelResult.result)","backend/app/routers/design.py::_battery_calculation@410 (settings/overridden assigned per panel)","NOT_APPLICABLE","NONE","override-or-default per SIZING_FIELDS","Calculation service","Derived from BAT.design_inputs and the sizing rule","Battery tab; package battery sheet","Follows its two inputs; the resolved values are in the panel input hash","Through BAT.design_inputs","All defaults when nothing set","backend/app/routers/design.py::_battery_calculation@410","CURRENT"
"BAT.fill_currents","calc_battery","Battery tab mount (auto POST fill-currents when canEdit and any panel has missing_parts)","BatteryFillOut.filled[]; writes DesignRule(part.current) versions and EquipmentCurrent rows","Reads part currents off datasheets (or settles them from the equipment table / built-in / mechanical rules) and records them as shared part-current rules.","action","NOT_APPLICABLE","design.fill_battery_currents (POST, CREATOR_ROLES; the page calls it on mount)","Equipment current table (settled rows first), datasheet library PDFs (deterministic text/OCR tables), BOQ description (mechanical regex), included_in_module rule","backend/app/models.py::DesignRule@300 (category part.current, source text records the datasheet or rule; data.auto=true) + backend/app/models.py::EquipmentCurrent@329 (upsert with confirmed_by=None for datasheet reads)","backend/app/routers/design.py::fill_battery_currents@319 (save_rule_version at lines 347 and 394; equipment_currents.upsert after a datasheet read); ::_read_from_datasheets@251; backend/app/routers/design_rules.py::save_rule_version@115; backend/app/services/equipment_currents.py::upsert@241; ::lookup@164","datasheet_currents (pymupdf text + regex tables; no model)","NONE (verified: backend/app/services/datasheet_currents.py imports pymupdf/re only)","Writes shared rules from a browse: 29 of 29 current part.current rules locally carry data.auto=true (query:design_rule_categories)","Explicit action or background preparation (roadmap: no auto processing on mount)","EQC.part_current_rule / EQC.equipment_current (shared)","Battery (BAT.lines); equipment currents admin","Only parts without a current are touched; a rejected no-load rule blocks only the unsupported zero-current write (mechanical guess) - a settled table value or a datasheet reading is still written (see EQC.part_current_rule for the branch order and gap G-04 on host parts)","Engineer confirm_no_load@567 (confirm -> settled in the equipment table; reject -> rejected_no_load version; the fill may still write an evidenced current for a rejected part); admin save_part_current@162 / save_equipment_current@198","Unresolved parts listed with reason","frontend/src/pages/ProjectBatteryPage.tsx@124-136; backend/app/routers/design.py::fill_battery_currents@319; backend/app/routers/design.py::confirm_no_load@567; query:design_rule_categories","READ_SIDE_EFFECT"
"AMP.columns","calc_amplifier","Calculations > Amplifier; export PDF; package","AmplifierColumn (key, description, taps[], tap, lines[], unsettled)","Speaker columns of the schedule with the chosen tapping.","object[]","0..N","amplifier.get_amplifier -> amplifier_calculation.calculate on every GET (not stored)","FWS.schedule_row (floor-wise BOQ), MAT.item (speaker parts), DesignRule ve.* (amplifier, module, fraction), ProjectAmplifierDesign.taps","DERIVED on read; inputs backend/app/models.py::ProjectFloorSchedule@633, backend/app/models.py::ProjectAmplifierDesign.taps@692, backend/app/models.py::DesignRule@300","backend/app/routers/amplifier.py::get_amplifier@378; ::_out@251; backend/app/services/amplifier_calculation.py::calculate@323","Deterministic: watts per tap, module/amplifier limits, cabinet packing","NONE","Computed on read","Calculation service publishing stored AmplifierResult (roadmap: floor-wise BOQ + speaker type/tapping)","PROPOSED stored AmplifierResult with input versions; today derived","Amplifier tab; package plan","Schedule, materials, rules, taps; no result versioning","set_amplifier (taps), set_count (manual counts) via PUT/PATCH","Unsettled columns (no material chosen) flagged; null tap -> engineer picks","backend/app/routers/amplifier.py::get_amplifier@378","CURRENT"
"AMP.floors","calc_amplifier","Calculations > Amplifier; export PDF; package","AmplifierFloorRow (floor, counts{}, watts, speakers, amplifier, modules)","Per-floor load and the amplifier/module assignment.","object[]","0..N","amplifier.get_amplifier -> amplifier_calculation.calculate on every GET (not stored)","FWS.schedule_row (floor-wise BOQ), MAT.item (speaker parts), DesignRule ve.* (amplifier, module, fraction), ProjectAmplifierDesign.taps","DERIVED on read; inputs backend/app/models.py::ProjectFloorSchedule@633, backend/app/models.py::ProjectAmplifierDesign.taps@692, backend/app/models.py::DesignRule@300","backend/app/routers/amplifier.py::get_amplifier@378; ::_out@251; backend/app/services/amplifier_calculation.py::calculate@323","Deterministic: watts per tap, module/amplifier limits, cabinet packing","NONE","Computed on read","Calculation service publishing stored AmplifierResult (roadmap: floor-wise BOQ + speaker type/tapping)","PROPOSED stored AmplifierResult with input versions; today derived","Amplifier tab; package plan","Schedule, materials, rules, taps; no result versioning","set_amplifier (taps), set_count (manual counts) via PUT/PATCH","Unsettled columns (no material chosen) flagged; null tap -> engineer picks","backend/app/routers/amplifier.py::get_amplifier@378","CURRENT"
"AMP.units_cabinets","calc_amplifier","Calculations > Amplifier; export PDF; package","AmplifierUnit[], cabinets[], amplifier_part, amplifier_watts, limit_watts, amplifiers_per_cabinet, module_part, module_max_watts","Amplifier and cabinet assignment under the design rules.","object","1","amplifier.get_amplifier -> amplifier_calculation.calculate on every GET (not stored)","FWS.schedule_row (floor-wise BOQ), MAT.item (speaker parts), DesignRule ve.* (amplifier, module, fraction), ProjectAmplifierDesign.taps","DERIVED on read; inputs backend/app/models.py::ProjectFloorSchedule@633, backend/app/models.py::ProjectAmplifierDesign.taps@692, backend/app/models.py::DesignRule@300","backend/app/routers/amplifier.py::get_amplifier@378; ::_out@251; backend/app/services/amplifier_calculation.py::calculate@323","Deterministic: watts per tap, module/amplifier limits, cabinet packing","NONE","Computed on read","Calculation service publishing stored AmplifierResult (roadmap: floor-wise BOQ + speaker type/tapping)","PROPOSED stored AmplifierResult with input versions; today derived","Amplifier tab; package plan","Schedule, materials, rules, taps; no result versioning","set_amplifier (taps), set_count (manual counts) via PUT/PATCH","Unsettled columns (no material chosen) flagged; null tap -> engineer picks","backend/app/routers/amplifier.py::get_amplifier@378","CURRENT"
"AMP.staircase","calc_amplifier","Calculations > Amplifier; export PDF; package","StaircaseResult (stairs, circuits, amplifiers, circuit_limit_watts, totals)","Staircase speakers on circuits of their own.","object","0..1","amplifier.get_amplifier -> amplifier_calculation.calculate on every GET (not stored)","FWS.schedule_row (floor-wise BOQ), MAT.item (speaker parts), DesignRule ve.* (amplifier, module, fraction), ProjectAmplifierDesign.taps","DERIVED on read; inputs backend/app/models.py::ProjectFloorSchedule@633, backend/app/models.py::ProjectAmplifierDesign.taps@692, backend/app/models.py::DesignRule@300","backend/app/routers/amplifier.py::get_amplifier@378; ::_out@251; backend/app/services/amplifier_calculation.py::calculate@323","Deterministic: watts per tap, module/amplifier limits, cabinet packing","NONE","Computed on read","Calculation service publishing stored AmplifierResult (roadmap: floor-wise BOQ + speaker type/tapping)","PROPOSED stored AmplifierResult with input versions; today derived","Amplifier tab; package plan","Schedule, materials, rules, taps; no result versioning","set_amplifier (taps), set_count (manual counts) via PUT/PATCH","Unsettled columns (no material chosen) flagged; null tap -> engineer picks","backend/app/routers/amplifier.py::get_amplifier@378","CURRENT"
"AMP.totals","calc_amplifier","Calculations > Amplifier; export PDF; package","total_floors/speakers/watts/modules, spare_fraction, total_watts_with_spare, totals_by_column, job{}","Job totals with spare.","numbers","1","amplifier.get_amplifier -> amplifier_calculation.calculate on every GET (not stored)","FWS.schedule_row (floor-wise BOQ), MAT.item (speaker parts), DesignRule ve.* (amplifier, module, fraction), ProjectAmplifierDesign.taps","DERIVED on read; inputs backend/app/models.py::ProjectFloorSchedule@633, backend/app/models.py::ProjectAmplifierDesign.taps@692, backend/app/models.py::DesignRule@300","backend/app/routers/amplifier.py::get_amplifier@378; ::_out@251; backend/app/services/amplifier_calculation.py::calculate@323","Deterministic: watts per tap, module/amplifier limits, cabinet packing","NONE","Computed on read","Calculation service publishing stored AmplifierResult (roadmap: floor-wise BOQ + speaker type/tapping)","PROPOSED stored AmplifierResult with input versions; today derived","Amplifier tab; package plan","Schedule, materials, rules, taps; no result versioning","set_amplifier (taps), set_count (manual counts) via PUT/PATCH","Unsettled columns (no material chosen) flagged; null tap -> engineer picks","backend/app/routers/amplifier.py::get_amplifier@378","CURRENT"
"AMP.design_inputs","calc_amplifier","Amplifier tab (tap per column, manual counts)","ProjectAmplifierDesign.taps{column: tap} (+ manual counts)","The engineer's tapping choice per speaker column and any manual count.","object","0..1","amplifier.set_amplifier (PUT) / set_count (PATCH), engineer","Engineer","backend/app/models.py::ProjectAmplifierDesign@675 -> backend/app/models.py::ProjectAmplifierDesign.taps@692 (JSON)","backend/app/routers/amplifier.py::set_amplifier@405; ::set_count@307","NOT_APPLICABLE","NONE","Stored as entered","Calculation service input owned by the engineer","ProjectAmplifierDesign.taps (existing)","Amplifier calculation (AMP.*)","Current: no version; the GET recomputes from the stored value. Target: versioned input in the AmplifierResult key","Engineer edits directly","Null tap -> column unsettled","backend/app/routers/amplifier.py::set_amplifier@405","CURRENT"
"PWR.design_inputs","calc_power","24V/Power tab (current chosen per device column)","ProjectAmplifierDesign.currents{column: current_ma}","The datasheet current the engineer chose per 24 V device column.","object","0..1","amplifier.set_power (PUT), engineer","Engineer, from the datasheet's figures only","backend/app/models.py::ProjectAmplifierDesign.currents@697 (JSON)","backend/app/routers/amplifier.py::set_power@138","NOT_APPLICABLE","NONE","Stored as entered","Calculation service input owned by the engineer","ProjectAmplifierDesign.currents (existing)","Power calculation (PWR.*)","Current: no version. Target: versioned input in the PowerResult key","Engineer edits directly","Null -> current_ma null (nothing assumed)","backend/app/routers/amplifier.py::set_power@138","CURRENT"
"PWR.columns","calc_power","Calculations > 24V/Power; export PDF","PowerColumn (key, description, device, currents[], current_ma, needs_module, lines[], unsettled)","24 V appliance columns with the chosen datasheet current.","object[]","0..N","amplifier.get_power -> power_calculation.calculate on every GET (not stored)","FWS.schedule_row, MAT.item (24V devices), device current database (DesignRule/currents), ProjectAmplifierDesign.currents","DERIVED on read; inputs backend/app/models.py::ProjectFloorSchedule@633, backend/app/models.py::ProjectAmplifierDesign.currents@697","backend/app/routers/amplifier.py::get_power@116; ::_power@93; backend/app/services/power_calculation.py::calculate@255","Deterministic: chosen current x count, supply limits","NONE","Computed on read","Calculation service publishing stored PowerResult (roadmap: BOQ + device current mapping)","PROPOSED stored PowerResult; today derived","Power tab","Schedule, materials, currents","set_power (PUT): current per device from the datasheet's figures only","current_ma null until chosen (nothing assumed)","backend/app/routers/amplifier.py::get_power@116","CURRENT"
"PWR.floors_supplies","calc_power","Calculations > 24V/Power; export PDF","PowerFloorRow[], supplies[], circuits[], supply_part, supply_amps, limit_ma, circuits_per_supply, circuit_limit_ma, module_part","Per-floor current and supply/circuit assignment.","object","1","amplifier.get_power -> power_calculation.calculate on every GET (not stored)","FWS.schedule_row, MAT.item (24V devices), device current database (DesignRule/currents), ProjectAmplifierDesign.currents","DERIVED on read; inputs backend/app/models.py::ProjectFloorSchedule@633, backend/app/models.py::ProjectAmplifierDesign.currents@697","backend/app/routers/amplifier.py::get_power@116; ::_power@93; backend/app/services/power_calculation.py::calculate@255","Deterministic: chosen current x count, supply limits","NONE","Computed on read","Calculation service publishing stored PowerResult (roadmap: BOQ + device current mapping)","PROPOSED stored PowerResult; today derived","Power tab","Schedule, materials, currents","set_power (PUT): current per device from the datasheet's figures only","current_ma null until chosen (nothing assumed)","backend/app/routers/amplifier.py::get_power@116","CURRENT"
"PWR.totals","calc_power","Calculations > 24V/Power; export PDF","total_floors/devices/modules, total_ma, total_amps, totals_by_column","Job totals.","numbers","1","amplifier.get_power -> power_calculation.calculate on every GET (not stored)","FWS.schedule_row, MAT.item (24V devices), device current database (DesignRule/currents), ProjectAmplifierDesign.currents","DERIVED on read; inputs backend/app/models.py::ProjectFloorSchedule@633, backend/app/models.py::ProjectAmplifierDesign.currents@697","backend/app/routers/amplifier.py::get_power@116; ::_power@93; backend/app/services/power_calculation.py::calculate@255","Deterministic: chosen current x count, supply limits","NONE","Computed on read","Calculation service publishing stored PowerResult (roadmap: BOQ + device current mapping)","PROPOSED stored PowerResult; today derived","Power tab","Schedule, materials, currents","set_power (PUT): current per device from the datasheet's figures only","current_ma null until chosen (nothing assumed)","backend/app/routers/amplifier.py::get_power@116","CURRENT"
"VE.legacy_design","calc_amplifier","Legacy /design/ve (redirected in UI to amplifier)","VeDesign/VeResult","Legacy voice-evacuation workbook import and calculation.","object","0..1","design.get_voice_evacuation / import_voice_evacuation","workbook import","backend/app/models.py::ProjectDesign.document@290","backend/app/routers/design.py::get_voice_evacuation@161; backend/app/services/ve_calculation.py","ve_workbook_reader","NONE","Computed from stored design on GET","Retire after API usage check (prior audit)","ProjectDesign.document (legacy)","Legacy route only (frontend redirects)","NOT_APPLICABLE","update_voice_evacuation","NOT_APPLICABLE","backend/app/routers/design.py::get_voice_evacuation@161; frontend/src/App.tsx@132","LEGACY"
"MS.identity","material_submittals","Material Submittals page (register, map overlay); Logs material register; Home; Drawings requirements (approval); Account","ProjectSubmittal.id / title / reference / system_code / manufacturer / brand_key","One material submittal per system per brand (submittal_identity.submittal_key).","object","0..N","submittal router (create/update/set_revision) + submittal_reader.sync_register (AI check) + submittal_filing.file_package","Engineer; AI reading of forms + replies filed in Received folders (submittal_replies); package filing","backend/app/models.py::ProjectSubmittal@1045","backend/app/routers/submittal.py::list_submittals@499; ::_set_revision@587; ::update_submittal@657; backend/app/ai/submittal_reader.py::sync_register@666; backend/app/services/submittal_replies.py::for_revision@65","Form reading (AI) + reply folder letters/phrases (submittal_replies.for_revision) + answers_another_revision guard","REQUIRED for the AI map/check (explicit action); register edits need none","Register rows; cell_code maps status+reply_code to UR/A/ANN/RR/REJ","Material Submittal Processor (roadmap: MaterialSubmittal, MaterialSubmittalRevision, ReviewCycle, ConsultantDecision)","ProjectSubmittal / ProjectSubmittalRevision (existing) = the ONE authority for material status; folder/path is evidence only","Material Submittals; Logs (material_log); Home (materials_by_system); Drawings requirements (material_approval); readiness; actions; account","Current: sync_register rewrites the register from the map whenever check runs (see override column for the four triggers); engineer edits are immediate; history rows keep every change but carry no protection. Target: register writes versioned by map id + engineer edit id; automatic input never replaces a manual value without a recorded conflict","CURRENT BEHAVIOUR (traced): the engineer writes through create_submittal@614 / update_submittal@657 -> _set_revision@587 (history source=manual). sync_register@666, run by submittal_reader.check@590 (POST check job backend/app/routers/submittal.py@807; document_processing.run@208 when forms changed, lines 448-452; document_sync.sync@772 when forms were removed, line 935; submittal_filing.file_package@186 at lines 141 and 296), assigns each mapped revision's status/reply_code from the map whenever they differ (history source=ai_check) WITHOUT inspecting the prior history source, any engineer confirmation or the manual/ai_check distinction, then assigns the parent submittal's status/revision/reply_code from the map's latest cell. It also removes a revision that is not on the map when that revision carries a reference (sync_register lines 734-738; a hand-typed revision without reference stays), and deletes a whole submittal only when its key is off the map AND none of its references is still filed as a submittal_form (lines 786-796). So an engineer status that differs from the map is replaced at the next check; history keeps the previous value but the effective value is lost. PROTECTION OF ENGINEER STATUS = TARGET INVARIANT, NOT IMPLEMENTED (gap G-01). Not changed in M1.","No register row -> 'missing' state; not_submitted for prepared-but-unsent","backend/app/models.py::ProjectSubmittal@1045; backend/app/models.py::ProjectSubmittalRevision@1113; backend/app/routers/submittal.py::_set_revision@587; backend/app/ai/submittal_reader.py::sync_register@666; backend/app/ai/submittal_reader.py::check@590; backend/app/services/project_state.py::cell_code@86; query:submittals; query:submittal_status_history_sources","CURRENT"
"MS.revision","material_submittals","Material Submittals page (register, map overlay); Logs material register; Home; Drawings requirements (approval); Account","ProjectSubmittal.revision (latest) + ProjectSubmittalRevision.revision","Revision label of the submittal and of each revision row (R00, R01...).","string","1 / 0..N","submittal router (create/update/set_revision) + submittal_reader.sync_register (AI check) + submittal_filing.file_package","Engineer; AI reading of forms + replies filed in Received folders (submittal_replies); package filing","backend/app/models.py::ProjectSubmittalRevision@1113","backend/app/routers/submittal.py::list_submittals@499; ::_set_revision@587; ::update_submittal@657; backend/app/ai/submittal_reader.py::sync_register@666; backend/app/services/submittal_replies.py::for_revision@65","Form reading (AI) + reply folder letters/phrases (submittal_replies.for_revision) + answers_another_revision guard","REQUIRED for the AI map/check (explicit action); register edits need none","Register rows; cell_code maps status+reply_code to UR/A/ANN/RR/REJ","Material Submittal Processor (roadmap: MaterialSubmittal, MaterialSubmittalRevision, ReviewCycle, ConsultantDecision)","ProjectSubmittal / ProjectSubmittalRevision (existing) = the ONE authority for material status; folder/path is evidence only","Material Submittals; Logs (material_log); Home (materials_by_system); Drawings requirements (material_approval); readiness; actions; account","Current: sync_register rewrites the register from the map whenever check runs (see override column for the four triggers); engineer edits are immediate; history rows keep every change but carry no protection. Target: register writes versioned by map id + engineer edit id; automatic input never replaces a manual value without a recorded conflict","CURRENT BEHAVIOUR (traced): the engineer writes through create_submittal@614 / update_submittal@657 -> _set_revision@587 (history source=manual). sync_register@666, run by submittal_reader.check@590 (POST check job backend/app/routers/submittal.py@807; document_processing.run@208 when forms changed, lines 448-452; document_sync.sync@772 when forms were removed, line 935; submittal_filing.file_package@186 at lines 141 and 296), assigns each mapped revision's status/reply_code from the map whenever they differ (history source=ai_check) WITHOUT inspecting the prior history source, any engineer confirmation or the manual/ai_check distinction, then assigns the parent submittal's status/revision/reply_code from the map's latest cell. It also removes a revision that is not on the map when that revision carries a reference (sync_register lines 734-738; a hand-typed revision without reference stays), and deletes a whole submittal only when its key is off the map AND none of its references is still filed as a submittal_form (lines 786-796). So an engineer status that differs from the map is replaced at the next check; history keeps the previous value but the effective value is lost. PROTECTION OF ENGINEER STATUS = TARGET INVARIANT, NOT IMPLEMENTED (gap G-01). Not changed in M1.","No register row -> 'missing' state; not_submitted for prepared-but-unsent","backend/app/models.py::ProjectSubmittal@1045; backend/app/models.py::ProjectSubmittalRevision@1113; backend/app/routers/submittal.py::_set_revision@587; backend/app/ai/submittal_reader.py::sync_register@666; backend/app/ai/submittal_reader.py::check@590; backend/app/services/project_state.py::cell_code@86; query:submittals; query:submittal_status_history_sources","CURRENT"
"MS.status","material_submittals","Material Submittals page (register, map overlay); Logs material register; Home; Drawings requirements (approval); Account","ProjectSubmittal.status / ProjectSubmittalRevision.status (not_submitted|under_review|approved|rejected) + reply_code (A/B/C)","The consultant's decision on a revision as the register holds it - the business status of the material.","enum + code","1 per revision","submittal router (create/update/set_revision) + submittal_reader.sync_register (AI check) + submittal_filing.file_package","Engineer; AI reading of forms + replies filed in Received folders (submittal_replies); package filing","backend/app/models.py::ProjectSubmittalRevision@1113","backend/app/routers/submittal.py::list_submittals@499; ::_set_revision@587; ::update_submittal@657; backend/app/ai/submittal_reader.py::sync_register@666; backend/app/services/submittal_replies.py::for_revision@65","Form reading (AI) + reply folder letters/phrases (submittal_replies.for_revision) + answers_another_revision guard","REQUIRED for the AI map/check (explicit action); register edits need none","Register rows; cell_code maps status+reply_code to UR/A/ANN/RR/REJ","Material Submittal Processor (roadmap: MaterialSubmittal, MaterialSubmittalRevision, ReviewCycle, ConsultantDecision)","ProjectSubmittal / ProjectSubmittalRevision (existing) = the ONE authority for material status; folder/path is evidence only","Material Submittals; Logs (material_log); Home (materials_by_system); Drawings requirements (material_approval); readiness; actions; account","Current: sync_register rewrites the register from the map whenever check runs (see override column for the four triggers); engineer edits are immediate; history rows keep every change but carry no protection. Target: register writes versioned by map id + engineer edit id; automatic input never replaces a manual value without a recorded conflict","CURRENT BEHAVIOUR (traced): the engineer writes through create_submittal@614 / update_submittal@657 -> _set_revision@587 (history source=manual). sync_register@666, run by submittal_reader.check@590 (POST check job backend/app/routers/submittal.py@807; document_processing.run@208 when forms changed, lines 448-452; document_sync.sync@772 when forms were removed, line 935; submittal_filing.file_package@186 at lines 141 and 296), assigns each mapped revision's status/reply_code from the map whenever they differ (history source=ai_check) WITHOUT inspecting the prior history source, any engineer confirmation or the manual/ai_check distinction, then assigns the parent submittal's status/revision/reply_code from the map's latest cell. It also removes a revision that is not on the map when that revision carries a reference (sync_register lines 734-738; a hand-typed revision without reference stays), and deletes a whole submittal only when its key is off the map AND none of its references is still filed as a submittal_form (lines 786-796). So an engineer status that differs from the map is replaced at the next check; history keeps the previous value but the effective value is lost. PROTECTION OF ENGINEER STATUS = TARGET INVARIANT, NOT IMPLEMENTED (gap G-01). Not changed in M1. Future regression cases (not executed): (1) manual status approved, map says under_review -> engineer value must stand and a conflict be raised; (2) manual status differs and the map has no reply for that revision -> unchanged; (3) a manual revision R02 absent from the map with a reference -> must not be removed; (4) a manual revision without reference -> stays (current behaviour); (5) form deleted from folder -> submittal deleted only when no reference still filed (current guard); (6) engineer edits after ai_check -> later ai_check must not revert; (7) two runs of check with an unchanged map -> idempotent history.","No register row -> 'missing' state; not_submitted for prepared-but-unsent","backend/app/models.py::ProjectSubmittal@1045; backend/app/models.py::ProjectSubmittalRevision@1113; backend/app/routers/submittal.py::_set_revision@587; backend/app/ai/submittal_reader.py::sync_register@666; backend/app/ai/submittal_reader.py::check@590; backend/app/services/project_state.py::cell_code@86; query:submittals; query:submittal_status_history_sources","CURRENT"
"MS.document_path","material_submittals","Material Submittals page (register, map overlay); Logs material register; Home; Drawings requirements (approval); Account","ProjectSubmittal.document_path / revision.document_path / also_filed_as","Where the form is filed; other references it was filed under.","path","0..1","submittal router (create/update/set_revision) + submittal_reader.sync_register (AI check) + submittal_filing.file_package","Engineer; AI reading of forms + replies filed in Received folders (submittal_replies); package filing","backend/app/models.py::ProjectSubmittalRevision@1113","backend/app/routers/submittal.py::list_submittals@499; ::_set_revision@587; ::update_submittal@657; backend/app/ai/submittal_reader.py::sync_register@666; backend/app/services/submittal_replies.py::for_revision@65","Form reading (AI) + reply folder letters/phrases (submittal_replies.for_revision) + answers_another_revision guard","REQUIRED for the AI map/check (explicit action); register edits need none","Register rows; cell_code maps status+reply_code to UR/A/ANN/RR/REJ","Material Submittal Processor (roadmap: MaterialSubmittal, MaterialSubmittalRevision, ReviewCycle, ConsultantDecision)","ProjectSubmittal / ProjectSubmittalRevision (existing) = the ONE authority for material status; folder/path is evidence only","Material Submittals; Logs (material_log); Home (materials_by_system); Drawings requirements (material_approval); readiness; actions; account","Current: sync_register rewrites the register from the map whenever check runs (see override column for the four triggers); engineer edits are immediate; history rows keep every change but carry no protection. Target: register writes versioned by map id + engineer edit id; automatic input never replaces a manual value without a recorded conflict","CURRENT BEHAVIOUR (traced): the engineer writes through create_submittal@614 / update_submittal@657 -> _set_revision@587 (history source=manual). sync_register@666, run by submittal_reader.check@590 (POST check job backend/app/routers/submittal.py@807; document_processing.run@208 when forms changed, lines 448-452; document_sync.sync@772 when forms were removed, line 935; submittal_filing.file_package@186 at lines 141 and 296), assigns each mapped revision's status/reply_code from the map whenever they differ (history source=ai_check) WITHOUT inspecting the prior history source, any engineer confirmation or the manual/ai_check distinction, then assigns the parent submittal's status/revision/reply_code from the map's latest cell. It also removes a revision that is not on the map when that revision carries a reference (sync_register lines 734-738; a hand-typed revision without reference stays), and deletes a whole submittal only when its key is off the map AND none of its references is still filed as a submittal_form (lines 786-796). So an engineer status that differs from the map is replaced at the next check; history keeps the previous value but the effective value is lost. PROTECTION OF ENGINEER STATUS = TARGET INVARIANT, NOT IMPLEMENTED (gap G-01). Not changed in M1.","No register row -> 'missing' state; not_submitted for prepared-but-unsent","backend/app/models.py::ProjectSubmittal@1045; backend/app/models.py::ProjectSubmittalRevision@1113; backend/app/routers/submittal.py::_set_revision@587; backend/app/ai/submittal_reader.py::sync_register@666; backend/app/ai/submittal_reader.py::check@590; backend/app/services/project_state.py::cell_code@86; query:submittals; query:submittal_status_history_sources","CURRENT"
"MS.status_history","material_submittals","Material Submittals page (register, map overlay); Logs material register; Home; Drawings requirements (approval); Account","ProjectSubmittalStatusChange (previous_status, new_status, reply_code, source, by, changed_at)","Audit of status changes with their source (engineer, ai_check).","rows","0..N","submittal router (create/update/set_revision) + submittal_reader.sync_register (AI check) + submittal_filing.file_package","Engineer; AI reading of forms + replies filed in Received folders (submittal_replies); package filing","backend/app/models.py::ProjectSubmittalStatusChange@1145","backend/app/routers/submittal.py::list_submittals@499; ::_set_revision@587; ::update_submittal@657; backend/app/ai/submittal_reader.py::sync_register@666; backend/app/services/submittal_replies.py::for_revision@65","Form reading (AI) + reply folder letters/phrases (submittal_replies.for_revision) + answers_another_revision guard","REQUIRED for the AI map/check (explicit action); register edits need none","Register rows; cell_code maps status+reply_code to UR/A/ANN/RR/REJ","Material Submittal Processor (roadmap: MaterialSubmittal, MaterialSubmittalRevision, ReviewCycle, ConsultantDecision)","ProjectSubmittal / ProjectSubmittalRevision (existing) = the ONE authority for material status; folder/path is evidence only","Material Submittals; Logs (material_log); Home (materials_by_system); Drawings requirements (material_approval); readiness; actions; account","Current: sync_register rewrites the register from the map whenever check runs (see override column for the four triggers); engineer edits are immediate; history rows keep every change but carry no protection. Target: register writes versioned by map id + engineer edit id; automatic input never replaces a manual value without a recorded conflict","CURRENT BEHAVIOUR (traced): the engineer writes through create_submittal@614 / update_submittal@657 -> _set_revision@587 (history source=manual). sync_register@666, run by submittal_reader.check@590 (POST check job backend/app/routers/submittal.py@807; document_processing.run@208 when forms changed, lines 448-452; document_sync.sync@772 when forms were removed, line 935; submittal_filing.file_package@186 at lines 141 and 296), assigns each mapped revision's status/reply_code from the map whenever they differ (history source=ai_check) WITHOUT inspecting the prior history source, any engineer confirmation or the manual/ai_check distinction, then assigns the parent submittal's status/revision/reply_code from the map's latest cell. It also removes a revision that is not on the map when that revision carries a reference (sync_register lines 734-738; a hand-typed revision without reference stays), and deletes a whole submittal only when its key is off the map AND none of its references is still filed as a submittal_form (lines 786-796). So an engineer status that differs from the map is replaced at the next check; history keeps the previous value but the effective value is lost. PROTECTION OF ENGINEER STATUS = TARGET INVARIANT, NOT IMPLEMENTED (gap G-01). Not changed in M1.","No register row -> 'missing' state; not_submitted for prepared-but-unsent","backend/app/models.py::ProjectSubmittal@1045; backend/app/models.py::ProjectSubmittalRevision@1113; backend/app/routers/submittal.py::_set_revision@587; backend/app/ai/submittal_reader.py::sync_register@666; backend/app/ai/submittal_reader.py::check@590; backend/app/services/project_state.py::cell_code@86; query:submittals; query:submittal_status_history_sources","CURRENT"
"MS.events","material_submittals","Material Submittals page (register, map overlay); Logs material register; Home; Drawings requirements (approval); Account","ProjectSubmittalEvent (kind, detail, by, at)","Activity feed of the submittal.","rows","0..N","submittal router (create/update/set_revision) + submittal_reader.sync_register (AI check) + submittal_filing.file_package","Engineer; AI reading of forms + replies filed in Received folders (submittal_replies); package filing","backend/app/models.py::ProjectSubmittalEvent@1254","backend/app/routers/submittal.py::list_submittals@499; ::_set_revision@587; ::update_submittal@657; backend/app/ai/submittal_reader.py::sync_register@666; backend/app/services/submittal_replies.py::for_revision@65","Form reading (AI) + reply folder letters/phrases (submittal_replies.for_revision) + answers_another_revision guard","REQUIRED for the AI map/check (explicit action); register edits need none","Register rows; cell_code maps status+reply_code to UR/A/ANN/RR/REJ","Material Submittal Processor (roadmap: MaterialSubmittal, MaterialSubmittalRevision, ReviewCycle, ConsultantDecision)","ProjectSubmittal / ProjectSubmittalRevision (existing) = the ONE authority for material status; folder/path is evidence only","Material Submittals; Logs (material_log); Home (materials_by_system); Drawings requirements (material_approval); readiness; actions; account","Current: sync_register rewrites the register from the map whenever check runs (see override column for the four triggers); engineer edits are immediate; history rows keep every change but carry no protection. Target: register writes versioned by map id + engineer edit id; automatic input never replaces a manual value without a recorded conflict","CURRENT BEHAVIOUR (traced): the engineer writes through create_submittal@614 / update_submittal@657 -> _set_revision@587 (history source=manual). sync_register@666, run by submittal_reader.check@590 (POST check job backend/app/routers/submittal.py@807; document_processing.run@208 when forms changed, lines 448-452; document_sync.sync@772 when forms were removed, line 935; submittal_filing.file_package@186 at lines 141 and 296), assigns each mapped revision's status/reply_code from the map whenever they differ (history source=ai_check) WITHOUT inspecting the prior history source, any engineer confirmation or the manual/ai_check distinction, then assigns the parent submittal's status/revision/reply_code from the map's latest cell. It also removes a revision that is not on the map when that revision carries a reference (sync_register lines 734-738; a hand-typed revision without reference stays), and deletes a whole submittal only when its key is off the map AND none of its references is still filed as a submittal_form (lines 786-796). So an engineer status that differs from the map is replaced at the next check; history keeps the previous value but the effective value is lost. PROTECTION OF ENGINEER STATUS = TARGET INVARIANT, NOT IMPLEMENTED (gap G-01). Not changed in M1.","No register row -> 'missing' state; not_submitted for prepared-but-unsent","backend/app/models.py::ProjectSubmittal@1045; backend/app/models.py::ProjectSubmittalRevision@1113; backend/app/routers/submittal.py::_set_revision@587; backend/app/ai/submittal_reader.py::sync_register@666; backend/app/ai/submittal_reader.py::check@590; backend/app/services/project_state.py::cell_code@86; query:submittals; query:submittal_status_history_sources","CURRENT"
"MS.map","material_submittals","Material Submittals page (map grid per system/reference/revision)","SubmittalMap (rows[reference, references, title, supplier, manufacturer, system, cells{revision: status,file,date,reply_code,consultant,reply_date,evidence,unverified_reply,copies}, latest, latest_status, action], actions, warnings, changed)","The AI's map of the folder's forms overlaid with the register's status (as the register stands).","object","1","submittal_reader.check@590 builds the map (build_map@441) and stores it; submittal_map GET reads latest_map and overlays the register (_as_the_register_stands@824)","DOC.form_reading + folder listing + register","backend/app/models.py::DocumentReading@1398 rows with kind=MAP_KIND ('submittal_map', backend/app/ai/submittal_reader.py@60): check@590 adds one per run (reading JSON = the map, listing_sha256/listing_files/map_version inside); latest_map@580 returns the newest by id","backend/app/routers/submittal.py::submittal_map@873; ::_as_the_register_stands@824; backend/app/ai/submittal_reader.py::latest_map@580; ::check@590; ::build_map@441","Form readings grouped by reference/revision; copies counted","REQUIRED for building (explicit check); GET is DB-only","Overlay: register status wins per cell","Material Submittal Processor (relationships Document->Submittal revision)","CANONICAL status = MS.status; map is a projection with evidence","Material Submittals","Current: the GET returns changed=False unconditionally (submittal_map@873, lines 886-890: folder change detection is the document sync's job); listing_sha256/listing_files stored in the map are provenance of the run, not runtime detection. Target: map generation id tied to the registry generation it was drawn from","Register edits show through the overlay","available=false with reason when AI off; no map -> empty overlay","backend/app/routers/submittal.py::submittal_map@873; backend/app/ai/submittal_reader.py::latest_map@580; query:table_counts","CURRENT"
"MS.materials","material_submittals","Material Submittals (materials count, with_datasheet); package plan","MaterialSubmittal.items (MAT.item) per system; materials / materials_with_datasheet counts","The BOQ parts a system's submittal covers and which have datasheets.","object","1","submittal._materials/_attach_datasheets (derived)","MAT.item + datasheet library","DERIVED","backend/app/routers/submittal.py::list_materials@176; ::_materials@112","NOT_APPLICABLE","NONE","Aggregation","Materials service","CANONICAL = MAT.item","Material Submittals; package","Library refresh","NOT_APPLICABLE","NOT_APPLICABLE","backend/app/routers/submittal.py::_materials@112","CURRENT"
"MS.package","material_submittals","Material Submittals > package builder (plan, build, checklist)","PackagePlan (sections[documents: name, source, part_no, covers, included, missing_reason], battery_calculation, library_found)","What a submittal package would contain from the library and project outputs; building files it into the project folder.","object","1","submittal_package.plan_package (on request) / build_package (POST) / submittal_filing.file_package","Datasheet library, certificates archive, BOQ materials, battery calc, warranty/COO templates","Files written to the project folder; register row via file_package","backend/app/services/submittal_package.py::plan_package@443; ::build_package@1103; backend/app/services/submittal_filing.py::file_package@186; ::prepared@36","Library document search by part; checklist OCR (read_checklist)","Checklist read may use OCR; no LLM","Explicit action","Material Submittal Processor (package as relationships Document->Datasheet/Certificate)","Built package files + register revision","Material Submittals","Current: nothing stored for a plan (computed per request); package_plan@1290 and build_submittal_package@1326 call _battery_calculation (submittal.py lines 1191-1194, 1357) so a plan can commit battery results. Target dependencies: PRJ.project_name/client/consultant/systems, MS.identity + MS.revision, MAT.item (BOQ.* generation, MAT.added_item, MAT.datasheet_link), BAT.result, KNW.datasheet_file index generation, certificates archive state, templates","Engineer selects sections","missing_reason per document","backend/app/services/submittal_package.py::plan_package@443; backend/app/routers/submittal.py::package_plan@1290; backend/app/routers/submittal.py::build_submittal_package@1326","CURRENT"
"MS.reply_editor","material_submittals","Submittal reply page (/projects/:id/submittals/:ref/:rev/reply)","SubmittalReply (reference, revision, system_code, system_title, project_name, manufacturer, consultant, supplier, rows[sn, comment, reply, remark], saved, updated_by)","The contractor's reply sheet to the consultant's comments on one revision - our response, never a consultant decision.","object","0..1","submittal.save_submittal_reply@988 (PUT, engineer). Loading: get_submittal_reply@955 returns the saved rows, or, when none is saved, seeds rows from _consultant_words@924; the heading always comes from _reply_context@895 (two separate calls, not a chain)","Engineer text; consultant comments from the filed reply's stored words (submittal_replies.for_revision) or, for a scan, read off the reply PDF (submittal_replies.words_of)","backend/app/models.py::SubmittalReply@1214","backend/app/routers/submittal.py::get_submittal_reply@955; ::_consultant_words@924; ::_reply_context@895; ::save_submittal_reply@988; backend/app/services/submittal_replies.py::for_revision@65; ::words_of@89","words_of reads pages of the filed reply PDF when the editor opens unsaved and the reply is a scan","NONE","Stored rows","Material Submittal Processor (ContractorReply linked to ReviewCycle)","SubmittalReply (existing); must never write MS.status","Reply page; export xlsx/pdf","Current: independent of MS.status; seeded once from the filed reply. Target: linked to the ReviewCycle it answers (MS.revision) with the consultant comment version","Engineer authors","Unsaved until written","backend/app/routers/submittal.py::get_submittal_reply@955","CURRENT"
"MS.storage_folders","material_submittals","Material Submittals (storage card)","StorageFolder (name, path, items, modified)","The package folders on disk per system.","object[]","0..N","submittal._storage (folder listing on read)","filesystem","DERIVED (folder scan)","backend/app/routers/submittal.py::_storage@291","NOT_APPLICABLE","NONE","Directory listing","Materials/Submittal service (background folder inventory)","Derived","Material Submittals","Folder state","NOT_APPLICABLE","No folder -> empty","backend/app/routers/submittal.py::_storage@291","READ_SIDE_EFFECT"
"SD.identity","drawings","Drawings tab (Log, Actions Required, Review & Issues, Activity); Logs drawings register; Home; drawing detail","ProjectShopDrawing.id / drawing_reference / system_code / title / schedule_reference","One logical shop drawing per system (keyed by floor when read, else by reference: document_control.combine.drawing_key).","object","0..N","shop_drawings.reconcile (background after processing; and catch-up on GET of Drawings/Logs) + engineer actions","DOC.records (drawings, reply categories), IFC in-force floors, engineer decisions, AI review","backend/app/models.py::ProjectShopDrawing@2131","backend/app/services/shop_drawings.py::reconcile@144; ::_reconcile_system@237; ::row_of@736; ::log@806; ::register@966; backend/app/routers/drawings.py::_catch_up@81","DOC.records category=drawings (title block or submission cover) + is_shop_drawing folder rule + _reference_shape","drawing_ai_review / _ai_review for unmatched replies and conflicts (explicit or in reconcile ai=True during processing)","Reconciled domain records; log/register rows built from them (row_of/_cell)","Drawing Processor (roadmap: ShopDrawing, ShopDrawingRevision, DrawingCandidate, External/Reference relationship)","ProjectShopDrawing / ShopDrawingRevision (existing) = the ONE authority for drawing identity, revision and status","Drawings; Logs register; Home (shop_drawings state); readiness? (no); required drawings (IFC list)","Project.drawings_reconciled_at vs documents_synced_at (needs_reconcile); no per-record version","Engineer: set_revision_status (PUT revisions/{rev}) sets status with source=engineer and confirmed_by_id - stands over sync and AI; patch_drawing edits reference/title/floors/remarks and confirms the drawing (confirmed_by_id); confirm/ignore candidate; merge/keep-separate floors; resolve issue. Reconciliation must not overwrite a confirmed revision (shop_drawings._apply_reply checks confirmed_by_id).","reply_not_found when submitted and answered elsewhere; not_submitted placeholder rows for IFC floors","backend/app/models.py::ProjectShopDrawing@2131; backend/app/services/shop_drawings.py::reconcile@144; ::_reconcile_system@237; ::row_of@736; ::log@806; ::register@966; backend/app/routers/drawings.py::_catch_up@81; query:revisions_by_status; query:issues","CURRENT"
"SD.floors","drawings","Drawings tab (Log, Actions Required, Review & Issues, Activity); Logs drawings register; Home; drawing detail","ProjectShopDrawing.floor_keys / floor_label / typical + ProjectBuildingFloor registry + ProjectFloorAlias","The floor(s) a drawing covers, against the building's floor registry (IFC + shop drawing named floors, aliases).","object","0..N","shop_drawings.reconcile (background after processing; and catch-up on GET of Drawings/Logs) + engineer actions","DOC.records (drawings, reply categories), IFC in-force floors, engineer decisions, AI review","backend/app/models.py::ProjectShopDrawing@2131; ProjectBuildingFloor@2069","backend/app/services/shop_drawings.py::reconcile@144; ::_reconcile_system@237; ::row_of@736; ::log@806; ::register@966; backend/app/routers/drawings.py::_catch_up@81","floor_name from title/filename; building_floors.resolve_aliases; drawing_log.floor_identity","drawing_ai_review / _ai_review for unmatched replies and conflicts (explicit or in reconcile ai=True during processing)","Reconciled domain records; log/register rows built from them (row_of/_cell)","Drawing Processor (roadmap: ShopDrawing, ShopDrawingRevision, DrawingCandidate, External/Reference relationship)","ProjectShopDrawing / ShopDrawingRevision (existing) = the ONE authority for drawing identity, revision and status","Drawings; Logs register; Home (shop_drawings state); readiness? (no); required drawings (IFC list)","Project.drawings_reconciled_at vs documents_synced_at (needs_reconcile); no per-record version","Engineer: set_revision_status (PUT revisions/{rev}) sets status with source=engineer and confirmed_by_id - stands over sync and AI; patch_drawing edits reference/title/floors/remarks and confirms the drawing (confirmed_by_id); confirm/ignore candidate; merge/keep-separate floors; resolve issue. Reconciliation must not overwrite a confirmed revision (shop_drawings._apply_reply checks confirmed_by_id).","reply_not_found when submitted and answered elsewhere; not_submitted placeholder rows for IFC floors","backend/app/models.py::ProjectShopDrawing@2131; ProjectBuildingFloor@2069; backend/app/services/shop_drawings.py::reconcile@144; ::_reconcile_system@237; ::row_of@736; ::log@806; ::register@966; backend/app/routers/drawings.py::_catch_up@81; query:revisions_by_status; query:issues","CURRENT"
"SD.revision","drawings","Drawings tab (Log, Actions Required, Review & Issues, Activity); Logs drawings register; Home; drawing detail","ShopDrawingRevision.revision / number / submitted / submission_reference / submitted_at","Each revision of the drawing and whether it was submitted.","object","0..N","shop_drawings.reconcile (background after processing; and catch-up on GET of Drawings/Logs) + engineer actions","DOC.records (drawings, reply categories), IFC in-force floors, engineer decisions, AI review","backend/app/models.py::ShopDrawingRevision@2166","backend/app/services/shop_drawings.py::reconcile@144; ::_reconcile_system@237; ::row_of@736; ::log@806; ::register@966; backend/app/routers/drawings.py::_catch_up@81","REV regex on the sheet, else -Rn suffix, else folder revision (FOLDER_REV) for drawings; cover Rev: field","drawing_ai_review / _ai_review for unmatched replies and conflicts (explicit or in reconcile ai=True during processing)","Reconciled domain records; log/register rows built from them (row_of/_cell)","Drawing Processor (roadmap: ShopDrawing, ShopDrawingRevision, DrawingCandidate, External/Reference relationship)","ProjectShopDrawing / ShopDrawingRevision (existing) = the ONE authority for drawing identity, revision and status","Drawings; Logs register; Home (shop_drawings state); readiness? (no); required drawings (IFC list)","Project.drawings_reconciled_at vs documents_synced_at (needs_reconcile); no per-record version","Engineer: set_revision_status (PUT revisions/{rev}) sets status with source=engineer and confirmed_by_id - stands over sync and AI; patch_drawing edits reference/title/floors/remarks and confirms the drawing (confirmed_by_id); confirm/ignore candidate; merge/keep-separate floors; resolve issue. Reconciliation must not overwrite a confirmed revision (shop_drawings._apply_reply checks confirmed_by_id).","reply_not_found when submitted and answered elsewhere; not_submitted placeholder rows for IFC floors","backend/app/models.py::ShopDrawingRevision@2166; backend/app/services/shop_drawings.py::reconcile@144; ::_reconcile_system@237; ::row_of@736; ::log@806; ::register@966; backend/app/routers/drawings.py::_catch_up@81; query:revisions_by_status; query:issues","CURRENT"
"SD.revision_status","drawings","Drawings tab (Log, Actions Required, Review & Issues, Activity); Logs drawings register; Home; drawing detail","ShopDrawingRevision.status (approved|approved_as_noted|under_review|not_approved|reply_not_found|not_submitted) / source (sync|submission|engineer|ai) / reply_reference / reply_at / reply_text / note","The consultant's decision on a drawing revision as the register holds it - the business status of the drawing.","enum","1 per revision","shop_drawings.reconcile (background after processing; and catch-up on GET of Drawings/Logs) + engineer actions","DOC.records (drawings, reply categories), IFC in-force floors, engineer decisions, AI review","backend/app/models.py::ShopDrawingRevision@2166","backend/app/services/shop_drawings.py::reconcile@144; ::_reconcile_system@237; ::row_of@736; ::log@806; ::register@966; backend/app/routers/drawings.py::_catch_up@81","read_decision / boxed_decision / annotated_decision / OCR stamps on the sheet; replies folded by reference or listed sheet (combine, _answers); AI reply matching (_ai_review/_apply_reply)","drawing_ai_review / _ai_review for unmatched replies and conflicts (explicit or in reconcile ai=True during processing)","Reconciled domain records; log/register rows built from them (row_of/_cell)","Drawing Processor (roadmap: ShopDrawing, ShopDrawingRevision, DrawingCandidate, External/Reference relationship)","ProjectShopDrawing / ShopDrawingRevision (existing) = the ONE authority for drawing identity, revision and status","Drawings; Logs register; Home (shop_drawings state); readiness? (no); required drawings (IFC list)","Project.drawings_reconciled_at vs documents_synced_at (needs_reconcile); no per-record version","Engineer: set_revision_status (PUT revisions/{rev}) sets status with source=engineer and confirmed_by_id - stands over sync and AI; patch_drawing edits reference/title/floors/remarks and confirms the drawing (confirmed_by_id); confirm/ignore candidate; merge/keep-separate floors; resolve issue. Reconciliation must not overwrite a confirmed revision (shop_drawings._apply_reply checks confirmed_by_id).","reply_not_found when submitted and answered elsewhere; not_submitted placeholder rows for IFC floors","backend/app/models.py::ShopDrawingRevision@2166; backend/app/services/shop_drawings.py::reconcile@144; ::_reconcile_system@237; ::row_of@736; ::log@806; ::register@966; backend/app/routers/drawings.py::_catch_up@81; query:revisions_by_status; query:issues","CURRENT"
"SD.candidate","drawings","Drawings tab (Log, Actions Required, Review & Issues, Activity); Logs drawings register; Home; drawing detail","ShopDrawingCandidate (revision, path, page, file_sha256, candidate_status available|confirmed|ignored|superseded|conflict, evidence, decided_by)","A file that may be a revision of a known drawing, awaiting a decision.","rows","0..N","shop_drawings.reconcile (background after processing; and catch-up on GET of Drawings/Logs) + engineer actions","DOC.records (drawings, reply categories), IFC in-force floors, engineer decisions, AI review","backend/app/models.py::ShopDrawingCandidate@2207","backend/app/services/shop_drawings.py::reconcile@144; ::_reconcile_system@237; ::row_of@736; ::log@806; ::register@966; backend/app/routers/drawings.py::_catch_up@81","_conflicts: same shape/floor with different reference","drawing_ai_review / _ai_review for unmatched replies and conflicts (explicit or in reconcile ai=True during processing)","Reconciled domain records; log/register rows built from them (row_of/_cell)","Drawing Processor (roadmap: ShopDrawing, ShopDrawingRevision, DrawingCandidate, External/Reference relationship)","ProjectShopDrawing / ShopDrawingRevision (existing) = the ONE authority for drawing identity, revision and status","Drawings; Logs register; Home (shop_drawings state); readiness? (no); required drawings (IFC list)","Project.drawings_reconciled_at vs documents_synced_at (needs_reconcile); no per-record version","Engineer: set_revision_status (PUT revisions/{rev}) sets status with source=engineer and confirmed_by_id - stands over sync and AI; patch_drawing edits reference/title/floors/remarks and confirms the drawing (confirmed_by_id); confirm/ignore candidate; merge/keep-separate floors; resolve issue. Reconciliation must not overwrite a confirmed revision (shop_drawings._apply_reply checks confirmed_by_id).","reply_not_found when submitted and answered elsewhere; not_submitted placeholder rows for IFC floors","backend/app/models.py::ShopDrawingCandidate@2207; backend/app/services/shop_drawings.py::reconcile@144; ::_reconcile_system@237; ::row_of@736; ::log@806; ::register@966; backend/app/routers/drawings.py::_catch_up@81; query:revisions_by_status; query:issues","CURRENT"
"SD.issue","drawings","Drawings tab (Log, Actions Required, Review & Issues, Activity); Logs drawings register; Home; drawing detail","DrawingIssue (kind floor_unknown|revision_candidate|revision_conflict|reply_missing|reply_unmatched|ai_review_required|possible_duplicate_floor|floor_not_in_ifc, severity, source system|ai, detail, ai, resolved)","Review items raised by reconciliation or the AI review.","rows","0..N","shop_drawings.reconcile (background after processing; and catch-up on GET of Drawings/Logs) + engineer actions","DOC.records (drawings, reply categories), IFC in-force floors, engineer decisions, AI review","backend/app/models.py::DrawingIssue@2237","backend/app/services/shop_drawings.py::reconcile@144; ::_reconcile_system@237; ::row_of@736; ::log@806; ::register@966; backend/app/routers/drawings.py::_catch_up@81","drawing_issues.reconcile from wanted_issues","drawing_ai_review / _ai_review for unmatched replies and conflicts (explicit or in reconcile ai=True during processing)","Reconciled domain records; log/register rows built from them (row_of/_cell)","Drawing Processor (roadmap: ShopDrawing, ShopDrawingRevision, DrawingCandidate, External/Reference relationship)","ProjectShopDrawing / ShopDrawingRevision (existing) = the ONE authority for drawing identity, revision and status","Drawings; Logs register; Home (shop_drawings state); readiness? (no); required drawings (IFC list)","Project.drawings_reconciled_at vs documents_synced_at (needs_reconcile); no per-record version","Engineer: set_revision_status (PUT revisions/{rev}) sets status with source=engineer and confirmed_by_id - stands over sync and AI; patch_drawing edits reference/title/floors/remarks and confirms the drawing (confirmed_by_id); confirm/ignore candidate; merge/keep-separate floors; resolve issue. Reconciliation must not overwrite a confirmed revision (shop_drawings._apply_reply checks confirmed_by_id).","reply_not_found when submitted and answered elsewhere; not_submitted placeholder rows for IFC floors","backend/app/models.py::DrawingIssue@2237; backend/app/services/shop_drawings.py::reconcile@144; ::_reconcile_system@237; ::row_of@736; ::log@806; ::register@966; backend/app/routers/drawings.py::_catch_up@81; query:revisions_by_status; query:issues","CURRENT"
"SD.events","drawings","Drawings tab (Log, Actions Required, Review & Issues, Activity); Logs drawings register; Home; drawing detail","ShopDrawingEvent (kind, text, detail, user, at)","Activity/history of the drawings register.","rows","0..N","shop_drawings.reconcile (background after processing; and catch-up on GET of Drawings/Logs) + engineer actions","DOC.records (drawings, reply categories), IFC in-force floors, engineer decisions, AI review","backend/app/models.py::ShopDrawingEvent@2291","backend/app/services/shop_drawings.py::reconcile@144; ::_reconcile_system@237; ::row_of@736; ::log@806; ::register@966; backend/app/routers/drawings.py::_catch_up@81","NOT_APPLICABLE","drawing_ai_review / _ai_review for unmatched replies and conflicts (explicit or in reconcile ai=True during processing)","Reconciled domain records; log/register rows built from them (row_of/_cell)","Drawing Processor (roadmap: ShopDrawing, ShopDrawingRevision, DrawingCandidate, External/Reference relationship)","ProjectShopDrawing / ShopDrawingRevision (existing) = the ONE authority for drawing identity, revision and status","Drawings; Logs register; Home (shop_drawings state); readiness? (no); required drawings (IFC list)","Project.drawings_reconciled_at vs documents_synced_at (needs_reconcile); no per-record version","Engineer: set_revision_status (PUT revisions/{rev}) sets status with source=engineer and confirmed_by_id - stands over sync and AI; patch_drawing edits reference/title/floors/remarks and confirms the drawing (confirmed_by_id); confirm/ignore candidate; merge/keep-separate floors; resolve issue. Reconciliation must not overwrite a confirmed revision (shop_drawings._apply_reply checks confirmed_by_id).","reply_not_found when submitted and answered elsewhere; not_submitted placeholder rows for IFC floors","backend/app/models.py::ShopDrawingEvent@2291; backend/app/services/shop_drawings.py::reconcile@144; ::_reconcile_system@237; ::row_of@736; ::log@806; ::register@966; backend/app/routers/drawings.py::_catch_up@81; query:revisions_by_status; query:issues","CURRENT"
"SD.register_row","drawings","Drawings Log tab (LogRow/LogCell) and Logs > Drawings register (RegisterRow)","key, source shop_drawing|ifc_floor, reference, floor, floor_secondary, floor_keys, floors, typical, confirmed, remarks, cells{revision: status,label,path,page,note,source,confirmed}, latest_revision/status/path/page, candidates[], hints[], issues, schedule, updated_at","The presentation row per logical drawing or uncovered IFC floor.","object","0..N","shop_drawings.log / register (derived from SD.* on read)","SD.* + building floors + issues + candidates","DERIVED","backend/app/services/shop_drawings.py::log@806; ::register@966; ::row_of@736; ::_cell@716","NOT_APPLICABLE","NONE","Projection","Drawing Processor + prepared DrawingRegisterProjection (one for both tabs)","Derived from SD.*","Drawings; Logs","Same as SD.*","Through SD.* actions","IFC floor without drawing -> not_submitted row","backend/app/services/shop_drawings.py::row_of@736","CURRENT"
"SD.summary","drawings","Drawings header","DrawingsSummary.systems (floors, approved, approved_as_noted, under_review, not_approved, not_submitted, reply_not_found, review_items, candidates)","Per-system counts of the drawings register.","counts","1 per system","shop_drawings.summary (derived)","SD.*","DERIVED","backend/app/services/shop_drawings.py::summary@855; backend/app/routers/drawings.py::drawings_summary@112","NOT_APPLICABLE","NONE","Counts","Prepared projection","Derived from SD.revision_status","Drawings; Home","Same","NOT_APPLICABLE","NOT_APPLICABLE","backend/app/services/shop_drawings.py::summary@855","CURRENT"
"SD.required_items","drawings","Drawings > Actions Required (RequiredDrawingsTab)","required_drawings.status: groups[items: key, name, purpose, folder, format, received, received_date, files[], not_received, requested_at, remarks, ifc[]] + approvals item (material approval)","Contractor documents we need before drawing (IFC sets, title block, SD reference, load schedule) - received from folder presence; material approval from the register.","object","1","required_drawings.status on GET (folder listing) + drawing_requirements.states (requested/remarks) + project_state.material_approval","Filesystem folders + DrawingRequirementState + MS.status","backend/app/models.py::DrawingRequirementState@2272 (requested, remarks) + folder scan","backend/app/services/required_drawings.py::status@90; ::_files@73; backend/app/services/drawing_requirements.py::status@80; ::mark_sent@64; backend/app/services/project_state.py::material_approval@149","File presence in named folders (no content read)","NONE","received = folder has files; approval = register approved","Requirements service over prepared source presence + MS.status (roadmap: no guessing submission from presence)","DrawingRequirementState (requests) + PROPOSED presence projection; approval from MS.status","Drawings","Folder state on every GET","request_items / request_sent / remarks by engineer","not_received when folder empty","backend/app/services/required_drawings.py::status@90","READ_SIDE_EFFECT"
"SD.floor_registry","drawings","Drawings > floors view; log ordering; IFC floors","ProjectBuildingFloor (floor_key, display_name, sort_order, elevation, active, source ifc|shop_drawing, ifc_sheet, secondary_name, merged_into) + ProjectFloorAlias","The building's floors and aliases (IFC in force + floors the shop drawings name).","rows","0..N","building_floors.refresh in reconcile; merge_floors / keep_floors_separate (engineer)","IFC drawings in force + DOC.records floors","backend/app/models.py::ProjectBuildingFloor@2069; backend/app/models.py::ProjectFloorAlias@2102","backend/app/services/building_floors.py::refresh@234; ::resolve_aliases@134; ::suspects@330","floor_name / normalize_floor / alias resolution","NONE","Reconciled","Drawing Processor (floor identity)","ProjectBuildingFloor (existing)","Drawings; Logs order; IFC comparison","IFC in-force changes; reconcile","merge/separate decisions kept in aliases","possible_duplicate_floor issue raised, never merged on suspicion","backend/app/services/building_floors.py::refresh@234; query:floors","CURRENT"
"LOG.drawings_register","logs","Logs > Drawings register (DrawingsRegister via GET /logs/drawings, export)","RegisterRow (= SD.register_row) + summary + available_revisions + pagination","The drawings register: same rows as the Drawings Log with effective systems, filters and export.","object","0..N","logs.drawings_register -> _catch_up (may reconcile) -> shop_drawings.register","SD.*","DERIVED","backend/app/routers/logs.py::drawings_register@91; ::export_drawings_register@130; backend/app/services/shop_drawings.py::register@966","NOT_APPLICABLE","NONE","Projection","Pure reporting view over Drawing Processor records (roadmap M6 Logs)","SD.*","Logs","GET catch-up reconciliation; export runs register processing","Through Drawings actions","NOT_APPLICABLE","backend/app/routers/logs.py::drawings_register@91","READ_SIDE_EFFECT"
"LOG.material_register","logs","Logs > Material submittals register; Home (submittals summary via /logs)","ProjectLogs.material_submittals (ProjectLogDrawing rows: reference, revision, status code, reply_text, path, system_code, superseded[])","The material submittal log = the register rows at their latest revision with earlier revisions under them.","object[]","0..N","project_state.material_log (derived from MS.*)","MS.*","DERIVED","backend/app/services/project_state.py::material_log@391; backend/app/routers/projects.py::project_logs@1358","NOT_APPLICABLE","NONE","cell_code per revision","Reporting view over Material Submittal Processor records","MS.*","Logs; Home summarise (frontend re-buckets the codes)","Register","Register edits","Empty when no register rows","backend/app/services/project_state.py::material_log@391","CURRENT"
"LOG.legacy_drawings","logs","Legacy /logs drawings list (ProjectLogs.drawings) used by Home summaries","ProjectLogDrawing rows from log_records combine (category drawings, not schedule, is_shop_drawing)","A second drawings view built from raw records (document_control.combine) rather than the shop drawing register.","object[]","0..N","projects.project_logs -> document_sync.log_records -> document_control.combine","DOC.records","DERIVED (records, not domain rows)","backend/app/routers/projects.py::project_logs@1358; backend/app/services/document_sync.py::log_records@1247; backend/app/services/document_control.py::combine@1247","combine: merge by (category, system, reference, revision); replies fold; superseded chains; schedule matching","NONE","Duplicate of SD.* at evidence level","Retire in favour of SD.* projection (M6/M7)","DUPLICATE AUTHORITY: SD.* is canonical","Home summaries (drawings kind)","Records","None (register overrides do not reach it)","NOT_APPLICABLE","backend/app/routers/projects.py::project_logs@1358","DUPLICATE_DERIVATION"
"LOG.samples_register","logs","Logs > Samples register; Home samples; sample board checks","ProjectLogs.samples (records category samples: reference TR/n/yy or SAR ref, revision R0.., status UR/SUPERSEDED/decision, group_reference SAMPLE BOARD|SAMPLE MATERIAL, system_code, modified, path)","Sample submissions as read off transmittals (Word) and SAR forms, numbered per system by send order.","object[]","0..N","projects.project_logs -> log_records -> combine (transmittals.number)","DOC.records (source transmittal / SAR)","DERIVED from extracted records","backend/app/services/transmittals.py::read_transmittal@135; ::number@170; backend/app/services/document_control.py::combine@1247; backend/app/routers/projects.py::project_logs@1358","Word cells: subject/items/systems; SAR reference on PDF","NONE","number(): one per (group, system, TR number, date); revisions R0.. by send order; earlier SUPERSEDED","Sample Processor (proposed) writing a SampleSubmission domain record","PROPOSED SampleSubmission (see decisions); today no dedicated table (verified: no sample table in models)","Logs; Home; sample_board_checks","Records","NONE (no override exists)","Empty until synced","backend/app/services/transmittals.py::number@168","CURRENT"
"CMP.spec_match","compliance","Compliance page (systems[].specs); statement prepare source picker","SpecMatch (system_code, path, member, kind document|section, section_no, heading, first/last_page, pages, snippet, matched_on, uploaded, verification{project,system,evidence,decided_by})","Which specification files/sections apply to each system, and the rules-only verification that they are this project's.","object[]","0..N","compliance._specs: spec_finder.find_specs on cold/refresh (reads PDFs/ZIP members), stored in Project.spec_locations; _verify_matches","Project folder PDFs/ZIPs + uploaded specs","backend/app/models.py::Project.spec_locations@181; spec_warnings; specs_found_at","backend/app/routers/compliance.py::_specs@164; ::_verify_matches@209; ::get_compliance@260; backend/app/services/spec_finder.py::find_specs@343","Section numbers/headings in native text; looks_like_a_spec by name","verify_specification (POST) may use AI explicitly; GET verification is rules-only","Stored locations; re-search on refresh or moved file","Compliance service reading a Knowledge/Evidence layer indexed in the background (roadmap M6)","PROPOSED SpecificationSource evidence rows; today Project.spec_locations JSON","Compliance; statements","specs_found_at; role spec change resets spec_locations (document_processing._after_reading)","Upload/delete uploaded spec; verify decision recorded (decided_by)","Empty with warnings","backend/app/routers/compliance.py::_specs@164","READ_SIDE_EFFECT"
"CMP.statement","compliance","Compliance statements (list/get/edit/approve/export)","ComplianceStatement (kind prepare|check, system_code, spec{}, verification{}, rows[], reference_files, summary{inputs: spec_sha256, boq_hash, scope_hash, knowledge_import_id}, statement_name, approved, approved_by, approval_blockers, version)","A prepared or checked compliance statement with its clause answers.","rows","0..N","compliance.prepare_statement / check_statement (explicit) + edit/review/autofill (engineer); service.recheck rewrites rows/summary/approval on READ (see CMP.statement_inputs)","Spec PDF clauses + BOQ + scope + knowledge base + AI suggestions","backend/app/models.py::ComplianceStatement@1488 (rows JSON, summary JSON, spec JSON, approval columns)","backend/app/routers/compliance.py::prepare_statement@454; ::get_statement@522 -> ::_statement_out@424 -> backend/app/compliance/service.py::recheck@1052; ::list_statements@507 (summary only, no recheck)","Clause parsing from spec pages","ai_autofill (explicit; AiReview per row)","Stored; recheck (kind=prepare only) upgrades legacy rows lacking 'workflow' (commit), then flags database/ai-origin rows 'recheck' when inputs moved","Compliance service (clause decisions, approval blockers); recheck moved to an event/background revalidation, not a GET","ComplianceStatement (existing)","Compliance; account; readiness _compliance","Current: see CMP.statement_inputs (recheck on GET/approve/export). Target: statement version + input versions (CMP.spec_match sha, BOQ generation, PRJ.scope_of_work, KNW.knowledge_base import id) with revalidation off the read path","Engineer answers (review_row@621) set origin=engineer; approve_statement@749 / withdraw_statement_approval; an input change or row change withdraws approval automatically (system origin, audited)","insufficient_evidence status kept explicit; zero statements locally (query:table_counts)","backend/app/models.py::ComplianceStatement@1488; backend/app/compliance/service.py::recheck@1052","READ_SIDE_EFFECT"
"CMP.statement_inputs","compliance","Statement summary.inputs; recheck notes","ComplianceStatement.summary.inputs {spec_sha256, boq_hash, scope_hash, knowledge_import_id, spec_changed_to}","The fingerprints of what the drafts were answered against, and the comparison that flags rows for recheck.","object","1 per prepared statement","service.inputs_of at prepare; service.recheck compares and rewrites on read","CMP.spec_match file bytes (current_spec_sha), BOQ.* (knowledge_autofill.boq_hash), PRJ.scope_of_work (scope_hash), KNW.knowledge_base (last_import_id)","json:compliance_statements.summary $.inputs (column backend/app/models.py::ComplianceStatement.summary); audit rows backend/app/models.py::ComplianceAudit@1800","backend/app/compliance/service.py::inputs_of@177; ::recheck@1052; ::current_spec_sha@1005; ::_audit@271; ::_clear_approval@910; ::rows_of@266; ::_resummarize@346","Spec file re-hashed from disk (cached on size/mtime) on every recheck","NONE","recheck: (a) legacy rows without 'workflow' -> rows upgraded, inputs filled, commit; (b) any of boq_hash/scope_hash/knowledge_import_id differing from recorded, or the spec file's sha on disk differing -> every row with origin database|ai not already 'recheck' set workflow=recheck/state=review with a note, one ComplianceAudit row each (action=recheck, origin=system); approval cleared (+ audit approval_withdrawn); summary.inputs replaced; commit","Compliance service (versioned inputs); revalidation by event (BOQ save, Project Info save, knowledge import, spec re-index) or background job","ComplianceStatement.summary.inputs (existing) as the recorded version vector","CMP.statement rows; CMP.approval; readiness","Current trigger points: get_statement@522 (GET), approve_statement@749 (POST), _approved_statement@791 used by export_statement_pdf@803 and export_statement@824 (GET exports). Not triggered by list_statements@507. update_project's docstring says a Project Info edit is caught at next open (recheck), i.e. lazily on read","None: system-owned; engineer answers change rows, not inputs","Legacy statements without inputs are filled on first open","backend/app/compliance/service.py::recheck@1052; backend/app/routers/compliance.py::_statement_out@424","READ_SIDE_EFFECT"
"CMP.approval","compliance","Statement approval badge; export gate","ComplianceStatement.approved_at / approved_by_id / approved_by_name / approved_fingerprint","The engineer's sign-off, valid only while the rows' fingerprint matches.","object","0..1","service.approve (POST approval, engineer) / withdraw_approval (DELETE) / recheck clears it on input change (system)","Engineer + system","backend/app/models.py::ComplianceStatement@1488 (approved_* columns)","backend/app/compliance/service.py::approve@917; ::withdraw_approval@938; ::is_approved@904; ::approval_fingerprint@882; ::_clear_approval@910; backend/app/routers/compliance.py::approve_statement@749","NOT_APPLICABLE","NONE","Stored; is_approved recomputes fingerprint on read","Compliance service","ComplianceStatement approved_* (existing)","Export gate (_approved_statement@791); readiness","Current: withdrawn by recheck when inputs change; invalid when rows change (fingerprint mismatch). Target: same rule, driven by events","Engineer approve/withdraw; system withdrawal is audited","Unapproved -> export refused (409)","backend/app/compliance/service.py::approve@917; backend/app/routers/compliance.py::_approved_statement@791","CURRENT"
"CMP.clause_row","compliance","Statement rows","StatementRow (id, ref, text, page, response, remark, source, origin, workflow, technical{status, origin, verified}, match, ai_review, ai_class, findings)","One clause with its response and where it came from.","object[]","0..N","compliance.prepare_statement@454 (clause rows from the spec) + review_row@621 (engineer answer) + autofill (knowledge/AI suggestion) + service.recheck@1052 (workflow flags on read)","Spec clause text; engineer; knowledge base; AI suggestion","json:compliance_statements.rows[] (column backend/app/models.py::ComplianceStatement.rows)","backend/app/routers/compliance.py::prepare_statement@454; ::review_row@621; backend/app/compliance/service.py::recheck@1052; ::upgrade_row@239; backend/app/knowledge/autofill.py","Clause split from spec pages","AI suggestion per row (explicit action)","Stored in rows JSON; workflow/state rewritten by recheck","Compliance service","ComplianceStatement.rows (existing)","Compliance statement page; export","Current: a row of origin database|ai is flagged workflow=recheck by CMP.statement_inputs when inputs move; an engineer-origin row is not flagged but the approval fingerprint invalidates the approval. Target: same rule driven by events","Engineer review sets origin=engineer/verified and replaces any proposed answer","unfilled workflow","backend/app/models.py::ComplianceStatement@1488","CURRENT"
"KNW.knowledge_base","knowledge_datasheets","Compliance knowledge status; admin knowledge page; autofill candidates","KnowledgeSource/Requirement/Mapping/Response/Equivalence/Issue + KnowledgeImport report","Past compliance answers imported from the company knowledge workbook/files, with eligibility review.","rows","0..N","knowledge.importer (explicit import job) + eligibility reviews","Knowledge workbook + files (shared library)","backend/app/models.py::KnowledgeSource@1617; KnowledgeRequirement@1645; KnowledgeResponse@1708; KnowledgeImport@1569","backend/app/knowledge/importer.py; backend/app/knowledge/eligibility.py; backend/app/routers/knowledge.py","Workbook parsing, normalisation, hashing","NONE","Stored","Knowledge Processor (roadmap)","Knowledge tables (existing)","Compliance autofill; admin","Import id; source review status","Eligibility review decisions (review_mappings)","No import -> autofill unavailable","backend/app/routers/knowledge.py","CURRENT"
"KNW.datasheet_file","knowledge_datasheets","Datasheet engine page; Materials datasheet column; Battery datasheet_path; Submittal package; Equipment currents","DatasheetFile (library, path, folder, filename, document_no, pages, size, reads_as_datasheet, unreadable, modified, reference_no) / DatasheetMatch","A file of the shared manufacturer datasheet library and its index entry.","object","0..N","datasheet_library._refresh (filesystem rglob + stat; index changed PDFs; JSON cache write) on find/list; DatasheetDocument for reference numbers","Company library folders (shared)","backend/app/models.py::DatasheetDocument@748 (reference_no) + JSON cache file per library (not the DB)","backend/app/services/datasheet_library.py::DatasheetLibrary._refresh@311; ::find@419; ::_index_file@206; backend/app/services/datasheet_documents.py","PDF text scan for part numbers and document numbers","NONE","Index cache","Knowledge Processor / shared library background index (roadmap: tabs query stored matches)","PROPOSED indexed SharedLibrarySource generation; today JSON cache + DatasheetDocument","Materials; battery; package; datasheet engine; equipment currents; compliance evidence","mtime/size per file; cache written on browse","reference_no entered by hand (DatasheetDocument)","unreadable flagged","backend/app/services/datasheet_library.py::DatasheetLibrary._refresh@311","READ_SIDE_EFFECT"
"EQC.equipment_current","equipment_currents","Admin equipment currents; Battery lines (standby/alarm mA); package battery sheet","EquipmentCurrent (manufacturer, part_no, key, kind, no_load, standby_ma, alarm_ma, included_in, source, confirmed_by, aliases, settled, datasheet_*, datasheet_match)","What a part draws, settled once for every project.","rows","0..N","equipment_currents.upsert via admin save / battery fill-currents / seeds","Datasheets (read_part_current) + admin entry","backend/app/models.py::EquipmentCurrent@329","backend/app/services/equipment_currents.py::upsert@241; ::lookup@164; ::audit@460; backend/app/routers/design_rules.py::save_equipment_current","datasheet_currents table reading","NONE","Stored","Knowledge Processor (current database)","EquipmentCurrent (existing)","Battery; power (device currents); admin","audit findings: sheet_changed/link_broken","Admin confirms (confirmed_by); confirm_no_load per project part","unsettled -> battery lower_bound","backend/app/services/equipment_currents.py::upsert@241","CURRENT"
"EQC.engineering_rule","equipment_currents","Battery/amplifier/power rules; admin","DesignRule rows of categories battery.sizing, battery.selection, battery.unit, ve.*, power.* (category, key, version, data, source)","Versioned engineering rules: sizing defaults, battery units, brand selection, VE amplifier/module/speaker/staircase, 24 V supply/module/device.","rows","0..N","seed.py seeds (line 320) + save_battery_unit@562 (CREATOR_ROLES) for battery.unit; every other category (battery.sizing, battery.selection, ve.*, power.*) has seeds as its only writer (repo grep of save_rule_version/DesignRule( callers: design.py, design_rules.py, seed.py only)","Company rules","backend/app/models.py::DesignRule@300","backend/app/routers/design_rules.py::save_rule_version@115; ::save_battery_unit@562; backend/app/seed.py@320; backend/app/routers/design.py::_active_rule@96","NOT_APPLICABLE","NONE","Stored versions; a project copies the values it used (rule id/version) into results","Knowledge Processor (rules)","DesignRule (existing)","BAT.* (sizing, units, selection); AMP.* ; PWR.*","Current: version per (category, key); results copy rule id/version. Target: same","Engineer/admin saves a new version; never edited in place","Missing rule -> calculation reports no_selection / lower bound","backend/app/models.py::DesignRule@300; query:design_rule_categories","CURRENT"
"EQC.part_current_rule","equipment_currents","Battery lines (standby/alarm mA per part); part currents admin","DesignRule rows of category part.current (key=part_key, data{standby_ma, alarm_ma, auto, no_load, included_in, rejected_no_load, datasheet}, source)","The per-part current the battery calculation uses, versioned; auto=true when written by the fill.","rows","0..N","FOUR writers: design.fill_battery_currents@319 (automatic, CREATOR_ROLES, mount-triggered; lines 347 and 394), design.confirm_no_load@567 (engineer confirm/reject; lines 602 and 612), design_rules.save_part_current@162 (engineer form), design_rules.save_equipment_current@198 (line 222, mirrors the equipment table into a rule)","Equipment current table (settled rows), datasheet reads, built-in/mechanical rules, engineer entry","backend/app/models.py::DesignRule@300 (category part.current)","backend/app/routers/design.py::fill_battery_currents@319; ::confirm_no_load@567; backend/app/routers/design_rules.py::save_part_current@162; ::save_equipment_current@198; ::save_rule_version@115","datasheet_currents (deterministic PDF text/OCR tables) for automatic figures","NONE","Stored versions; 29 of 29 current local rules are auto=true (query:design_rule_categories)","Knowledge Processor (current database): one settled figure per part with evidence; automatic reads recorded as proposals, not rules","EQC.equipment_current as the settled table; part.current rules as versioned copies (existing)","BAT.lines; BAT.loads_totals","Current: in the panel input hash by rule version; sheet_changed audit on the equipment table. Target: rule version + datasheet sha in the result key","CURRENT CONTRACT (fill_battery_currents@319, traced in order): only parts still missing a current are visited. (1) Settled equipment-table value (equipment_currents.lookup@164 + settled@194): copied into a part.current rule (rule_data@200, save at line 347) BEFORE any rejection check, so a rejected no-load part with a settled table row is filled from the table. (2) rejected_no_load and no host (line 355): a datasheet reading AND match are required, else the part is skipped - the rejection forbids only the unsupported zero-current assumption. (3) Datasheet reading present (line 365): an evidenced nonzero current IS written automatically (data.auto=true, datasheet cited) and upserted into the equipment table unconfirmed - also for a rejected part. (4) included_in_module host (battery_calculation.included_in_module@93): no datasheet is read; a no_load rule with included_in=host is written; this branch is NOT gated by rejected_no_load (the rejection test carries `and not host`), so a rejected host part is set to no-load again - recorded as gap G-04, to be confirmed as intended or fixed in M4. (5) Mechanical description: no_load rule written unless rejected (rejected parts never reach it without evidence). Engineer confirm_no_load@567 confirms (equipment table settled) or rejects (rejected_no_load version + table kind unknown). Admin/engineer forms save_part_current@162 / save_equipment_current@198. TARGET: automatic reads recorded as proposals; an engineer rejection or confirmation stands until new evidence is reviewed; host semantics decided explicitly, not by branch order.","Missing -> BAT.lines missing_current -> lower_bound","backend/app/routers/design.py::fill_battery_currents@319; backend/app/routers/design_rules.py::save_part_current@162; query:design_rule_categories","CURRENT"
"CE.module","cause_effect","No route, page, model, service, test or doc found","Cause & Effect matrix","Would relate fire alarm inputs (causes) to outputs (effects) per zone/floor for panel programming and consultant approval.","NOT_APPLICABLE","NOT_APPLICABLE","NOT_IMPLEMENTED","NOT_IMPLEMENTED","NOT_IMPLEMENTED","NOT_IMPLEMENTED","NOT_IMPLEMENTED","NOT_IMPLEMENTED","NOT_IMPLEMENTED","DECISION REQUIRED (see M1-TARGET-OWNERSHIP-DECISIONS D-08)","NOT_IMPLEMENTED","None","NOT_APPLICABLE","NOT_APPLICABLE","Search scope: repo-wide case-insensitive 'cause & effect|cause_and_effect|cause and effect|cause-effect|c&e' over backend/app, frontend/src, backend/tests, docs, README: one hit only, a required-drawing item label","backend/app/services/required_drawings.py::ITEMS@41 (sm_ifc entry at line 48) ('Cause & effect and interface coordination' as the purpose of Smoke Management IFC drawings); frontend/src/App.tsx (no route)","NOT_IMPLEMENTED"
"CE.smoke_management_ifc_requirement","cause_effect","Drawings > Actions Required (item sm_ifc)","required item 'Smoke Management IFC Drawings' purpose 'Cause & effect and interface coordination'","The only current touchpoint: a required contractor document whose purpose mentions cause & effect.","object","0..1","required_drawings.status (folder presence)","folder","= SD.required_items","backend/app/services/required_drawings.py::ITEMS@41 (sm_ifc entry at line 48)","NOT_APPLICABLE","NONE","presence","Requirements service","SD.required_items","Drawings","Folder","request/remarks","not_received","backend/app/services/required_drawings.py@48","CURRENT"
"SMP.identity","samples","Logs > Samples; Home samples; sample board cards","reference (TR/n/yy transmittal number or SAR reference or filename stem), group_reference SAMPLE BOARD|SAMPLE MATERIAL, system_code (raw) -> effective code, name Sample Board|Sample Material","A sample submission per system and kind, read off a transmittal (Word, Transmittal folder) or a SAR form.","object","0..N","document_processing -> transmittals.read_transmittal (role transmittal) / parse_page (SAR)","Word transmittal cells; SAR PDF","backend/app/models.py::ProjectDocument.extracted@534 (records source=transmittal, category samples)","backend/app/services/transmittals.py::read_transmittal@135; ::submissions@88; ::systems_of@84; backend/app/services/document_control.py::parse_page@826","kind_of/_BOARD/_MATERIAL regex; SYSTEMS regex per clause; TR number; date","NONE","Record per (kind, system)","Sample Processor (proposed) - classification SAMPLE_APPROVAL/TRANSMITTAL discovers candidates only","PROPOSED SampleSubmission(system, kind, transmittal ref, date, revision, status) domain table; DECISION REQUIRED D-07","Logs; Home; sample_board_checks; Home actions? (no)","Records","NONE","No transmittal -> none","backend/app/services/transmittals.py::read_transmittal@135","CURRENT"
"SMP.revision","samples","Logs > Samples (revision column)","revision R0.. by send order per (group, system)","Revision assigned by order of sending, not printed.","string","1 per record","transmittals.number (in combine)","modified dates","DERIVED (never stored)","backend/app/services/transmittals.py::number@168","Sort by (modified, reference); conflict copies deduplicated","NONE","Ordinal","Sample Processor","PROPOSED SampleSubmission.revision","Logs; Home","Order changes if a new transmittal appears","NONE","NOT_APPLICABLE","backend/app/services/transmittals.py::number@168","CURRENT"
"SMP.status","samples","Logs > Samples status badge; Home samples counts; sample board card status","status UR (latest) | SUPERSEDED (earlier) | decision code when a reply/decision was read","Sent-not-answered by default; a consultant decision only when a reply/stamp was read against the same reference.","enum","1 per record","transmittals.number sets UR/SUPERSEDED; combine folds a reply with the same reference/revision","Records","DERIVED","backend/app/services/transmittals.py::number@168; backend/app/services/document_control.py::combine@1247","Reply folding by reference","NONE","UR unless answered","Sample Processor + Review processor (consultant decision must be evidenced)","PROPOSED SampleSubmission.status; a receipt signature is NOT approval (audit F6)","Logs; Home (bucket() re-derives); project_state._documents_by_system","Records","NONE","UR","backend/app/services/transmittals.py::number@168; frontend/src/pages/ProjectHomePage.tsx::bucket@399","CURRENT"
"SMP.board_check","samples","Logs > 'Sample board per system' cards; Home (SampleBoardCheck)","SampleBoardCheck (system_code, system_name, state submitted|material_only|missing, reference, revision, status, submitted_on, path)","Whether each project system has had a sample board sent.","object","1 per system","projects.sample_board_checks (derived on read)","SMP.* + PRJ.system_codes_effective","DERIVED","backend/app/routers/projects.py::sample_board_checks@1426; backend/app/services/system_rules.py::effective_code@137","NOT_APPLICABLE","NONE","submitted if any SAMPLE BOARD record for the effective system; material_only if only SAMPLE MATERIAL; latest by (modified, revision)","Sample Processor projection","Derived from SMP.*","Logs; Home","Records; not before first sync","NONE","missing when none (only after first sync)","backend/app/routers/projects.py::sample_board_checks@1426","CURRENT"
"EST.reference","estimation","Estimation pages (/estimation/projects, /fire-fighting/projects, /elv/projects: list, create, open)","reference","Uppercased unique reference of an estimation (or division) project.","string","1","estimation.create_project / divisions.project_router.create_project (engineer form)","engineer","backend/app/models.py::EstimationProject@104; backend/app/models.py::DivisionProject@115","backend/app/routers/estimation.py::list_projects@?; ::create_project; backend/app/routers/divisions.py::project_router","NOT_APPLICABLE","NONE","Stored","Estimation registry (as is): a project registry only; no estimating or document-processing workflow exists","EstimationProject / DivisionProject (existing)","Estimation pages only; not linked to Project (no FK) and no link is required to map the registry","Current: immutable after creation (no update route); no dependency","None (no PATCH route)","Zero rows locally (query:table_counts)","backend/app/routers/estimation.py; backend/app/routers/divisions.py; frontend/src/pages/EstimationPages.tsx; query:table_counts","CURRENT"
"EST.title","estimation","Estimation pages (/estimation/projects, /fire-fighting/projects, /elv/projects: list, create, open)","title","Project title.","string","1","estimation.create_project / divisions.project_router.create_project (engineer form)","engineer","backend/app/models.py::EstimationProject@104; backend/app/models.py::DivisionProject@115","backend/app/routers/estimation.py::list_projects@?; ::create_project; backend/app/routers/divisions.py::project_router","NOT_APPLICABLE","NONE","Stored","Estimation registry (as is): a project registry only; no estimating or document-processing workflow exists","EstimationProject / DivisionProject (existing)","Estimation pages only; not linked to Project (no FK) and no link is required to map the registry","Current: immutable after creation (no update route); no dependency","None (no PATCH route)","Zero rows locally (query:table_counts)","backend/app/routers/estimation.py; backend/app/routers/divisions.py; frontend/src/pages/EstimationPages.tsx; query:table_counts","CURRENT"
"EST.client","estimation","Estimation pages (/estimation/projects, /fire-fighting/projects, /elv/projects: list, create, open)","client","Client name (free text, default empty).","string","1","estimation.create_project / divisions.project_router.create_project (engineer form)","engineer","backend/app/models.py::EstimationProject@104; backend/app/models.py::DivisionProject@115","backend/app/routers/estimation.py::list_projects@?; ::create_project; backend/app/routers/divisions.py::project_router","NOT_APPLICABLE","NONE","Stored","Estimation registry (as is): a project registry only; no estimating or document-processing workflow exists","EstimationProject / DivisionProject (existing)","Estimation pages only; not linked to Project (no FK) and no link is required to map the registry","Current: immutable after creation (no update route); no dependency","None (no PATCH route)","Zero rows locally (query:table_counts)","backend/app/routers/estimation.py; backend/app/routers/divisions.py; frontend/src/pages/EstimationPages.tsx; query:table_counts","CURRENT"
"EST.identity_creation_access","estimation","Estimation pages (/estimation/projects, /fire-fighting/projects, /elv/projects: list, create, open)","id, division, created_by, created_at; access by role","Registry row identity and who created it; routes gated by admin or the division's estimation role.","object","1","estimation.create_project / divisions.project_router.create_project (engineer form)","engineer","backend/app/models.py::EstimationProject@104; backend/app/models.py::DivisionProject@115","backend/app/routers/estimation.py::list_projects@?; ::create_project; backend/app/routers/divisions.py::project_router","NOT_APPLICABLE","NONE","Stored","Estimation registry (as is): a project registry only; no estimating or document-processing workflow exists","EstimationProject / DivisionProject (existing)","Estimation pages only; not linked to Project (no FK) and no link is required to map the registry","Current: immutable after creation (no update route); no dependency","None (no PATCH route)","Zero rows locally (query:table_counts)","backend/app/routers/estimation.py; backend/app/routers/divisions.py; frontend/src/pages/EstimationPages.tsx; query:table_counts","CURRENT"
"REG.design_register","estimation","Register page (/register)","RegisterPage (projects[ep_number, project_name, client, consultant, contractor, scope, engineers, statuses, systems, products, started, last_action], divisions, engineers, revision)","The design manager's register read from a shared workbook (not the database).","object","1","project_register service (workbook read on GET, revision by stat)","Shared workbook","DERIVED (workbook)","backend/app/routers/register.py::list_register_projects@123; ::register_revision@105; backend/app/services/project_register.py","Workbook parsing","NONE","Read per request; page polls revision","Registry adapter (federated source: workbook)","Workbook (external) - not a platform-owned fact","Register page","Workbook stat","None in platform","unavailable_reason when workbook missing","backend/app/routers/register.py::list_register_projects@123","CURRENT"
"CLS.primary_type","classification","File Sync > Classification (diagnostic); sync-files; consumer_shadow.py (shadow only); document_routing (MIGRATED all false)","DocumentClassification.primary_type","What the file appears to contain (DocumentType enum incl. LOAD_SCHEDULE, VENDOR_LIST, SCOPE_MATRIX, COMPLIANCE_STATEMENT, DRAWING).","enum","1","document_classification.hint_rows (after sync commit) / assess_row (after processing) / backfill (job)","SRC.role, path, intake association, DOC.records, DOC.form_reading, DOC.evidence","backend/app/models.py::DocumentClassification@543","backend/app/services/document_classification.py::hint; ::assess; ::record; ::freshness; ::backfill; backend/app/routers/documents.py::document_classification@280","Rules classify-2026-09-28.4 (code) - local rows still classify-2026-09-27.2 (query:rules)","NONE","Deterministic rules; no model","Classification V2 (roadmap M3) - candidate discovery only","DocumentClassification (existing) - NOT a business authority","Inspector; shadow comparison; future Central Orchestrator routing","rules_version, context fingerprint, content sha, source_state","GAP G-02: the model carries engineer_confirmed/confirmed_by_id and record() refuses to supersede a confirmed row (document_classification.py line 856), but no router sets it (repo grep: routers reference engineer_confirmed only as an output field, documents.py line 162)","UNKNOWN/AMBIGUOUS are valid results; missing row = unassessed","backend/app/models.py::DocumentClassification@543; backend/app/services/document_classification.py; query:coverage; query:rules","CURRENT"
"CLS.component_types","classification","File Sync > Classification (diagnostic); sync-files; consumer_shadow.py (shadow only); document_routing (MIGRATED all false)","component_types + assessment.component_support","Additional kinds in the same file, each with its basis.","enum[]","0..N","document_classification.hint_rows (after sync commit) / assess_row (after processing) / backfill (job)","SRC.role, path, intake association, DOC.records, DOC.form_reading, DOC.evidence","backend/app/models.py::DocumentClassification@543","backend/app/services/document_classification.py::hint; ::assess; ::record; ::freshness; ::backfill; backend/app/routers/documents.py::document_classification@280","Rules classify-2026-09-28.4 (code) - local rows still classify-2026-09-27.2 (query:rules)","NONE","Deterministic rules; no model","Classification V2 (roadmap M3) - candidate discovery only","DocumentClassification (existing) - NOT a business authority","Inspector; shadow comparison; future Central Orchestrator routing","rules_version, context fingerprint, content sha, source_state","GAP G-02: the model carries engineer_confirmed/confirmed_by_id and record() refuses to supersede a confirmed row (document_classification.py line 856), but no router sets it (repo grep: routers reference engineer_confirmed only as an output field, documents.py line 162)","UNKNOWN/AMBIGUOUS are valid results; missing row = unassessed","backend/app/models.py::DocumentClassification@543; backend/app/services/document_classification.py; query:coverage; query:rules","CURRENT"
"CLS.stage_strength","classification","File Sync > Classification (diagnostic); sync-files; consumer_shadow.py (shadow only); document_routing (MIGRATED all false)","stage (hint|supported|ambiguous|unknown) + evidence_strength","Strength of the conclusion; 'supported' is not engineer confirmation nor business approval.","enum","1","document_classification.hint_rows (after sync commit) / assess_row (after processing) / backfill (job)","SRC.role, path, intake association, DOC.records, DOC.form_reading, DOC.evidence","backend/app/models.py::DocumentClassification@543","backend/app/services/document_classification.py::hint; ::assess; ::record; ::freshness; ::backfill; backend/app/routers/documents.py::document_classification@280","Rules classify-2026-09-28.4 (code) - local rows still classify-2026-09-27.2 (query:rules)","NONE","Deterministic rules; no model","Classification V2 (roadmap M3) - candidate discovery only","DocumentClassification (existing) - NOT a business authority","Inspector; shadow comparison; future Central Orchestrator routing","rules_version, context fingerprint, content sha, source_state","GAP G-02: the model carries engineer_confirmed/confirmed_by_id and record() refuses to supersede a confirmed row (document_classification.py line 856), but no router sets it (repo grep: routers reference engineer_confirmed only as an output field, documents.py line 162)","UNKNOWN/AMBIGUOUS are valid results; missing row = unassessed","backend/app/models.py::DocumentClassification@543; backend/app/services/document_classification.py; query:coverage; query:rules","CURRENT"
"CLS.basis_evidence","classification","File Sync > Classification (diagnostic); sync-files; consumer_shadow.py (shadow only); document_routing (MIGRATED all false)","assessment.basis (intake_association|metadata|content|none), evidence[], evidence_sources[], evidence_pages[], flags[]","What the answer rests on, in words, with page evidence and source-quality flags.","object","1","document_classification.hint_rows (after sync commit) / assess_row (after processing) / backfill (job)","SRC.role, path, intake association, DOC.records, DOC.form_reading, DOC.evidence","backend/app/models.py::DocumentClassification@543","backend/app/services/document_classification.py::hint; ::assess; ::record; ::freshness; ::backfill; backend/app/routers/documents.py::document_classification@280","Rules classify-2026-09-28.4 (code) - local rows still classify-2026-09-27.2 (query:rules)","NONE","Deterministic rules; no model","Classification V2 (roadmap M3) - candidate discovery only","DocumentClassification (existing) - NOT a business authority","Inspector; shadow comparison; future Central Orchestrator routing","rules_version, context fingerprint, content sha, source_state","GAP G-02: the model carries engineer_confirmed/confirmed_by_id and record() refuses to supersede a confirmed row (document_classification.py line 856), but no router sets it (repo grep: routers reference engineer_confirmed only as an output field, documents.py line 162)","UNKNOWN/AMBIGUOUS are valid results; missing row = unassessed","backend/app/models.py::DocumentClassification@543; backend/app/services/document_classification.py; query:coverage; query:rules","CURRENT"
"CLS.system_code","classification","File Sync > Classification (diagnostic); sync-files; consumer_shadow.py (shadow only); document_routing (MIGRATED all false)","system_code (raw, single)","System the evidence names (single scalar - a mixed package cannot carry two).","string","0..1","document_classification.hint_rows (after sync commit) / assess_row (after processing) / backfill (job)","SRC.role, path, intake association, DOC.records, DOC.form_reading, DOC.evidence","backend/app/models.py::DocumentClassification@543","backend/app/services/document_classification.py::hint; ::assess; ::record; ::freshness; ::backfill; backend/app/routers/documents.py::document_classification@280","Rules classify-2026-09-28.4 (code) - local rows still classify-2026-09-27.2 (query:rules)","NONE","Deterministic rules; no model","Classification V2 (roadmap M3) - candidate discovery only","DocumentClassification (existing) - NOT a business authority","Inspector; shadow comparison; future Central Orchestrator routing","rules_version, context fingerprint, content sha, source_state","GAP G-02: the model carries engineer_confirmed/confirmed_by_id and record() refuses to supersede a confirmed row (document_classification.py line 856), but no router sets it (repo grep: routers reference engineer_confirmed only as an output field, documents.py line 162)","UNKNOWN/AMBIGUOUS are valid results; missing row = unassessed","backend/app/models.py::DocumentClassification@543; backend/app/services/document_classification.py; query:coverage; query:rules","CURRENT"
"CLS.freshness","classification","File Sync > Classification (diagnostic); sync-files; consumer_shadow.py (shadow only); document_routing (MIGRATED all false)","freshness current|rules_changed|context_changed|source_changed (derived from rules_version, context_fingerprint, content_sha256, assessment.source_state vs row)","Whether the stored assessment still applies; independent of stage.","enum","1","document_classification.hint_rows (after sync commit) / assess_row (after processing) / backfill (job)","SRC.role, path, intake association, DOC.records, DOC.form_reading, DOC.evidence","backend/app/models.py::DocumentClassification@543","backend/app/services/document_classification.py::hint; ::assess; ::record; ::freshness; ::backfill; backend/app/routers/documents.py::document_classification@280","Rules classify-2026-09-28.4 (code) - local rows still classify-2026-09-27.2 (query:rules)","NONE","Deterministic rules; no model","Classification V2 (roadmap M3) - candidate discovery only","DocumentClassification (existing) - NOT a business authority","Inspector; shadow comparison; future Central Orchestrator routing","rules_version, context fingerprint, content sha, source_state","GAP G-02: the model carries engineer_confirmed/confirmed_by_id and record() refuses to supersede a confirmed row (document_classification.py line 856), but no router sets it (repo grep: routers reference engineer_confirmed only as an output field, documents.py line 162)","UNKNOWN/AMBIGUOUS are valid results; missing row = unassessed","backend/app/models.py::DocumentClassification@543; backend/app/services/document_classification.py; query:coverage; query:rules","CURRENT"
"CLS.history_confirmation","classification","File Sync > Classification (diagnostic); sync-files; consumer_shadow.py (shadow only); document_routing (MIGRATED all false)","superseded_at, source (hint|assessment|backfill|engineer), engineer_confirmed, confirmed_by_id","One current row per document (partial unique index); engineer-confirmed rows are never superseded by automation.","object","1 current / 0..N history","document_classification.hint_rows (after sync commit) / assess_row (after processing) / backfill (job)","SRC.role, path, intake association, DOC.records, DOC.form_reading, DOC.evidence","backend/app/models.py::DocumentClassification@543","backend/app/services/document_classification.py::hint; ::assess; ::record; ::freshness; ::backfill; backend/app/routers/documents.py::document_classification@280","Rules classify-2026-09-28.4 (code) - local rows still classify-2026-09-27.2 (query:rules)","NONE","Deterministic rules; no model","Classification V2 (roadmap M3) - candidate discovery only","DocumentClassification (existing) - NOT a business authority","Inspector; shadow comparison; future Central Orchestrator routing","rules_version, context fingerprint, content sha, source_state","GAP G-02: the model carries engineer_confirmed/confirmed_by_id and record() refuses to supersede a confirmed row (document_classification.py line 856), but no router sets it (repo grep: routers reference engineer_confirmed only as an output field, documents.py line 162)","UNKNOWN/AMBIGUOUS are valid results; missing row = unassessed","backend/app/models.py::DocumentClassification@543; backend/app/services/document_classification.py; query:coverage; query:rules","CURRENT"
