INFO:     Will watch for changes in these directories: ['C:\\dev\\ep-platform\\backend\\app']
INFO:     Uvicorn running on http://127.0.0.1:8000 (Press CTRL+C to quit)
INFO:     Started reloader process [29488] using WatchFiles
INFO:     Started server process [28440]
INFO:     Waiting for application startup.
Database backed up to C:\dev\ep-platform\backend\backups\ep_platform-before-a8c2e7f4b109-20260921-044527.db before migrating a2b3c4d5e6f7 -> a8c2e7f4b109
INFO:     Application startup complete.
'created' timestamp out of range; ignoring top bytes
'created' timestamp seems very low; regarding as unix timestamp
'modified' timestamp out of range; ignoring top bytes
'modified' timestamp seems very low; regarding as unix timestamp
copy process ignored ACDB_BLOCKREPRESENTATION_DATA(#4DF6B) - this may cause problems in AutoCAD
copy process ignored ACDB_BLOCKREPRESENTATION_DATA(#4DF8F) - this may cause problems in AutoCAD
copy process ignored ACDB_BLOCKREPRESENTATION_DATA(#4DF99) - this may cause problems in AutoCAD
copy process ignored ACDB_BLOCKREPRESENTATION_DATA(#4DFA3) - this may cause problems in AutoCAD
copy process ignored ACDB_BLOCKREPRESENTATION_DATA(#4DFAD) - this may cause problems in AutoCAD
copy process ignored ACDB_BLOCKREPRESENTATION_DATA(#4DFC0) - this may cause problems in AutoCAD
copy process ignored ACDB_BLOCKREPRESENTATION_DATA(#4DFCA) - this may cause problems in AutoCAD
copy process ignored ACDB_BLOCKREPRESENTATION_DATA(#4DFD4) - this may cause problems in AutoCAD
copy process ignored ACDB_BLOCKREPRESENTATION_DATA(#4DFDE) - this may cause problems in AutoCAD
copy process ignored ACDB_BLOCKREPRESENTATION_DATA(#4DFE8) - this may cause problems in AutoCAD
copy process ignored ACDB_BLOCKREPRESENTATION_DATA(#4DFF2) - this may cause problems in AutoCAD
copy process ignored ACDB_BLOCKREPRESENTATION_DATA(#4DFFC) - this may cause problems in AutoCAD
copy process ignored ACDB_BLOCKREPRESENTATION_DATA(#4E006) - this may cause problems in AutoCAD
copy process ignored ACDB_BLOCKREPRESENTATION_DATA(#4E010) - this may cause problems in AutoCAD
copy process ignored ACDB_BLOCKREPRESENTATION_DATA(#4E01A) - this may cause problems in AutoCAD
copy process ignored ACDB_BLOCKREPRESENTATION_DATA(#4E024) - this may cause problems in AutoCAD
copy process ignored ACDB_BLOCKREPRESENTATION_DATA(#4E037) - this may cause problems in AutoCAD
copy process ignored ACDB_BLOCKREPRESENTATION_DATA(#4E041) - this may cause problems in AutoCAD
copy process ignored ACDB_BLOCKREPRESENTATION_DATA(#4E04B) - this may cause problems in AutoCAD
copy process ignored ACDB_BLOCKREPRESENTATION_DATA(#4E055) - this may cause problems in AutoCAD
copy process ignored ACDB_BLOCKREPRESENTATION_DATA(#4E05F) - this may cause problems in AutoCAD
copy process ignored ACDB_BLOCKREPRESENTATION_DATA(#4E069) - this may cause problems in AutoCAD
copy process ignored ACDB_BLOCKREPRESENTATION_DATA(#4E07C) - this may cause problems in AutoCAD
copy process ignored ACDB_BLOCKREPRESENTATION_DATA(#4E086) - this may cause problems in AutoCAD
copy process ignored ACDB_BLOCKREPRESENTATION_DATA(#4E090) - this may cause problems in AutoCAD
copy process ignored FIELD(#546A1) - this may cause problems in AutoCAD
copy process ignored FIELD(#546A3) - this may cause problems in AutoCAD
copy process ignored FIELD(#546A6) - this may cause problems in AutoCAD
copy process ignored FIELD(#546A9) - this may cause problems in AutoCAD
copy process ignored FIELD(#546AC) - this may cause problems in AutoCAD
copy process ignored FIELD(#546E1) - this may cause problems in AutoCAD
copy process ignored FIELD(#546E3) - this may cause problems in AutoCAD
copy process ignored FIELD(#546E6) - this may cause problems in AutoCAD
copy process ignored FIELD(#546E9) - this may cause problems in AutoCAD
copy process ignored FIELD(#546EC) - this may cause problems in AutoCAD
copy process ignored FIELD(#54721) - this may cause problems in AutoCAD
copy process ignored FIELD(#54723) - this may cause problems in AutoCAD
copy process ignored FIELD(#54726) - this may cause problems in AutoCAD
copy process ignored FIELD(#54729) - this may cause problems in AutoCAD
copy process ignored FIELD(#5472C) - this may cause problems in AutoCAD
copy process ignored FIELD(#54761) - this may cause problems in AutoCAD
copy process ignored FIELD(#54763) - this may cause problems in AutoCAD
copy process ignored FIELD(#54766) - this may cause problems in AutoCAD
copy process ignored FIELD(#54769) - this may cause problems in AutoCAD
copy process ignored FIELD(#5476C) - this may cause problems in AutoCAD
copy process ignored FIELD(#547A1) - this may cause problems in AutoCAD
copy process ignored FIELD(#547A3) - this may cause problems in AutoCAD
copy process ignored FIELD(#547A6) - this may cause problems in AutoCAD
copy process ignored FIELD(#547A9) - this may cause problems in AutoCAD
copy process ignored FIELD(#547AC) - this may cause problems in AutoCAD
copy process ignored FIELD(#547E1) - this may cause problems in AutoCAD
copy process ignored FIELD(#547E3) - this may cause problems in AutoCAD
copy process ignored FIELD(#547E6) - this may cause problems in AutoCAD
copy process ignored FIELD(#547E9) - this may cause problems in AutoCAD
copy process ignored FIELD(#547EC) - this may cause problems in AutoCAD
copy process ignored ACDB_BLOCKREPRESENTATION_DATA(#5BCD7) - this may cause problems in AutoCAD
copy process ignored ACDB_BLOCKREPRESENTATION_DATA(#5BCE1) - this may cause problems in AutoCAD
copy process ignored ACDB_BLOCKREPRESENTATION_DATA(#5BCEB) - this may cause problems in AutoCAD
copy process ignored ACDB_BLOCKREPRESENTATION_DATA(#5BCF5) - this may cause problems in AutoCAD
copy process ignored ACDB_BLOCKREPRESENTATION_DATA(#5BCFF) - this may cause problems in AutoCAD
copy process ignored ACDB_BLOCKREPRESENTATION_DATA(#5BD09) - this may cause problems in AutoCAD
copy process ignored ACDB_BLOCKREPRESENTATION_DATA(#5BD13) - this may cause problems in AutoCAD
copy process ignored ACDB_BLOCKREPRESENTATION_DATA(#5BD1D) - this may cause problems in AutoCAD
copy process ignored ACDB_BLOCKREPRESENTATION_DATA(#5BD27) - this may cause problems in AutoCAD
copy process ignored ACDB_BLOCKREPRESENTATION_DATA(#5BD31) - this may cause problems in AutoCAD
copy process ignored ACDB_BLOCKREPRESENTATION_DATA(#5BD3B) - this may cause problems in AutoCAD
copy process ignored ACDB_BLOCKREPRESENTATION_DATA(#5BD45) - this may cause problems in AutoCAD
copy process ignored ACDB_BLOCKREPRESENTATION_DATA(#5BD4F) - this may cause problems in AutoCAD
copy process ignored ACDB_BLOCKREPRESENTATION_DATA(#5BD59) - this may cause problems in AutoCAD
copy process ignored ACDB_BLOCKREPRESENTATION_DATA(#5BD63) - this may cause problems in AutoCAD
copy process ignored ACDB_BLOCKREPRESENTATION_DATA(#5BD6D) - this may cause problems in AutoCAD
copy process ignored ACDB_BLOCKREPRESENTATION_DATA(#5BD77) - this may cause problems in AutoCAD
copy process ignored ACDB_BLOCKREPRESENTATION_DATA(#5BD81) - this may cause problems in AutoCAD
copy process ignored ACDB_BLOCKREPRESENTATION_DATA(#5BD8B) - this may cause problems in AutoCAD
copy process ignored ACDB_BLOCKREPRESENTATION_DATA(#5BD95) - this may cause problems in AutoCAD
copy process ignored ACDB_BLOCKREPRESENTATION_DATA(#5BD9F) - this may cause problems in AutoCAD
copy process ignored ACDB_BLOCKREPRESENTATION_DATA(#5BDA9) - this may cause problems in AutoCAD
copy process ignored ACDB_BLOCKREPRESENTATION_DATA(#5BDB3) - this may cause problems in AutoCAD
copy process ignored ACDB_BLOCKREPRESENTATION_DATA(#5BDBD) - this may cause problems in AutoCAD
copy process ignored ACDB_BLOCKREPRESENTATION_DATA(#5BDC7) - this may cause problems in AutoCAD
copy process ignored ACDB_BLOCKREPRESENTATION_DATA(#5BDD1) - this may cause problems in AutoCAD
copy process ignored ACDB_BLOCKREPRESENTATION_DATA(#5BDDB) - this may cause problems in AutoCAD
copy process ignored ACDB_BLOCKREPRESENTATION_DATA(#5BDE5) - this may cause problems in AutoCAD
copy process ignored ACDB_BLOCKREPRESENTATION_DATA(#5BDEF) - this may cause problems in AutoCAD
copy process ignored ACDB_BLOCKREPRESENTATION_DATA(#5BDF9) - this may cause problems in AutoCAD
copy process ignored ACDB_BLOCKREPRESENTATION_DATA(#5BE03) - this may cause problems in AutoCAD
copy process ignored ACDB_BLOCKREPRESENTATION_DATA(#5BE0D) - this may cause problems in AutoCAD
copy process ignored ACDB_BLOCKREPRESENTATION_DATA(#5BF0E) - this may cause problems in AutoCAD
copy process ignored ACDB_BLOCKREPRESENTATION_DATA(#5BF18) - this may cause problems in AutoCAD
copy process ignored ACDB_BLOCKREPRESENTATION_DATA(#5BF22) - this may cause problems in AutoCAD
copy process ignored ACDB_BLOCKREPRESENTATION_DATA(#5BF2C) - this may cause problems in AutoCAD
copy process ignored ACDB_BLOCKREPRESENTATION_DATA(#5BF36) - this may cause problems in AutoCAD
copy process ignored ACDB_BLOCKREPRESENTATION_DATA(#5BF40) - this may cause problems in AutoCAD
copy process ignored ACDB_BLOCKREPRESENTATION_DATA(#5BF4A) - this may cause problems in AutoCAD
copy process ignored ACDB_BLOCKREPRESENTATION_DATA(#5BF66) - this may cause problems in AutoCAD
copy process ignored ACDB_BLOCKREPRESENTATION_DATA(#5BF72) - this may cause problems in AutoCAD
copy process ignored ACDB_BLOCKREPRESENTATION_DATA(#5BE8E) - this may cause problems in AutoCAD
copy process ignored ACDB_BLOCKREPRESENTATION_DATA(#5BE9E) - this may cause problems in AutoCAD
copy process ignored ACDB_BLOCKREPRESENTATION_DATA(#5BEAE) - this may cause problems in AutoCAD
copy process ignored ACDB_BLOCKREPRESENTATION_DATA(#5BEBE) - this may cause problems in AutoCAD
copy process ignored ACDB_BLOCKREPRESENTATION_DATA(#5BECE) - this may cause problems in AutoCAD
copy process ignored ACDB_BLOCKREPRESENTATION_DATA(#5BEDE) - this may cause problems in AutoCAD
copy process ignored ACDB_BLOCKREPRESENTATION_DATA(#5BEEE) - this may cause problems in AutoCAD
copy process ignored ACDB_BLOCKREPRESENTATION_DATA(#5BEFE) - this may cause problems in AutoCAD
copy process ignored ACDB_BLOCKREPRESENTATION_DATA(#5BE17) - this may cause problems in AutoCAD
copy process ignored ACDB_BLOCKREPRESENTATION_DATA(#5BE27) - this may cause problems in AutoCAD
copy process ignored ACDB_BLOCKREPRESENTATION_DATA(#5BE33) - this may cause problems in AutoCAD
copy process ignored ACDB_BLOCKREPRESENTATION_DATA(#5BE3F) - this may cause problems in AutoCAD
copy process ignored ACDB_BLOCKREPRESENTATION_DATA(#5BE52) - this may cause problems in AutoCAD
copy process ignored ACDB_BLOCKREPRESENTATION_DATA(#5BE60) - this may cause problems in AutoCAD
copy process ignored ACDB_BLOCKREPRESENTATION_DATA(#5BE6C) - this may cause problems in AutoCAD
copy process ignored ACDB_BLOCKREPRESENTATION_DATA(#5BE76) - this may cause problems in AutoCAD
copy process ignored ACDB_BLOCKREPRESENTATION_DATA(#5BE81) - this may cause problems in AutoCAD
copy process ignored ACDB_BLOCKREPRESENTATION_DATA(#5C079) - this may cause problems in AutoCAD
copy process ignored ACDB_BLOCKREPRESENTATION_DATA(#5C089) - this may cause problems in AutoCAD
copy process ignored ACDB_BLOCKREPRESENTATION_DATA(#5C0D6) - this may cause problems in AutoCAD
copy process ignored ACDB_BLOCKREPRESENTATION_DATA(#5C133) - this may cause problems in AutoCAD
copy process ignored ACDB_BLOCKREPRESENTATION_DATA(#5C145) - this may cause problems in AutoCAD
copy process ignored ACDB_BLOCKREPRESENTATION_DATA(#5BFCC) - this may cause problems in AutoCAD
copy process ignored ACDB_BLOCKREPRESENTATION_DATA(#5BFDC) - this may cause problems in AutoCAD
copy process ignored ACDB_BLOCKREPRESENTATION_DATA(#5BFEC) - this may cause problems in AutoCAD
copy process ignored ACDB_BLOCKREPRESENTATION_DATA(#5C15E) - this may cause problems in AutoCAD
copy process ignored ACDB_BLOCKREPRESENTATION_DATA(#5C16E) - this may cause problems in AutoCAD
copy process ignored ACDB_BLOCKREPRESENTATION_DATA(#5C17E) - this may cause problems in AutoCAD
copy process ignored ACDB_BLOCKREPRESENTATION_DATA(#5C18E) - this may cause problems in AutoCAD
copy process ignored ACDB_BLOCKREPRESENTATION_DATA(#5C1A3) - this may cause problems in AutoCAD
copy process ignored ACDB_BLOCKREPRESENTATION_DATA(#5C1B1) - this may cause problems in AutoCAD
copy process ignored ACDB_BLOCKREPRESENTATION_DATA(#5C1BD) - this may cause problems in AutoCAD
copy process ignored ACDB_BLOCKREPRESENTATION_DATA(#5C1C7) - this may cause problems in AutoCAD
copy process ignored ACDB_BLOCKREPRESENTATION_DATA(#5C1D1) - this may cause problems in AutoCAD
copy process ignored ACDB_BLOCKREPRESENTATION_DATA(#5BFFC) - this may cause problems in AutoCAD
copy process ignored ACDB_BLOCKREPRESENTATION_DATA(#5C00C) - this may cause problems in AutoCAD
copy process ignored ACDB_BLOCKREPRESENTATION_DATA(#5C01D) - this may cause problems in AutoCAD
copy process ignored ACDB_BLOCKREPRESENTATION_DATA(#5C029) - this may cause problems in AutoCAD
copy process ignored ACDB_BLOCKREPRESENTATION_DATA(#5C039) - this may cause problems in AutoCAD
copy process ignored ACDB_BLOCKREPRESENTATION_DATA(#5C049) - this may cause problems in AutoCAD
copy process ignored ACDB_BLOCKREPRESENTATION_DATA(#5C059) - this may cause problems in AutoCAD
copy process ignored ACDB_BLOCKREPRESENTATION_DATA(#5C069) - this may cause problems in AutoCAD
copy process ignored ACDB_BLOCKREPRESENTATION_DATA(#5C1DD) - this may cause problems in AutoCAD
copy process ignored ACDB_BLOCKREPRESENTATION_DATA(#5C1ED) - this may cause problems in AutoCAD
copy process ignored ACDB_BLOCKREPRESENTATION_DATA(#5C1FF) - this may cause problems in AutoCAD
copy process ignored ACDB_BLOCKREPRESENTATION_DATA(#5C20D) - this may cause problems in AutoCAD
copy process ignored ACDB_BLOCKREPRESENTATION_DATA(#5C219) - this may cause problems in AutoCAD
copy process ignored ACDB_BLOCKREPRESENTATION_DATA(#5C223) - this may cause problems in AutoCAD
copy process ignored ACDB_BLOCKREPRESENTATION_DATA(#5C22D) - this may cause problems in AutoCAD
copy process ignored ACDB_BLOCKREPRESENTATION_DATA(#5C239) - this may cause problems in AutoCAD
copy process ignored ACDB_BLOCKREPRESENTATION_DATA(#5C2BD) - this may cause problems in AutoCAD
copy process ignored ACDB_BLOCKREPRESENTATION_DATA(#5C2CD) - this may cause problems in AutoCAD
copy process ignored ACDB_BLOCKREPRESENTATION_DATA(#5C2DD) - this may cause problems in AutoCAD
copy process ignored ACDB_BLOCKREPRESENTATION_DATA(#5C2ED) - this may cause problems in AutoCAD
copy process ignored ACDB_BLOCKREPRESENTATION_DATA(#5C2FE) - this may cause problems in AutoCAD
copy process ignored ACDB_BLOCKREPRESENTATION_DATA(#5C309) - this may cause problems in AutoCAD
copy process ignored ACDB_BLOCKREPRESENTATION_DATA(#5C314) - this may cause problems in AutoCAD
copy process ignored ACDB_BLOCKREPRESENTATION_DATA(#5C324) - this may cause problems in AutoCAD
copy process ignored ACDB_BLOCKREPRESENTATION_DATA(#5C330) - this may cause problems in AutoCAD
copy process ignored ACDB_BLOCKREPRESENTATION_DATA(#5C3B7) - this may cause problems in AutoCAD
copy process ignored ACDB_BLOCKREPRESENTATION_DATA(#5C3C7) - this may cause problems in AutoCAD
copy process ignored ACDB_BLOCKREPRESENTATION_DATA(#5C3D7) - this may cause problems in AutoCAD
copy process ignored ACDB_BLOCKREPRESENTATION_DATA(#5C3E7) - this may cause problems in AutoCAD
copy process ignored ACDB_BLOCKREPRESENTATION_DATA(#5C3F7) - this may cause problems in AutoCAD
copy process ignored ACDB_BLOCKREPRESENTATION_DATA(#5C407) - this may cause problems in AutoCAD
copy process ignored ACDB_BLOCKREPRESENTATION_DATA(#5C417) - this may cause problems in AutoCAD
copy process ignored ACDB_BLOCKREPRESENTATION_DATA(#5C340) - this may cause problems in AutoCAD
copy process ignored ACDB_BLOCKREPRESENTATION_DATA(#5C350) - this may cause problems in AutoCAD
copy process ignored ACDB_BLOCKREPRESENTATION_DATA(#5C360) - this may cause problems in AutoCAD
copy process ignored ACDB_BLOCKREPRESENTATION_DATA(#5C36C) - this may cause problems in AutoCAD
copy process ignored ACDB_BLOCKREPRESENTATION_DATA(#5C378) - this may cause problems in AutoCAD
copy process ignored ACDB_BLOCKREPRESENTATION_DATA(#5C38A) - this may cause problems in AutoCAD
copy process ignored ACDB_BLOCKREPRESENTATION_DATA(#5C396) - this may cause problems in AutoCAD
copy process ignored ACDB_BLOCKREPRESENTATION_DATA(#5C3A0) - this may cause problems in AutoCAD
copy process ignored ACDB_BLOCKREPRESENTATION_DATA(#5C3AA) - this may cause problems in AutoCAD
copy process ignored ACDB_BLOCKREPRESENTATION_DATA(#5C249) - this may cause problems in AutoCAD
copy process ignored ACDB_BLOCKREPRESENTATION_DATA(#5C253) - this may cause problems in AutoCAD
copy process ignored ACDB_BLOCKREPRESENTATION_DATA(#5C25D) - this may cause problems in AutoCAD
copy process ignored ACDB_BLOCKREPRESENTATION_DATA(#5C265) - this may cause problems in AutoCAD
copy process ignored ACDB_BLOCKREPRESENTATION_DATA(#5C271) - this may cause problems in AutoCAD
copy process ignored ACDB_BLOCKREPRESENTATION_DATA(#5C281) - this may cause problems in AutoCAD
copy process ignored ACDB_BLOCKREPRESENTATION_DATA(#5C291) - this may cause problems in AutoCAD
copy process ignored ACDB_BLOCKREPRESENTATION_DATA(#5C4B1) - this may cause problems in AutoCAD
copy process ignored ACDB_BLOCKREPRESENTATION_DATA(#5C4B9) - this may cause problems in AutoCAD
copy process ignored ACDB_BLOCKREPRESENTATION_DATA(#5C4C1) - this may cause problems in AutoCAD
copy process ignored ACDB_BLOCKREPRESENTATION_DATA(#5C4C9) - this may cause problems in AutoCAD
copy process ignored ACDB_BLOCKREPRESENTATION_DATA(#5C4D1) - this may cause problems in AutoCAD
copy process ignored ACDB_BLOCKREPRESENTATION_DATA(#5C4D9) - this may cause problems in AutoCAD
copy process ignored ACDB_BLOCKREPRESENTATION_DATA(#5C4F8) - this may cause problems in AutoCAD
copy process ignored ACDB_BLOCKREPRESENTATION_DATA(#5C503) - this may cause problems in AutoCAD
copy process ignored ACDB_BLOCKREPRESENTATION_DATA(#5C511) - this may cause problems in AutoCAD
copy process ignored ACDB_BLOCKREPRESENTATION_DATA(#5C51C) - this may cause problems in AutoCAD
copy process ignored ACDB_BLOCKREPRESENTATION_DATA(#5C528) - this may cause problems in AutoCAD
copy process ignored ACDB_BLOCKREPRESENTATION_DATA(#5C534) - this may cause problems in AutoCAD
copy process ignored ACDB_BLOCKREPRESENTATION_DATA(#5C540) - this may cause problems in AutoCAD
copy process ignored ACDB_BLOCKREPRESENTATION_DATA(#5C56F) - this may cause problems in AutoCAD
copy process ignored ACDB_BLOCKREPRESENTATION_DATA(#5C57A) - this may cause problems in AutoCAD
copy process ignored ACDB_BLOCKREPRESENTATION_DATA(#5C585) - this may cause problems in AutoCAD
copy process ignored ACDB_BLOCKREPRESENTATION_DATA(#5C595) - this may cause problems in AutoCAD
copy process ignored ACDB_BLOCKREPRESENTATION_DATA(#5C59D) - this may cause problems in AutoCAD
copy process ignored ACDB_BLOCKREPRESENTATION_DATA(#5C5B9) - this may cause problems in AutoCAD
copy process ignored ACDB_BLOCKREPRESENTATION_DATA(#5C5C3) - this may cause problems in AutoCAD
copy process ignored ACDB_BLOCKREPRESENTATION_DATA(#5C5CD) - this may cause problems in AutoCAD
copy process ignored ACDB_BLOCKREPRESENTATION_DATA(#5C5E0) - this may cause problems in AutoCAD
copy process ignored ACDB_BLOCKREPRESENTATION_DATA(#5C5EC) - this may cause problems in AutoCAD
copy process ignored ACDB_BLOCKREPRESENTATION_DATA(#5C5FD) - this may cause problems in AutoCAD
copy process ignored ACDB_BLOCKREPRESENTATION_DATA(#5C427) - this may cause problems in AutoCAD
copy process ignored ACDB_BLOCKREPRESENTATION_DATA(#5C437) - this may cause problems in AutoCAD
copy process ignored ACDB_BLOCKREPRESENTATION_DATA(#5C447) - this may cause problems in AutoCAD
copy process ignored ACDB_BLOCKREPRESENTATION_DATA(#5C457) - this may cause problems in AutoCAD
copy process ignored ACDB_BLOCKREPRESENTATION_DATA(#5C467) - this may cause problems in AutoCAD
copy process ignored ACDB_BLOCKREPRESENTATION_DATA(#5C477) - this may cause problems in AutoCAD
copy process ignored ACDB_BLOCKREPRESENTATION_DATA(#5C487) - this may cause problems in AutoCAD
copy process ignored ACDB_BLOCKREPRESENTATION_DATA(#5C6EF) - this may cause problems in AutoCAD
copy process ignored ACDB_BLOCKREPRESENTATION_DATA(#5C6FF) - this may cause problems in AutoCAD
copy process ignored ACDB_BLOCKREPRESENTATION_DATA(#5C70B) - this may cause problems in AutoCAD
copy process ignored ACDB_BLOCKREPRESENTATION_DATA(#5C717) - this may cause problems in AutoCAD
copy process ignored ACDB_BLOCKREPRESENTATION_DATA(#5C729) - this may cause problems in AutoCAD
copy process ignored ACDB_BLOCKREPRESENTATION_DATA(#5C735) - this may cause problems in AutoCAD
copy process ignored ACDB_BLOCKREPRESENTATION_DATA(#5C73F) - this may cause problems in AutoCAD
copy process ignored ACDB_BLOCKREPRESENTATION_DATA(#5C749) - this may cause problems in AutoCAD
copy process ignored ACDB_BLOCKREPRESENTATION_DATA(#5C755) - this may cause problems in AutoCAD
copy process ignored ACDB_BLOCKREPRESENTATION_DATA(#5C75F) - this may cause problems in AutoCAD
copy process ignored ACDB_BLOCKREPRESENTATION_DATA(#5C60D) - this may cause problems in AutoCAD
copy process ignored ACDB_BLOCKREPRESENTATION_DATA(#5C615) - this may cause problems in AutoCAD
copy process ignored ACDB_BLOCKREPRESENTATION_DATA(#5C621) - this may cause problems in AutoCAD
copy process ignored ACDB_BLOCKREPRESENTATION_DATA(#5C631) - this may cause problems in AutoCAD
copy process ignored ACDB_BLOCKREPRESENTATION_DATA(#5C641) - this may cause problems in AutoCAD
copy process ignored ACDB_BLOCKREPRESENTATION_DATA(#5C655) - this may cause problems in AutoCAD
copy process ignored ACDB_BLOCKREPRESENTATION_DATA(#5C665) - this may cause problems in AutoCAD
copy process ignored ACDB_BLOCKREPRESENTATION_DATA(#5C671) - this may cause problems in AutoCAD
copy process ignored ACDB_BLOCKREPRESENTATION_DATA(#5C7DF) - this may cause problems in AutoCAD
copy process ignored ACDB_BLOCKREPRESENTATION_DATA(#5C7EF) - this may cause problems in AutoCAD
copy process ignored ACDB_BLOCKREPRESENTATION_DATA(#5C7FF) - this may cause problems in AutoCAD
copy process ignored ACDB_BLOCKREPRESENTATION_DATA(#5C80F) - this may cause problems in AutoCAD
copy process ignored ACDB_BLOCKREPRESENTATION_DATA(#5C81F) - this may cause problems in AutoCAD
copy process ignored ACDB_BLOCKREPRESENTATION_DATA(#5C82F) - this may cause problems in AutoCAD
copy process ignored ACDB_BLOCKREPRESENTATION_DATA(#5C83F) - this may cause problems in AutoCAD
copy process ignored ACDB_BLOCKREPRESENTATION_DATA(#5C84F) - this may cause problems in AutoCAD
copy process ignored ACDB_BLOCKREPRESENTATION_DATA(#5C769) - this may cause problems in AutoCAD
copy process ignored ACDB_BLOCKREPRESENTATION_DATA(#5C779) - this may cause problems in AutoCAD
copy process ignored ACDB_BLOCKREPRESENTATION_DATA(#5C785) - this may cause problems in AutoCAD
copy process ignored ACDB_BLOCKREPRESENTATION_DATA(#5C791) - this may cause problems in AutoCAD
copy process ignored ACDB_BLOCKREPRESENTATION_DATA(#5C7A3) - this may cause problems in AutoCAD
copy process ignored ACDB_BLOCKREPRESENTATION_DATA(#5C7B1) - this may cause problems in AutoCAD
copy process ignored ACDB_BLOCKREPRESENTATION_DATA(#5C7BD) - this may cause problems in AutoCAD
copy process ignored ACDB_BLOCKREPRESENTATION_DATA(#5C7C7) - this may cause problems in AutoCAD
copy process ignored ACDB_BLOCKREPRESENTATION_DATA(#5C7D2) - this may cause problems in AutoCAD
copy process ignored ACDB_BLOCKREPRESENTATION_DATA(#5C681) - this may cause problems in AutoCAD
copy process ignored ACDB_BLOCKREPRESENTATION_DATA(#5C691) - this may cause problems in AutoCAD
copy process ignored ACDB_BLOCKREPRESENTATION_DATA(#5C6A1) - this may cause problems in AutoCAD
copy process ignored ACDB_BLOCKREPRESENTATION_DATA(#5C6AE) - this may cause problems in AutoCAD
copy process ignored ACDB_BLOCKREPRESENTATION_DATA(#5C6B9) - this may cause problems in AutoCAD
copy process ignored ACDB_BLOCKREPRESENTATION_DATA(#5C6C4) - this may cause problems in AutoCAD
copy process ignored ACDB_BLOCKREPRESENTATION_DATA(#5C87E) - this may cause problems in AutoCAD
copy process ignored ACDB_BLOCKREPRESENTATION_DATA(#5C8A2) - this may cause problems in AutoCAD
copy process ignored ACDB_BLOCKREPRESENTATION_DATA(#5C8AE) - this may cause problems in AutoCAD
copy process ignored ACDB_BLOCKREPRESENTATION_DATA(#5C8D6) - this may cause problems in AutoCAD
copy process ignored ACDB_BLOCKREPRESENTATION_DATA(#5C8E3) - this may cause problems in AutoCAD
copy process ignored ACDB_BLOCKREPRESENTATION_DATA(#4DF6B) - this may cause problems in AutoCAD
copy process ignored ACDB_BLOCKREPRESENTATION_DATA(#4DF8F) - this may cause problems in AutoCAD
copy process ignored ACDB_BLOCKREPRESENTATION_DATA(#4DF99) - this may cause problems in AutoCAD
copy process ignored ACDB_BLOCKREPRESENTATION_DATA(#4DFA3) - this may cause problems in AutoCAD
copy process ignored ACDB_BLOCKREPRESENTATION_DATA(#4DFAD) - this may cause problems in AutoCAD
copy process ignored ACDB_BLOCKREPRESENTATION_DATA(#4DFC0) - this may cause problems in AutoCAD
copy process ignored ACDB_BLOCKREPRESENTATION_DATA(#4DFCA) - this may cause problems in AutoCAD
copy process ignored ACDB_BLOCKREPRESENTATION_DATA(#4DFD4) - this may cause problems in AutoCAD
copy process ignored ACDB_BLOCKREPRESENTATION_DATA(#4DFDE) - this may cause problems in AutoCAD
copy process ignored ACDB_BLOCKREPRESENTATION_DATA(#4DFE8) - this may cause problems in AutoCAD
copy process ignored ACDB_BLOCKREPRESENTATION_DATA(#4DFF2) - this may cause problems in AutoCAD
copy process ignored ACDB_BLOCKREPRESENTATION_DATA(#4DFFC) - this may cause problems in AutoCAD
copy process ignored ACDB_BLOCKREPRESENTATION_DATA(#4E006) - this may cause problems in AutoCAD
copy process ignored ACDB_BLOCKREPRESENTATION_DATA(#4E010) - this may cause problems in AutoCAD
copy process ignored ACDB_BLOCKREPRESENTATION_DATA(#4E01A) - this may cause problems in AutoCAD
copy process ignored ACDB_BLOCKREPRESENTATION_DATA(#4E024) - this may cause problems in AutoCAD
copy process ignored ACDB_BLOCKREPRESENTATION_DATA(#4E037) - this may cause problems in AutoCAD
copy process ignored ACDB_BLOCKREPRESENTATION_DATA(#4E041) - this may cause problems in AutoCAD
copy process ignored ACDB_BLOCKREPRESENTATION_DATA(#4E04B) - this may cause problems in AutoCAD
copy process ignored ACDB_BLOCKREPRESENTATION_DATA(#4E055) - this may cause problems in AutoCAD
copy process ignored ACDB_BLOCKREPRESENTATION_DATA(#4E05F) - this may cause problems in AutoCAD
copy process ignored ACDB_BLOCKREPRESENTATION_DATA(#4E069) - this may cause problems in AutoCAD
copy process ignored ACDB_BLOCKREPRESENTATION_DATA(#4E07C) - this may cause problems in AutoCAD
copy process ignored ACDB_BLOCKREPRESENTATION_DATA(#4E086) - this may cause problems in AutoCAD
copy process ignored ACDB_BLOCKREPRESENTATION_DATA(#4E090) - this may cause problems in AutoCAD
copy process ignored FIELD(#546A1) - this may cause problems in AutoCAD
copy process ignored FIELD(#546A3) - this may cause problems in AutoCAD
copy process ignored FIELD(#546A6) - this may cause problems in AutoCAD
copy process ignored FIELD(#546A9) - this may cause problems in AutoCAD
copy process ignored FIELD(#546AC) - this may cause problems in AutoCAD
copy process ignored FIELD(#546E1) - this may cause problems in AutoCAD
copy process ignored FIELD(#546E3) - this may cause problems in AutoCAD
copy process ignored FIELD(#546E6) - this may cause problems in AutoCAD
copy process ignored FIELD(#546E9) - this may cause problems in AutoCAD
copy process ignored FIELD(#546EC) - this may cause problems in AutoCAD
copy process ignored FIELD(#54721) - this may cause problems in AutoCAD
copy process ignored FIELD(#54723) - this may cause problems in AutoCAD
copy process ignored FIELD(#54726) - this may cause problems in AutoCAD
copy process ignored FIELD(#54729) - this may cause problems in AutoCAD
copy process ignored FIELD(#5472C) - this may cause problems in AutoCAD
copy process ignored FIELD(#54761) - this may cause problems in AutoCAD
copy process ignored FIELD(#54763) - this may cause problems in AutoCAD
copy process ignored FIELD(#54766) - this may cause problems in AutoCAD
copy process ignored FIELD(#54769) - this may cause problems in AutoCAD
copy process ignored FIELD(#5476C) - this may cause problems in AutoCAD
copy process ignored FIELD(#547A1) - this may cause problems in AutoCAD
copy process ignored FIELD(#547A3) - this may cause problems in AutoCAD
copy process ignored FIELD(#547A6) - this may cause problems in AutoCAD
copy process ignored FIELD(#547A9) - this may cause problems in AutoCAD
copy process ignored FIELD(#547AC) - this may cause problems in AutoCAD
copy process ignored FIELD(#547E1) - this may cause problems in AutoCAD
copy process ignored FIELD(#547E3) - this may cause problems in AutoCAD
copy process ignored FIELD(#547E6) - this may cause problems in AutoCAD
copy process ignored FIELD(#547E9) - this may cause problems in AutoCAD
copy process ignored FIELD(#547EC) - this may cause problems in AutoCAD
copy process ignored ACDB_BLOCKREPRESENTATION_DATA(#4DF6B) - this may cause problems in AutoCAD
copy process ignored ACDB_BLOCKREPRESENTATION_DATA(#4DF8F) - this may cause problems in AutoCAD
copy process ignored ACDB_BLOCKREPRESENTATION_DATA(#4DF99) - this may cause problems in AutoCAD
copy process ignored ACDB_BLOCKREPRESENTATION_DATA(#4DFA3) - this may cause problems in AutoCAD
copy process ignored ACDB_BLOCKREPRESENTATION_DATA(#4DFAD) - this may cause problems in AutoCAD
copy process ignored ACDB_BLOCKREPRESENTATION_DATA(#4DFC0) - this may cause problems in AutoCAD
copy process ignored ACDB_BLOCKREPRESENTATION_DATA(#4DFCA) - this may cause problems in AutoCAD
copy process ignored ACDB_BLOCKREPRESENTATION_DATA(#4DFD4) - this may cause problems in AutoCAD
copy process ignored ACDB_BLOCKREPRESENTATION_DATA(#4DFDE) - this may cause problems in AutoCAD
copy process ignored ACDB_BLOCKREPRESENTATION_DATA(#4DFE8) - this may cause problems in AutoCAD
copy process ignored ACDB_BLOCKREPRESENTATION_DATA(#4DFF2) - this may cause problems in AutoCAD
copy process ignored ACDB_BLOCKREPRESENTATION_DATA(#4DFFC) - this may cause problems in AutoCAD
copy process ignored ACDB_BLOCKREPRESENTATION_DATA(#4E006) - this may cause problems in AutoCAD
copy process ignored ACDB_BLOCKREPRESENTATION_DATA(#4E010) - this may cause problems in AutoCAD
copy process ignored ACDB_BLOCKREPRESENTATION_DATA(#4E01A) - this may cause problems in AutoCAD
copy process ignored ACDB_BLOCKREPRESENTATION_DATA(#4E024) - this may cause problems in AutoCAD
copy process ignored ACDB_BLOCKREPRESENTATION_DATA(#4E037) - this may cause problems in AutoCAD
copy process ignored ACDB_BLOCKREPRESENTATION_DATA(#4E041) - this may cause problems in AutoCAD
copy process ignored ACDB_BLOCKREPRESENTATION_DATA(#4E04B) - this may cause problems in AutoCAD
copy process ignored ACDB_BLOCKREPRESENTATION_DATA(#4E055) - this may cause problems in AutoCAD
copy process ignored ACDB_BLOCKREPRESENTATION_DATA(#4E05F) - this may cause problems in AutoCAD
copy process ignored ACDB_BLOCKREPRESENTATION_DATA(#4E069) - this may cause problems in AutoCAD
copy process ignored ACDB_BLOCKREPRESENTATION_DATA(#4E07C) - this may cause problems in AutoCAD
copy process ignored ACDB_BLOCKREPRESENTATION_DATA(#4E086) - this may cause problems in AutoCAD
copy process ignored ACDB_BLOCKREPRESENTATION_DATA(#4E090) - this may cause problems in AutoCAD
copy process ignored ACDB_BLOCKREPRESENTATION_DATA(#4E0A1) - this may cause problems in AutoCAD
copy process ignored ACDB_BLOCKREPRESENTATION_DATA(#4E0AB) - this may cause problems in AutoCAD
copy process ignored ACDB_BLOCKREPRESENTATION_DATA(#4E0B5) - this may cause problems in AutoCAD
copy process ignored ACDB_BLOCKREPRESENTATION_DATA(#4E0BF) - this may cause problems in AutoCAD
copy process ignored ACDB_BLOCKREPRESENTATION_DATA(#4E0C9) - this may cause problems in AutoCAD
copy process ignored ACDB_BLOCKREPRESENTATION_DATA(#4E0D3) - this may cause problems in AutoCAD
copy process ignored ACDB_BLOCKREPRESENTATION_DATA(#4E0DD) - this may cause problems in AutoCAD
copy process ignored ACDB_BLOCKREPRESENTATION_DATA(#4E0E7) - this may cause problems in AutoCAD
copy process ignored ACDB_BLOCKREPRESENTATION_DATA(#4E0F1) - this may cause problems in AutoCAD
copy process ignored ACDB_BLOCKREPRESENTATION_DATA(#4E0FB) - this may cause problems in AutoCAD
copy process ignored ACDB_BLOCKREPRESENTATION_DATA(#4E105) - this may cause problems in AutoCAD
copy process ignored ACDB_BLOCKREPRESENTATION_DATA(#4E10F) - this may cause problems in AutoCAD
copy process ignored ACDB_BLOCKREPRESENTATION_DATA(#4E119) - this may cause problems in AutoCAD
copy process ignored ACDB_BLOCKREPRESENTATION_DATA(#4E123) - this may cause problems in AutoCAD
copy process ignored ACDB_BLOCKREPRESENTATION_DATA(#4E12D) - this may cause problems in AutoCAD
copy process ignored ACDB_BLOCKREPRESENTATION_DATA(#4E137) - this may cause problems in AutoCAD
copy process ignored ACDB_BLOCKREPRESENTATION_DATA(#4E141) - this may cause problems in AutoCAD
copy process ignored ACDB_BLOCKREPRESENTATION_DATA(#4E14B) - this may cause problems in AutoCAD
copy process ignored ACDB_BLOCKREPRESENTATION_DATA(#4E15B) - this may cause problems in AutoCAD
copy process ignored ACDB_BLOCKREPRESENTATION_DATA(#4E165) - this may cause problems in AutoCAD
copy process ignored ACDB_BLOCKREPRESENTATION_DATA(#4E16F) - this may cause problems in AutoCAD
copy process ignored ACDB_BLOCKREPRESENTATION_DATA(#4E179) - this may cause problems in AutoCAD
copy process ignored ACDB_BLOCKREPRESENTATION_DATA(#4E183) - this may cause problems in AutoCAD
copy process ignored ACDB_BLOCKREPRESENTATION_DATA(#4E18D) - this may cause problems in AutoCAD
copy process ignored ACDB_BLOCKREPRESENTATION_DATA(#4E197) - this may cause problems in AutoCAD
copy process ignored ACDB_BLOCKREPRESENTATION_DATA(#4E1A1) - this may cause problems in AutoCAD
copy process ignored ACDB_BLOCKREPRESENTATION_DATA(#4E1AB) - this may cause problems in AutoCAD
copy process ignored ACDB_BLOCKREPRESENTATION_DATA(#4E1B5) - this may cause problems in AutoCAD
copy process ignored ACDB_BLOCKREPRESENTATION_DATA(#4E1BF) - this may cause problems in AutoCAD
copy process ignored ACDB_BLOCKREPRESENTATION_DATA(#4E1C9) - this may cause problems in AutoCAD
copy process ignored ACDB_BLOCKREPRESENTATION_DATA(#4E1D3) - this may cause problems in AutoCAD
copy process ignored ACDB_BLOCKREPRESENTATION_DATA(#4E1DD) - this may cause problems in AutoCAD
copy process ignored ACDB_BLOCKREPRESENTATION_DATA(#4E1E7) - this may cause problems in AutoCAD
copy process ignored ACDB_BLOCKREPRESENTATION_DATA(#4E1F1) - this may cause problems in AutoCAD
copy process ignored ACDB_BLOCKREPRESENTATION_DATA(#4E1FB) - this may cause problems in AutoCAD
copy process ignored ACDB_BLOCKREPRESENTATION_DATA(#4E205) - this may cause problems in AutoCAD
copy process ignored ACDB_BLOCKREPRESENTATION_DATA(#4E20F) - this may cause problems in AutoCAD
copy process ignored ACDB_BLOCKREPRESENTATION_DATA(#4E219) - this may cause problems in AutoCAD
copy process ignored ACDB_BLOCKREPRESENTATION_DATA(#4E223) - this may cause problems in AutoCAD
copy process ignored ACDB_BLOCKREPRESENTATION_DATA(#4DF6B) - this may cause problems in AutoCAD
copy process ignored ACDB_BLOCKREPRESENTATION_DATA(#4DF8F) - this may cause problems in AutoCAD
copy process ignored ACDB_BLOCKREPRESENTATION_DATA(#4DF99) - this may cause problems in AutoCAD
copy process ignored ACDB_BLOCKREPRESENTATION_DATA(#4DFA3) - this may cause problems in AutoCAD
copy process ignored ACDB_BLOCKREPRESENTATION_DATA(#4DFAD) - this may cause problems in AutoCAD
copy process ignored ACDB_BLOCKREPRESENTATION_DATA(#4DFC0) - this may cause problems in AutoCAD
copy process ignored ACDB_BLOCKREPRESENTATION_DATA(#4DFCA) - this may cause problems in AutoCAD
copy process ignored ACDB_BLOCKREPRESENTATION_DATA(#4DFD4) - this may cause problems in AutoCAD
copy process ignored ACDB_BLOCKREPRESENTATION_DATA(#4DFDE) - this may cause problems in AutoCAD
copy process ignored ACDB_BLOCKREPRESENTATION_DATA(#4DFE8) - this may cause problems in AutoCAD
copy process ignored ACDB_BLOCKREPRESENTATION_DATA(#4DFF2) - this may cause problems in AutoCAD
copy process ignored ACDB_BLOCKREPRESENTATION_DATA(#4DFFC) - this may cause problems in AutoCAD
copy process ignored ACDB_BLOCKREPRESENTATION_DATA(#4E006) - this may cause problems in AutoCAD
copy process ignored ACDB_BLOCKREPRESENTATION_DATA(#4E010) - this may cause problems in AutoCAD
copy process ignored ACDB_BLOCKREPRESENTATION_DATA(#4E01A) - this may cause problems in AutoCAD
copy process ignored ACDB_BLOCKREPRESENTATION_DATA(#4E024) - this may cause problems in AutoCAD
copy process ignored ACDB_BLOCKREPRESENTATION_DATA(#4E037) - this may cause problems in AutoCAD
copy process ignored ACDB_BLOCKREPRESENTATION_DATA(#4E041) - this may cause problems in AutoCAD
copy process ignored ACDB_BLOCKREPRESENTATION_DATA(#4E04B) - this may cause problems in AutoCAD
copy process ignored ACDB_BLOCKREPRESENTATION_DATA(#4E055) - this may cause problems in AutoCAD
copy process ignored ACDB_BLOCKREPRESENTATION_DATA(#4E05F) - this may cause problems in AutoCAD
copy process ignored ACDB_BLOCKREPRESENTATION_DATA(#4E069) - this may cause problems in AutoCAD
copy process ignored ACDB_BLOCKREPRESENTATION_DATA(#4E07C) - this may cause problems in AutoCAD
copy process ignored ACDB_BLOCKREPRESENTATION_DATA(#4E086) - this may cause problems in AutoCAD
copy process ignored ACDB_BLOCKREPRESENTATION_DATA(#4E090) - this may cause problems in AutoCAD
copy process ignored ACDB_BLOCKREPRESENTATION_DATA(#4DF6B) - this may cause problems in AutoCAD
copy process ignored ACDB_BLOCKREPRESENTATION_DATA(#4DF8F) - this may cause problems in AutoCAD
copy process ignored ACDB_BLOCKREPRESENTATION_DATA(#4DF99) - this may cause problems in AutoCAD
copy process ignored ACDB_BLOCKREPRESENTATION_DATA(#4DFA3) - this may cause problems in AutoCAD
copy process ignored ACDB_BLOCKREPRESENTATION_DATA(#4DFAD) - this may cause problems in AutoCAD
copy process ignored ACDB_BLOCKREPRESENTATION_DATA(#4DFC0) - this may cause problems in AutoCAD
copy process ignored ACDB_BLOCKREPRESENTATION_DATA(#4DFCA) - this may cause problems in AutoCAD
copy process ignored ACDB_BLOCKREPRESENTATION_DATA(#4DFD4) - this may cause problems in AutoCAD
copy process ignored ACDB_BLOCKREPRESENTATION_DATA(#4DFDE) - this may cause problems in AutoCAD
copy process ignored ACDB_BLOCKREPRESENTATION_DATA(#4DFE8) - this may cause problems in AutoCAD
copy process ignored ACDB_BLOCKREPRESENTATION_DATA(#4DFF2) - this may cause problems in AutoCAD
copy process ignored ACDB_BLOCKREPRESENTATION_DATA(#4DFFC) - this may cause problems in AutoCAD
copy process ignored ACDB_BLOCKREPRESENTATION_DATA(#4E006) - this may cause problems in AutoCAD
copy process ignored ACDB_BLOCKREPRESENTATION_DATA(#4E010) - this may cause problems in AutoCAD
copy process ignored ACDB_BLOCKREPRESENTATION_DATA(#4E01A) - this may cause problems in AutoCAD
copy process ignored ACDB_BLOCKREPRESENTATION_DATA(#4E024) - this may cause problems in AutoCAD
copy process ignored ACDB_BLOCKREPRESENTATION_DATA(#4E037) - this may cause problems in AutoCAD
copy process ignored ACDB_BLOCKREPRESENTATION_DATA(#4E041) - this may cause problems in AutoCAD
copy process ignored ACDB_BLOCKREPRESENTATION_DATA(#4E04B) - this may cause problems in AutoCAD
copy process ignored ACDB_BLOCKREPRESENTATION_DATA(#4E055) - this may cause problems in AutoCAD
copy process ignored ACDB_BLOCKREPRESENTATION_DATA(#4E05F) - this may cause problems in AutoCAD
copy process ignored ACDB_BLOCKREPRESENTATION_DATA(#4E069) - this may cause problems in AutoCAD
copy process ignored ACDB_BLOCKREPRESENTATION_DATA(#4E07C) - this may cause problems in AutoCAD
copy process ignored ACDB_BLOCKREPRESENTATION_DATA(#4E086) - this may cause problems in AutoCAD
copy process ignored ACDB_BLOCKREPRESENTATION_DATA(#4E090) - this may cause problems in AutoCAD
copy process ignored ACDB_BLOCKREPRESENTATION_DATA(#4DF6B) - this may cause problems in AutoCAD
copy process ignored ACDB_BLOCKREPRESENTATION_DATA(#4DF8F) - this may cause problems in AutoCAD
copy process ignored ACDB_BLOCKREPRESENTATION_DATA(#4DF99) - this may cause problems in AutoCAD
copy process ignored ACDB_BLOCKREPRESENTATION_DATA(#4DFA3) - this may cause problems in AutoCAD
copy process ignored ACDB_BLOCKREPRESENTATION_DATA(#4DFAD) - this may cause problems in AutoCAD
copy process ignored ACDB_BLOCKREPRESENTATION_DATA(#4DFC0) - this may cause problems in AutoCAD
copy process ignored ACDB_BLOCKREPRESENTATION_DATA(#4DFCA) - this may cause problems in AutoCAD
copy process ignored ACDB_BLOCKREPRESENTATION_DATA(#4DFD4) - this may cause problems in AutoCAD
copy process ignored ACDB_BLOCKREPRESENTATION_DATA(#4DFDE) - this may cause problems in AutoCAD
copy process ignored ACDB_BLOCKREPRESENTATION_DATA(#4DFE8) - this may cause problems in AutoCAD
copy process ignored ACDB_BLOCKREPRESENTATION_DATA(#4DFF2) - this may cause problems in AutoCAD
copy process ignored ACDB_BLOCKREPRESENTATION_DATA(#4DFFC) - this may cause problems in AutoCAD
copy process ignored ACDB_BLOCKREPRESENTATION_DATA(#4E006) - this may cause problems in AutoCAD
copy process ignored ACDB_BLOCKREPRESENTATION_DATA(#4E010) - this may cause problems in AutoCAD
copy process ignored ACDB_BLOCKREPRESENTATION_DATA(#4E01A) - this may cause problems in AutoCAD
copy process ignored ACDB_BLOCKREPRESENTATION_DATA(#4E024) - this may cause problems in AutoCAD
copy process ignored ACDB_BLOCKREPRESENTATION_DATA(#4E037) - this may cause problems in AutoCAD
copy process ignored ACDB_BLOCKREPRESENTATION_DATA(#4E041) - this may cause problems in AutoCAD
copy process ignored ACDB_BLOCKREPRESENTATION_DATA(#4E04B) - this may cause problems in AutoCAD
copy process ignored ACDB_BLOCKREPRESENTATION_DATA(#4E055) - this may cause problems in AutoCAD
copy process ignored ACDB_BLOCKREPRESENTATION_DATA(#4E05F) - this may cause problems in AutoCAD
copy process ignored ACDB_BLOCKREPRESENTATION_DATA(#4E069) - this may cause problems in AutoCAD
copy process ignored ACDB_BLOCKREPRESENTATION_DATA(#4E07C) - this may cause problems in AutoCAD
copy process ignored ACDB_BLOCKREPRESENTATION_DATA(#4E086) - this may cause problems in AutoCAD
copy process ignored ACDB_BLOCKREPRESENTATION_DATA(#4E090) - this may cause problems in AutoCAD
copy process ignored ACDB_BLOCKREPRESENTATION_DATA(#4BF99) - this may cause problems in AutoCAD
copy process ignored ACDB_BLOCKREPRESENTATION_DATA(#4C09C) - this may cause problems in AutoCAD
copy process ignored ACDB_BLOCKREPRESENTATION_DATA(#4C19D) - this may cause problems in AutoCAD
copy process ignored ACDB_BLOCKREPRESENTATION_DATA(#4C261) - this may cause problems in AutoCAD
copy process ignored ACDB_BLOCKREPRESENTATION_DATA(#4C34E) - this may cause problems in AutoCAD
copy process ignored ACDB_BLOCKREPRESENTATION_DATA(#4C3BA) - this may cause problems in AutoCAD
copy process ignored ACDB_BLOCKREPRESENTATION_DATA(#4C425) - this may cause problems in AutoCAD
copy process ignored ACDB_BLOCKREPRESENTATION_DATA(#4C491) - this may cause problems in AutoCAD
copy process ignored ACDB_BLOCKREPRESENTATION_DATA(#4C4FC) - this may cause problems in AutoCAD
copy process ignored ACDB_BLOCKREPRESENTATION_DATA(#4C568) - this may cause problems in AutoCAD
copy process ignored ACDB_BLOCKREPRESENTATION_DATA(#4C5D3) - this may cause problems in AutoCAD
copy process ignored ACDB_BLOCKREPRESENTATION_DATA(#4C5E4) - this may cause problems in AutoCAD
copy process ignored ACDB_BLOCKREPRESENTATION_DATA(#4C65F) - this may cause problems in AutoCAD
copy process ignored ACDB_BLOCKREPRESENTATION_DATA(#4C6DA) - this may cause problems in AutoCAD
copy process ignored ACDB_BLOCKREPRESENTATION_DATA(#4C755) - this may cause problems in AutoCAD
copy process ignored ACDB_BLOCKREPRESENTATION_DATA(#4C80A) - this may cause problems in AutoCAD
copy process ignored ACDB_BLOCKREPRESENTATION_DATA(#4C876) - this may cause problems in AutoCAD
copy process ignored ACDB_BLOCKREPRESENTATION_DATA(#4C947) - this may cause problems in AutoCAD
copy process ignored ACDB_BLOCKREPRESENTATION_DATA(#4CA16) - this may cause problems in AutoCAD
copy process ignored ACDB_BLOCKREPRESENTATION_DATA(#4CA81) - this may cause problems in AutoCAD
copy process ignored ACDB_BLOCKREPRESENTATION_DATA(#4CAEC) - this may cause problems in AutoCAD
copy process ignored ACDB_BLOCKREPRESENTATION_DATA(#4CBDF) - this may cause problems in AutoCAD
copy process ignored ACDB_BLOCKREPRESENTATION_DATA(#4CCBA) - this may cause problems in AutoCAD
copy process ignored ACDB_BLOCKREPRESENTATION_DATA(#4CD7D) - this may cause problems in AutoCAD
copy process ignored ACDB_BLOCKREPRESENTATION_DATA(#4CE4D) - this may cause problems in AutoCAD
copy process ignored ACDB_BLOCKREPRESENTATION_DATA(#4CF50) - this may cause problems in AutoCAD
copy process ignored ACDB_BLOCKREPRESENTATION_DATA(#4D051) - this may cause problems in AutoCAD
copy process ignored ACDB_BLOCKREPRESENTATION_DATA(#4D115) - this may cause problems in AutoCAD
copy process ignored ACDB_BLOCKREPRESENTATION_DATA(#4D202) - this may cause problems in AutoCAD
copy process ignored ACDB_BLOCKREPRESENTATION_DATA(#4D26E) - this may cause problems in AutoCAD
copy process ignored ACDB_BLOCKREPRESENTATION_DATA(#4D27F) - this may cause problems in AutoCAD
copy process ignored ACDB_BLOCKREPRESENTATION_DATA(#4D2EB) - this may cause problems in AutoCAD
copy process ignored ACDB_BLOCKREPRESENTATION_DATA(#4D356) - this may cause problems in AutoCAD
copy process ignored ACDB_BLOCKREPRESENTATION_DATA(#4D3C2) - this may cause problems in AutoCAD
copy process ignored ACDB_BLOCKREPRESENTATION_DATA(#4D42D) - this may cause problems in AutoCAD
copy process ignored ACDB_BLOCKREPRESENTATION_DATA(#4D43E) - this may cause problems in AutoCAD
copy process ignored ACDB_BLOCKREPRESENTATION_DATA(#4D4B9) - this may cause problems in AutoCAD
copy process ignored ACDB_BLOCKREPRESENTATION_DATA(#4D534) - this may cause problems in AutoCAD
copy process ignored ACDB_BLOCKREPRESENTATION_DATA(#4D5AF) - this may cause problems in AutoCAD
copy process ignored ACDB_BLOCKREPRESENTATION_DATA(#4D622) - this may cause problems in AutoCAD
copy process ignored ACDB_BLOCKREPRESENTATION_DATA(#4D68E) - this may cause problems in AutoCAD
copy process ignored ACDB_BLOCKREPRESENTATION_DATA(#4D75F) - this may cause problems in AutoCAD
copy process ignored ACDB_BLOCKREPRESENTATION_DATA(#4D82E) - this may cause problems in AutoCAD
copy process ignored ACDB_BLOCKREPRESENTATION_DATA(#4D899) - this may cause problems in AutoCAD
copy process ignored ACDB_BLOCKREPRESENTATION_DATA(#4D904) - this may cause problems in AutoCAD
copy process ignored ACDB_BLOCKREPRESENTATION_DATA(#4D9F7) - this may cause problems in AutoCAD
copy process ignored ACDB_BLOCKREPRESENTATION_DATA(#4DAD2) - this may cause problems in AutoCAD
copy process ignored ACDB_BLOCKREPRESENTATION_DATA(#4DB95) - this may cause problems in AutoCAD
copy process ignored ACDB_BLOCKREPRESENTATION_DATA(#4DC64) - this may cause problems in AutoCAD
copy process ignored ACDB_BLOCKREPRESENTATION_DATA(#4DD9A) - this may cause problems in AutoCAD
copy process ignored ACDB_BLOCKREPRESENTATION_DATA(#4DE5E) - this may cause problems in AutoCAD
copy process ignored ACDB_BLOCKREPRESENTATION_DATA(#49D2E) - this may cause problems in AutoCAD
copy process ignored ACDB_BLOCKREPRESENTATION_DATA(#49E19) - this may cause problems in AutoCAD
copy process ignored ACDB_BLOCKREPRESENTATION_DATA(#49E84) - this may cause problems in AutoCAD
copy process ignored ACDB_BLOCKREPRESENTATION_DATA(#49EF0) - this may cause problems in AutoCAD
copy process ignored ACDB_BLOCKREPRESENTATION_DATA(#49F01) - this may cause problems in AutoCAD
copy process ignored ACDB_BLOCKREPRESENTATION_DATA(#49F6D) - this may cause problems in AutoCAD
copy process ignored ACDB_BLOCKREPRESENTATION_DATA(#49FD8) - this may cause problems in AutoCAD
copy process ignored ACDB_BLOCKREPRESENTATION_DATA(#49FE9) - this may cause problems in AutoCAD
copy process ignored ACDB_BLOCKREPRESENTATION_DATA(#4A0EA) - this may cause problems in AutoCAD
copy process ignored ACDB_BLOCKREPRESENTATION_DATA(#4A165) - this may cause problems in AutoCAD
copy process ignored ACDB_BLOCKREPRESENTATION_DATA(#4A1E0) - this may cause problems in AutoCAD
copy process ignored ACDB_BLOCKREPRESENTATION_DATA(#4A1F2) - this may cause problems in AutoCAD
copy process ignored ACDB_BLOCKREPRESENTATION_DATA(#4A25E) - this may cause problems in AutoCAD
copy process ignored ACDB_BLOCKREPRESENTATION_DATA(#4A405) - this may cause problems in AutoCAD
copy process ignored ACDB_BLOCKREPRESENTATION_DATA(#4A5A5) - this may cause problems in AutoCAD
copy process ignored ACDB_BLOCKREPRESENTATION_DATA(#4A610) - this may cause problems in AutoCAD
copy process ignored ACDB_BLOCKREPRESENTATION_DATA(#4A84C) - this may cause problems in AutoCAD
copy process ignored ACDB_BLOCKREPRESENTATION_DATA(#4A9D7) - this may cause problems in AutoCAD
copy process ignored ACDB_BLOCKREPRESENTATION_DATA(#4AD48) - this may cause problems in AutoCAD
copy process ignored ACDB_BLOCKREPRESENTATION_DATA(#4AF27) - this may cause problems in AutoCAD
copy process ignored ACDB_BLOCKREPRESENTATION_DATA(#4B0B4) - this may cause problems in AutoCAD
copy process ignored ACDB_BLOCKREPRESENTATION_DATA(#4B2B5) - this may cause problems in AutoCAD
copy process ignored ACDB_BLOCKREPRESENTATION_DATA(#49D2E) - this may cause problems in AutoCAD
copy process ignored ACDB_BLOCKREPRESENTATION_DATA(#49E19) - this may cause problems in AutoCAD
copy process ignored ACDB_BLOCKREPRESENTATION_DATA(#49E84) - this may cause problems in AutoCAD
copy process ignored ACDB_BLOCKREPRESENTATION_DATA(#49EF0) - this may cause problems in AutoCAD
copy process ignored ACDB_BLOCKREPRESENTATION_DATA(#49F01) - this may cause problems in AutoCAD
copy process ignored ACDB_BLOCKREPRESENTATION_DATA(#49F6D) - this may cause problems in AutoCAD
copy process ignored ACDB_BLOCKREPRESENTATION_DATA(#49FD8) - this may cause problems in AutoCAD
copy process ignored ACDB_BLOCKREPRESENTATION_DATA(#49FE9) - this may cause problems in AutoCAD
copy process ignored ACDB_BLOCKREPRESENTATION_DATA(#4A0EA) - this may cause problems in AutoCAD
copy process ignored ACDB_BLOCKREPRESENTATION_DATA(#4A165) - this may cause problems in AutoCAD
copy process ignored ACDB_BLOCKREPRESENTATION_DATA(#4A1E0) - this may cause problems in AutoCAD
copy process ignored ACDB_BLOCKREPRESENTATION_DATA(#4A1F2) - this may cause problems in AutoCAD
copy process ignored ACDB_BLOCKREPRESENTATION_DATA(#4A25E) - this may cause problems in AutoCAD
copy process ignored ACDB_BLOCKREPRESENTATION_DATA(#4A405) - this may cause problems in AutoCAD
copy process ignored ACDB_BLOCKREPRESENTATION_DATA(#4A5A5) - this may cause problems in AutoCAD
copy process ignored ACDB_BLOCKREPRESENTATION_DATA(#4A610) - this may cause problems in AutoCAD
copy process ignored ACDB_BLOCKREPRESENTATION_DATA(#4A84C) - this may cause problems in AutoCAD
copy process ignored ACDB_BLOCKREPRESENTATION_DATA(#4A9D7) - this may cause problems in AutoCAD
copy process ignored ACDB_BLOCKREPRESENTATION_DATA(#4AD48) - this may cause problems in AutoCAD
copy process ignored ACDB_BLOCKREPRESENTATION_DATA(#4AF27) - this may cause problems in AutoCAD
copy process ignored ACDB_BLOCKREPRESENTATION_DATA(#4B0B4) - this may cause problems in AutoCAD
copy process ignored ACDB_BLOCKREPRESENTATION_DATA(#4B2B5) - this may cause problems in AutoCAD
copy process ignored ACDB_BLOCKREPRESENTATION_DATA(#49D2E) - this may cause problems in AutoCAD
copy process ignored ACDB_BLOCKREPRESENTATION_DATA(#49E19) - this may cause problems in AutoCAD
copy process ignored ACDB_BLOCKREPRESENTATION_DATA(#49E84) - this may cause problems in AutoCAD
copy process ignored ACDB_BLOCKREPRESENTATION_DATA(#49EF0) - this may cause problems in AutoCAD
copy process ignored ACDB_BLOCKREPRESENTATION_DATA(#49F01) - this may cause problems in AutoCAD
copy process ignored ACDB_BLOCKREPRESENTATION_DATA(#49F6D) - this may cause problems in AutoCAD
copy process ignored ACDB_BLOCKREPRESENTATION_DATA(#49FD8) - this may cause problems in AutoCAD
copy process ignored ACDB_BLOCKREPRESENTATION_DATA(#49FE9) - this may cause problems in AutoCAD
copy process ignored ACDB_BLOCKREPRESENTATION_DATA(#4A0EA) - this may cause problems in AutoCAD
copy process ignored ACDB_BLOCKREPRESENTATION_DATA(#4A165) - this may cause problems in AutoCAD
copy process ignored ACDB_BLOCKREPRESENTATION_DATA(#4A1E0) - this may cause problems in AutoCAD
copy process ignored ACDB_BLOCKREPRESENTATION_DATA(#4A1F2) - this may cause problems in AutoCAD
copy process ignored ACDB_BLOCKREPRESENTATION_DATA(#4A25E) - this may cause problems in AutoCAD
copy process ignored ACDB_BLOCKREPRESENTATION_DATA(#4A405) - this may cause problems in AutoCAD
copy process ignored ACDB_BLOCKREPRESENTATION_DATA(#4A5A5) - this may cause problems in AutoCAD
copy process ignored ACDB_BLOCKREPRESENTATION_DATA(#4A610) - this may cause problems in AutoCAD
copy process ignored ACDB_BLOCKREPRESENTATION_DATA(#4A84C) - this may cause problems in AutoCAD
copy process ignored ACDB_BLOCKREPRESENTATION_DATA(#4A9D7) - this may cause problems in AutoCAD
copy process ignored ACDB_BLOCKREPRESENTATION_DATA(#4AD48) - this may cause problems in AutoCAD
copy process ignored ACDB_BLOCKREPRESENTATION_DATA(#4AF27) - this may cause problems in AutoCAD
copy process ignored ACDB_BLOCKREPRESENTATION_DATA(#4B0B4) - this may cause problems in AutoCAD
copy process ignored ACDB_BLOCKREPRESENTATION_DATA(#4B2B5) - this may cause problems in AutoCAD
copy process ignored ACDB_BLOCKREPRESENTATION_DATA(#49D2E) - this may cause problems in AutoCAD
copy process ignored ACDB_BLOCKREPRESENTATION_DATA(#49E19) - this may cause problems in AutoCAD
copy process ignored ACDB_BLOCKREPRESENTATION_DATA(#49E84) - this may cause problems in AutoCAD
copy process ignored ACDB_BLOCKREPRESENTATION_DATA(#49EF0) - this may cause problems in AutoCAD
copy process ignored ACDB_BLOCKREPRESENTATION_DATA(#49F01) - this may cause problems in AutoCAD
copy process ignored ACDB_BLOCKREPRESENTATION_DATA(#49F6D) - this may cause problems in AutoCAD
copy process ignored ACDB_BLOCKREPRESENTATION_DATA(#49FD8) - this may cause problems in AutoCAD
copy process ignored ACDB_BLOCKREPRESENTATION_DATA(#49FE9) - this may cause problems in AutoCAD
copy process ignored ACDB_BLOCKREPRESENTATION_DATA(#4A0EA) - this may cause problems in AutoCAD
copy process ignored ACDB_BLOCKREPRESENTATION_DATA(#4A165) - this may cause problems in AutoCAD
copy process ignored ACDB_BLOCKREPRESENTATION_DATA(#4A1E0) - this may cause problems in AutoCAD
copy process ignored ACDB_BLOCKREPRESENTATION_DATA(#4A1F2) - this may cause problems in AutoCAD
copy process ignored ACDB_BLOCKREPRESENTATION_DATA(#4A25E) - this may cause problems in AutoCAD
copy process ignored ACDB_BLOCKREPRESENTATION_DATA(#4A405) - this may cause problems in AutoCAD
copy process ignored ACDB_BLOCKREPRESENTATION_DATA(#4A5A5) - this may cause problems in AutoCAD
copy process ignored ACDB_BLOCKREPRESENTATION_DATA(#4A610) - this may cause problems in AutoCAD
copy process ignored ACDB_BLOCKREPRESENTATION_DATA(#4A84C) - this may cause problems in AutoCAD
copy process ignored ACDB_BLOCKREPRESENTATION_DATA(#4A9D7) - this may cause problems in AutoCAD
copy process ignored ACDB_BLOCKREPRESENTATION_DATA(#4AD48) - this may cause problems in AutoCAD
copy process ignored ACDB_BLOCKREPRESENTATION_DATA(#4AF27) - this may cause problems in AutoCAD
copy process ignored ACDB_BLOCKREPRESENTATION_DATA(#4B0B4) - this may cause problems in AutoCAD
copy process ignored ACDB_BLOCKREPRESENTATION_DATA(#4B2B5) - this may cause problems in AutoCAD
copy process ignored ACDB_BLOCKREPRESENTATION_DATA(#49164) - this may cause problems in AutoCAD
copy process ignored ACDB_BLOCKREPRESENTATION_DATA(#492DD) - this may cause problems in AutoCAD
copy process ignored ACDB_BLOCKREPRESENTATION_DATA(#492EE) - this may cause problems in AutoCAD
copy process ignored ACDB_BLOCKREPRESENTATION_DATA(#39666) - this may cause problems in AutoCAD
copy process ignored ACDB_BLOCKREPRESENTATION_DATA(#39670) - this may cause problems in AutoCAD
copy process ignored ACDB_BLOCKREPRESENTATION_DATA(#396BE) - this may cause problems in AutoCAD
copy process ignored ACDB_BLOCKREPRESENTATION_DATA(#396C9) - this may cause problems in AutoCAD
copy process ignored ACDB_BLOCKREPRESENTATION_DATA(#396E6) - this may cause problems in AutoCAD
copy process ignored ACDB_BLOCKREPRESENTATION_DATA(#396F0) - this may cause problems in AutoCAD
copy process ignored ACDB_BLOCKREPRESENTATION_DATA(#39709) - this may cause problems in AutoCAD
copy process ignored ACDB_BLOCKREPRESENTATION_DATA(#39721) - this may cause problems in AutoCAD
copy process ignored ACDB_BLOCKREPRESENTATION_DATA(#39739) - this may cause problems in AutoCAD
copy process ignored ACDB_BLOCKREPRESENTATION_DATA(#39743) - this may cause problems in AutoCAD
copy process ignored ACDB_BLOCKREPRESENTATION_DATA(#3975D) - this may cause problems in AutoCAD
copy process ignored ACDB_BLOCKREPRESENTATION_DATA(#39774) - this may cause problems in AutoCAD
copy process ignored ACDB_BLOCKREPRESENTATION_DATA(#3977C) - this may cause problems in AutoCAD
copy process ignored ACDB_BLOCKREPRESENTATION_DATA(#39786) - this may cause problems in AutoCAD
copy process ignored ACDB_BLOCKREPRESENTATION_DATA(#3978D) - this may cause problems in AutoCAD
copy process ignored ACDB_BLOCKREPRESENTATION_DATA(#42F78) - this may cause problems in AutoCAD
copy process ignored ACDB_BLOCKREPRESENTATION_DATA(#42F89) - this may cause problems in AutoCAD
copy process ignored ACDB_BLOCKREPRESENTATION_DATA(#42FC6) - this may cause problems in AutoCAD
copy process ignored ACDB_BLOCKREPRESENTATION_DATA(#42FE6) - this may cause problems in AutoCAD
copy process ignored ACDB_BLOCKREPRESENTATION_DATA(#42FF0) - this may cause problems in AutoCAD
copy process ignored ACDB_BLOCKREPRESENTATION_DATA(#39B01) - this may cause problems in AutoCAD
copy process ignored ACDB_BLOCKREPRESENTATION_DATA(#39B27) - this may cause problems in AutoCAD
copy process ignored ACDB_BLOCKREPRESENTATION_DATA(#39B54) - this may cause problems in AutoCAD
copy process ignored ACDB_BLOCKREPRESENTATION_DATA(#39B71) - this may cause problems in AutoCAD
copy process ignored ACDB_BLOCKREPRESENTATION_DATA(#39B79) - this may cause problems in AutoCAD
copy process ignored ACDB_BLOCKREPRESENTATION_DATA(#39B81) - this may cause problems in AutoCAD
copy process ignored ACDB_BLOCKREPRESENTATION_DATA(#39B89) - this may cause problems in AutoCAD
copy process ignored ACDB_BLOCKREPRESENTATION_DATA(#39B91) - this may cause problems in AutoCAD
copy process ignored ACDB_BLOCKREPRESENTATION_DATA(#39B99) - this may cause problems in AutoCAD
copy process ignored ACDB_BLOCKREPRESENTATION_DATA(#39BA1) - this may cause problems in AutoCAD
copy process ignored ACDB_BLOCKREPRESENTATION_DATA(#39BB0) - this may cause problems in AutoCAD
copy process ignored ACDB_BLOCKREPRESENTATION_DATA(#39BB8) - this may cause problems in AutoCAD
copy process ignored ACDB_BLOCKREPRESENTATION_DATA(#39BC0) - this may cause problems in AutoCAD
copy process ignored ACDB_BLOCKREPRESENTATION_DATA(#39BC8) - this may cause problems in AutoCAD
copy process ignored ACDB_BLOCKREPRESENTATION_DATA(#39BD0) - this may cause problems in AutoCAD
copy process ignored ACDB_BLOCKREPRESENTATION_DATA(#39BD8) - this may cause problems in AutoCAD
copy process ignored ACDB_BLOCKREPRESENTATION_DATA(#39BE0) - this may cause problems in AutoCAD
copy process ignored ACDB_BLOCKREPRESENTATION_DATA(#39BE8) - this may cause problems in AutoCAD
copy process ignored ACDB_BLOCKREPRESENTATION_DATA(#39BF7) - this may cause problems in AutoCAD
copy process ignored ACDB_BLOCKREPRESENTATION_DATA(#39C06) - this may cause problems in AutoCAD
copy process ignored ACDB_BLOCKREPRESENTATION_DATA(#39C15) - this may cause problems in AutoCAD
copy process ignored ACDB_BLOCKREPRESENTATION_DATA(#39C24) - this may cause problems in AutoCAD
copy process ignored ACDB_BLOCKREPRESENTATION_DATA(#39C33) - this may cause problems in AutoCAD
copy process ignored ACDB_BLOCKREPRESENTATION_DATA(#39C3B) - this may cause problems in AutoCAD
copy process ignored ACDB_BLOCKREPRESENTATION_DATA(#39C43) - this may cause problems in AutoCAD
copy process ignored ACDB_BLOCKREPRESENTATION_DATA(#39C4E) - this may cause problems in AutoCAD
copy process ignored ACDB_BLOCKREPRESENTATION_DATA(#39C59) - this may cause problems in AutoCAD
copy process ignored ACDB_BLOCKREPRESENTATION_DATA(#39C64) - this may cause problems in AutoCAD
copy process ignored ACDB_BLOCKREPRESENTATION_DATA(#39C6F) - this may cause problems in AutoCAD
copy process ignored ACDB_BLOCKREPRESENTATION_DATA(#39C7A) - this may cause problems in AutoCAD
copy process ignored ACDB_BLOCKREPRESENTATION_DATA(#39C85) - this may cause problems in AutoCAD
copy process ignored ACDB_BLOCKREPRESENTATION_DATA(#39C90) - this may cause problems in AutoCAD
copy process ignored ACDB_BLOCKREPRESENTATION_DATA(#39C9B) - this may cause problems in AutoCAD
copy process ignored ACDB_BLOCKREPRESENTATION_DATA(#39CA6) - this may cause problems in AutoCAD
copy process ignored ACDB_BLOCKREPRESENTATION_DATA(#39CB1) - this may cause problems in AutoCAD
copy process ignored ACDB_BLOCKREPRESENTATION_DATA(#39CBC) - this may cause problems in AutoCAD
copy process ignored ACDB_BLOCKREPRESENTATION_DATA(#39CC7) - this may cause problems in AutoCAD
copy process ignored ACDB_BLOCKREPRESENTATION_DATA(#39CD2) - this may cause problems in AutoCAD
copy process ignored ACDB_BLOCKREPRESENTATION_DATA(#39CDD) - this may cause problems in AutoCAD
copy process ignored ACDB_BLOCKREPRESENTATION_DATA(#39CE8) - this may cause problems in AutoCAD
copy process ignored ACDB_BLOCKREPRESENTATION_DATA(#39CF3) - this may cause problems in AutoCAD
copy process ignored ACDB_BLOCKREPRESENTATION_DATA(#39CFE) - this may cause problems in AutoCAD
copy process ignored ACDB_BLOCKREPRESENTATION_DATA(#39D09) - this may cause problems in AutoCAD
copy process ignored ACDB_BLOCKREPRESENTATION_DATA(#39D14) - this may cause problems in AutoCAD
copy process ignored ACDB_BLOCKREPRESENTATION_DATA(#39D1F) - this may cause problems in AutoCAD
copy process ignored ACDB_BLOCKREPRESENTATION_DATA(#39D2A) - this may cause problems in AutoCAD
copy process ignored ACDB_BLOCKREPRESENTATION_DATA(#39D35) - this may cause problems in AutoCAD
copy process ignored ACDB_BLOCKREPRESENTATION_DATA(#39D40) - this may cause problems in AutoCAD
copy process ignored ACDB_BLOCKREPRESENTATION_DATA(#39D4B) - this may cause problems in AutoCAD
copy process ignored ACDB_BLOCKREPRESENTATION_DATA(#39D56) - this may cause problems in AutoCAD
copy process ignored ACDB_BLOCKREPRESENTATION_DATA(#39D61) - this may cause problems in AutoCAD
copy process ignored ACDB_BLOCKREPRESENTATION_DATA(#39D6C) - this may cause problems in AutoCAD
copy process ignored ACDB_BLOCKREPRESENTATION_DATA(#39D77) - this may cause problems in AutoCAD
copy process ignored ACDB_BLOCKREPRESENTATION_DATA(#39D82) - this may cause problems in AutoCAD
copy process ignored ACDB_BLOCKREPRESENTATION_DATA(#39D8D) - this may cause problems in AutoCAD
copy process ignored ACDB_BLOCKREPRESENTATION_DATA(#39D98) - this may cause problems in AutoCAD
copy process ignored ACDB_BLOCKREPRESENTATION_DATA(#39DA3) - this may cause problems in AutoCAD
copy process ignored ACDB_BLOCKREPRESENTATION_DATA(#39DAE) - this may cause problems in AutoCAD
copy process ignored ACDB_BLOCKREPRESENTATION_DATA(#39DB9) - this may cause problems in AutoCAD
copy process ignored ACDB_BLOCKREPRESENTATION_DATA(#39DC4) - this may cause problems in AutoCAD
copy process ignored ACDB_BLOCKREPRESENTATION_DATA(#39DCF) - this may cause problems in AutoCAD
copy process ignored ACDB_BLOCKREPRESENTATION_DATA(#39DDA) - this may cause problems in AutoCAD
copy process ignored ACDB_BLOCKREPRESENTATION_DATA(#39DE5) - this may cause problems in AutoCAD
copy process ignored ACDB_BLOCKREPRESENTATION_DATA(#39DF0) - this may cause problems in AutoCAD
copy process ignored ACDB_BLOCKREPRESENTATION_DATA(#39DFB) - this may cause problems in AutoCAD
copy process ignored ACDB_BLOCKREPRESENTATION_DATA(#39E06) - this may cause problems in AutoCAD
copy process ignored ACDB_BLOCKREPRESENTATION_DATA(#39E11) - this may cause problems in AutoCAD
copy process ignored ACDB_BLOCKREPRESENTATION_DATA(#39E1C) - this may cause problems in AutoCAD
copy process ignored ACDB_BLOCKREPRESENTATION_DATA(#39E27) - this may cause problems in AutoCAD
copy process ignored ACDB_BLOCKREPRESENTATION_DATA(#39E3A) - this may cause problems in AutoCAD
copy process ignored ACDB_BLOCKREPRESENTATION_DATA(#39E45) - this may cause problems in AutoCAD
copy process ignored ACDB_BLOCKREPRESENTATION_DATA(#39E50) - this may cause problems in AutoCAD
copy process ignored ACDB_BLOCKREPRESENTATION_DATA(#39E5B) - this may cause problems in AutoCAD
copy process ignored ACDB_BLOCKREPRESENTATION_DATA(#39E68) - this may cause problems in AutoCAD
copy process ignored ACDB_BLOCKREPRESENTATION_DATA(#39E73) - this may cause problems in AutoCAD
copy process ignored ACDB_BLOCKREPRESENTATION_DATA(#39E7E) - this may cause problems in AutoCAD
copy process ignored ACDB_BLOCKREPRESENTATION_DATA(#39E89) - this may cause problems in AutoCAD
copy process ignored ACDB_BLOCKREPRESENTATION_DATA(#39E94) - this may cause problems in AutoCAD
copy process ignored ACDB_BLOCKREPRESENTATION_DATA(#39EA3) - this may cause problems in AutoCAD
copy process ignored ACDB_BLOCKREPRESENTATION_DATA(#39EB2) - this may cause problems in AutoCAD
copy process ignored ACDB_BLOCKREPRESENTATION_DATA(#39EC1) - this may cause problems in AutoCAD
copy process ignored ACDB_BLOCKREPRESENTATION_DATA(#39ED0) - this may cause problems in AutoCAD
copy process ignored ACDB_BLOCKREPRESENTATION_DATA(#39EE2) - this may cause problems in AutoCAD
copy process ignored ACDB_BLOCKREPRESENTATION_DATA(#39EEA) - this may cause problems in AutoCAD
copy process ignored ACDB_BLOCKREPRESENTATION_DATA(#39EFC) - this may cause problems in AutoCAD
copy process ignored ACDB_BLOCKREPRESENTATION_DATA(#39F0E) - this may cause problems in AutoCAD
copy process ignored ACDB_BLOCKREPRESENTATION_DATA(#39F20) - this may cause problems in AutoCAD
copy process ignored ACDB_BLOCKREPRESENTATION_DATA(#39F28) - this may cause problems in AutoCAD
copy process ignored ACDB_BLOCKREPRESENTATION_DATA(#39F3A) - this may cause problems in AutoCAD
copy process ignored ACDB_BLOCKREPRESENTATION_DATA(#39F42) - this may cause problems in AutoCAD
copy process ignored ACDB_BLOCKREPRESENTATION_DATA(#39F54) - this may cause problems in AutoCAD
copy process ignored ACDB_BLOCKREPRESENTATION_DATA(#39F66) - this may cause problems in AutoCAD
copy process ignored ACDB_BLOCKREPRESENTATION_DATA(#39F6E) - this may cause problems in AutoCAD
copy process ignored ACDB_BLOCKREPRESENTATION_DATA(#39F76) - this may cause problems in AutoCAD
copy process ignored ACDB_BLOCKREPRESENTATION_DATA(#39F88) - this may cause problems in AutoCAD
copy process ignored ACDB_BLOCKREPRESENTATION_DATA(#39F9A) - this may cause problems in AutoCAD
copy process ignored ACDB_BLOCKREPRESENTATION_DATA(#39FA2) - this may cause problems in AutoCAD
copy process ignored ACDB_BLOCKREPRESENTATION_DATA(#39FB4) - this may cause problems in AutoCAD
copy process ignored ACDB_BLOCKREPRESENTATION_DATA(#39FBC) - this may cause problems in AutoCAD
copy process ignored ACDB_BLOCKREPRESENTATION_DATA(#39FCE) - this may cause problems in AutoCAD
copy process ignored ACDB_BLOCKREPRESENTATION_DATA(#39FE0) - this may cause problems in AutoCAD
copy process ignored ACDB_BLOCKREPRESENTATION_DATA(#39FF2) - this may cause problems in AutoCAD
copy process ignored ACDB_BLOCKREPRESENTATION_DATA(#3A004) - this may cause problems in AutoCAD
copy process ignored ACDB_BLOCKREPRESENTATION_DATA(#3A016) - this may cause problems in AutoCAD
copy process ignored ACDB_BLOCKREPRESENTATION_DATA(#3A028) - this may cause problems in AutoCAD
copy process ignored ACDB_BLOCKREPRESENTATION_DATA(#3A03A) - this may cause problems in AutoCAD
copy process ignored ACDB_BLOCKREPRESENTATION_DATA(#3A042) - this may cause problems in AutoCAD
copy process ignored ACDB_BLOCKREPRESENTATION_DATA(#3A054) - this may cause problems in AutoCAD
copy process ignored ACDB_BLOCKREPRESENTATION_DATA(#3A066) - this may cause problems in AutoCAD
copy process ignored ACDB_BLOCKREPRESENTATION_DATA(#3A06E) - this may cause problems in AutoCAD
copy process ignored ACDB_BLOCKREPRESENTATION_DATA(#3A080) - this may cause problems in AutoCAD
copy process ignored ACDB_BLOCKREPRESENTATION_DATA(#3A088) - this may cause problems in AutoCAD
copy process ignored ACDB_BLOCKREPRESENTATION_DATA(#3A090) - this may cause problems in AutoCAD
copy process ignored ACDB_BLOCKREPRESENTATION_DATA(#3A098) - this may cause problems in AutoCAD
copy process ignored ACDB_BLOCKREPRESENTATION_DATA(#3A0AA) - this may cause problems in AutoCAD
copy process ignored ACDB_BLOCKREPRESENTATION_DATA(#3A0BC) - this may cause problems in AutoCAD
copy process ignored ACDB_BLOCKREPRESENTATION_DATA(#3A0C7) - this may cause problems in AutoCAD
copy process ignored ACDB_BLOCKREPRESENTATION_DATA(#3A0D9) - this may cause problems in AutoCAD
copy process ignored ACDB_BLOCKREPRESENTATION_DATA(#3A0EB) - this may cause problems in AutoCAD
copy process ignored ACDB_BLOCKREPRESENTATION_DATA(#3A0FD) - this may cause problems in AutoCAD
copy process ignored ACDB_BLOCKREPRESENTATION_DATA(#3A10F) - this may cause problems in AutoCAD
copy process ignored ACDB_BLOCKREPRESENTATION_DATA(#3A117) - this may cause problems in AutoCAD
copy process ignored ACDB_BLOCKREPRESENTATION_DATA(#3A129) - this may cause problems in AutoCAD
copy process ignored ACDB_BLOCKREPRESENTATION_DATA(#3A13B) - this may cause problems in AutoCAD
copy process ignored ACDB_BLOCKREPRESENTATION_DATA(#3A14D) - this may cause problems in AutoCAD
copy process ignored ACDB_BLOCKREPRESENTATION_DATA(#3A15F) - this may cause problems in AutoCAD
copy process ignored ACDB_BLOCKREPRESENTATION_DATA(#3A171) - this may cause problems in AutoCAD
copy process ignored ACDB_BLOCKREPRESENTATION_DATA(#3A183) - this may cause problems in AutoCAD
copy process ignored ACDB_BLOCKREPRESENTATION_DATA(#3A195) - this may cause problems in AutoCAD
copy process ignored ACDB_BLOCKREPRESENTATION_DATA(#3A1A7) - this may cause problems in AutoCAD
copy process ignored ACDB_BLOCKREPRESENTATION_DATA(#3A1B9) - this may cause problems in AutoCAD
copy process ignored ACDB_BLOCKREPRESENTATION_DATA(#3A1CB) - this may cause problems in AutoCAD
copy process ignored ACDB_BLOCKREPRESENTATION_DATA(#3A1DD) - this may cause problems in AutoCAD
copy process ignored ACDB_BLOCKREPRESENTATION_DATA(#3A1EF) - this may cause problems in AutoCAD
copy process ignored ACDB_BLOCKREPRESENTATION_DATA(#3A289) - this may cause problems in AutoCAD
copy process ignored ACDB_BLOCKREPRESENTATION_DATA(#3A341) - this may cause problems in AutoCAD
copy process ignored ACDB_BLOCKREPRESENTATION_DATA(#3A378) - this may cause problems in AutoCAD
copy process ignored ACDB_BLOCKREPRESENTATION_DATA(#3A389) - this may cause problems in AutoCAD
copy process ignored ACDB_BLOCKREPRESENTATION_DATA(#3A3A4) - this may cause problems in AutoCAD
copy process ignored ACDB_BLOCKREPRESENTATION_DATA(#3A3C7) - this may cause problems in AutoCAD
copy process ignored ACDB_BLOCKREPRESENTATION_DATA(#3A481) - this may cause problems in AutoCAD
copy process ignored ACDB_BLOCKREPRESENTATION_DATA(#42F78) - this may cause problems in AutoCAD
copy process ignored ACDB_BLOCKREPRESENTATION_DATA(#42F89) - this may cause problems in AutoCAD
copy process ignored ACDB_BLOCKREPRESENTATION_DATA(#42FC6) - this may cause problems in AutoCAD
copy process ignored ACDB_BLOCKREPRESENTATION_DATA(#42FE6) - this may cause problems in AutoCAD
copy process ignored ACDB_BLOCKREPRESENTATION_DATA(#42FF0) - this may cause problems in AutoCAD
copy process ignored ACDB_BLOCKREPRESENTATION_DATA(#42F78) - this may cause problems in AutoCAD
copy process ignored ACDB_BLOCKREPRESENTATION_DATA(#42F89) - this may cause problems in AutoCAD
copy process ignored ACDB_BLOCKREPRESENTATION_DATA(#42FC6) - this may cause problems in AutoCAD
copy process ignored ACDB_BLOCKREPRESENTATION_DATA(#42FE6) - this may cause problems in AutoCAD
copy process ignored ACDB_BLOCKREPRESENTATION_DATA(#42FF0) - this may cause problems in AutoCAD
copy process ignored ACDB_BLOCKREPRESENTATION_DATA(#42F78) - this may cause problems in AutoCAD
copy process ignored ACDB_BLOCKREPRESENTATION_DATA(#42F89) - this may cause problems in AutoCAD
copy process ignored ACDB_BLOCKREPRESENTATION_DATA(#42FC6) - this may cause problems in AutoCAD
copy process ignored ACDB_BLOCKREPRESENTATION_DATA(#42FE6) - this may cause problems in AutoCAD
copy process ignored ACDB_BLOCKREPRESENTATION_DATA(#42FF0) - this may cause problems in AutoCAD
copy process ignored ACDB_BLOCKREPRESENTATION_DATA(#3A530) - this may cause problems in AutoCAD
copy process ignored ACDB_BLOCKREPRESENTATION_DATA(#3A541) - this may cause problems in AutoCAD
copy process ignored ACDB_BLOCKREPRESENTATION_DATA(#3A57E) - this may cause problems in AutoCAD
copy process ignored ACDB_BLOCKREPRESENTATION_DATA(#3A59E) - this may cause problems in AutoCAD
copy process ignored ACDB_BLOCKREPRESENTATION_DATA(#3A5A8) - this may cause problems in AutoCAD
copy process ignored ACDB_BLOCKREPRESENTATION_DATA(#3A5E9) - this may cause problems in AutoCAD
copy process ignored ACDB_BLOCKREPRESENTATION_DATA(#3A5FA) - this may cause problems in AutoCAD
copy process ignored ACDB_BLOCKREPRESENTATION_DATA(#3A637) - this may cause problems in AutoCAD
copy process ignored ACDB_BLOCKREPRESENTATION_DATA(#3A657) - this may cause problems in AutoCAD
copy process ignored ACDB_BLOCKREPRESENTATION_DATA(#3A661) - this may cause problems in AutoCAD
copy process ignored ACDB_BLOCKREPRESENTATION_DATA(#3A6A2) - this may cause problems in AutoCAD
copy process ignored ACDB_BLOCKREPRESENTATION_DATA(#3A6B3) - this may cause problems in AutoCAD
copy process ignored ACDB_BLOCKREPRESENTATION_DATA(#3A6F0) - this may cause problems in AutoCAD
copy process ignored ACDB_BLOCKREPRESENTATION_DATA(#3A710) - this may cause problems in AutoCAD
copy process ignored ACDB_BLOCKREPRESENTATION_DATA(#3A71A) - this may cause problems in AutoCAD
copy process ignored ACDB_BLOCKREPRESENTATION_DATA(#42F78) - this may cause problems in AutoCAD
copy process ignored ACDB_BLOCKREPRESENTATION_DATA(#42F89) - this may cause problems in AutoCAD
copy process ignored ACDB_BLOCKREPRESENTATION_DATA(#42FC6) - this may cause problems in AutoCAD
copy process ignored ACDB_BLOCKREPRESENTATION_DATA(#42FE6) - this may cause problems in AutoCAD
copy process ignored ACDB_BLOCKREPRESENTATION_DATA(#42FF0) - this may cause problems in AutoCAD
copy process ignored ACDB_BLOCKREPRESENTATION_DATA(#42F78) - this may cause problems in AutoCAD
copy process ignored ACDB_BLOCKREPRESENTATION_DATA(#42F89) - this may cause problems in AutoCAD
copy process ignored ACDB_BLOCKREPRESENTATION_DATA(#42FC6) - this may cause problems in AutoCAD
copy process ignored ACDB_BLOCKREPRESENTATION_DATA(#42FE6) - this may cause problems in AutoCAD
copy process ignored ACDB_BLOCKREPRESENTATION_DATA(#42FF0) - this may cause problems in AutoCAD
copy process ignored ACDB_BLOCKREPRESENTATION_DATA(#3A77B) - this may cause problems in AutoCAD
copy process ignored ACDB_BLOCKREPRESENTATION_DATA(#3A78C) - this may cause problems in AutoCAD
copy process ignored ACDB_BLOCKREPRESENTATION_DATA(#3A7C9) - this may cause problems in AutoCAD
copy process ignored ACDB_BLOCKREPRESENTATION_DATA(#3A7E9) - this may cause problems in AutoCAD
copy process ignored ACDB_BLOCKREPRESENTATION_DATA(#3A7F3) - this may cause problems in AutoCAD
copy process ignored ACDB_BLOCKREPRESENTATION_DATA(#3AB01) - this may cause problems in AutoCAD
copy process ignored ACDB_BLOCKREPRESENTATION_DATA(#3AB30) - this may cause problems in AutoCAD
copy process ignored ACDB_BLOCKREPRESENTATION_DATA(#3AB62) - this may cause problems in AutoCAD
copy process ignored ACDB_BLOCKREPRESENTATION_DATA(#3AB84) - this may cause problems in AutoCAD
copy process ignored ACDB_BLOCKREPRESENTATION_DATA(#3ABB8) - this may cause problems in AutoCAD
copy process ignored ACDB_BLOCKREPRESENTATION_DATA(#3ABCC) - this may cause problems in AutoCAD
copy process ignored ACDB_BLOCKREPRESENTATION_DATA(#3ABEC) - this may cause problems in AutoCAD
copy process ignored ACDB_BLOCKREPRESENTATION_DATA(#3AC1D) - this may cause problems in AutoCAD
copy process ignored ACDB_BLOCKREPRESENTATION_DATA(#3AC36) - this may cause problems in AutoCAD
copy process ignored ACDB_BLOCKREPRESENTATION_DATA(#3AC6A) - this may cause problems in AutoCAD
copy process ignored ACDB_BLOCKREPRESENTATION_DATA(#3AC87) - this may cause problems in AutoCAD
copy process ignored ACDB_BLOCKREPRESENTATION_DATA(#3AC91) - this may cause problems in AutoCAD
copy process ignored ACDB_BLOCKREPRESENTATION_DATA(#3ACDD) - this may cause problems in AutoCAD
copy process ignored ACDB_BLOCKREPRESENTATION_DATA(#3ACF3) - this may cause problems in AutoCAD
copy process ignored ACDB_BLOCKREPRESENTATION_DATA(#3AD0C) - this may cause problems in AutoCAD
copy process ignored ACDB_BLOCKREPRESENTATION_DATA(#3AD1B) - this may cause problems in AutoCAD
copy process ignored ACDB_BLOCKREPRESENTATION_DATA(#3AD36) - this may cause problems in AutoCAD
copy process ignored ACDB_BLOCKREPRESENTATION_DATA(#3AD3D) - this may cause problems in AutoCAD
copy process ignored ACDB_BLOCKREPRESENTATION_DATA(#3AD5D) - this may cause problems in AutoCAD
copy process ignored ACDB_BLOCKREPRESENTATION_DATA(#3AD75) - this may cause problems in AutoCAD
copy process ignored ACDB_BLOCKREPRESENTATION_DATA(#3AD8E) - this may cause problems in AutoCAD
copy process ignored ACDB_BLOCKREPRESENTATION_DATA(#3ADA9) - this may cause problems in AutoCAD
copy process ignored ACDB_BLOCKREPRESENTATION_DATA(#3ADC6) - this may cause problems in AutoCAD
copy process ignored ACDB_BLOCKREPRESENTATION_DATA(#3ADD0) - this may cause problems in AutoCAD
copy process ignored ACDB_BLOCKREPRESENTATION_DATA(#3AE1D) - this may cause problems in AutoCAD
copy process ignored ACDB_BLOCKREPRESENTATION_DATA(#3AE2E) - this may cause problems in AutoCAD
copy process ignored ACDB_BLOCKREPRESENTATION_DATA(#3AE6B) - this may cause problems in AutoCAD
copy process ignored ACDB_BLOCKREPRESENTATION_DATA(#3AE8B) - this may cause problems in AutoCAD
copy process ignored ACDB_BLOCKREPRESENTATION_DATA(#3AE95) - this may cause problems in AutoCAD
copy process ignored ACDB_BLOCKREPRESENTATION_DATA(#3AFFB) - this may cause problems in AutoCAD
copy process ignored ACDB_BLOCKREPRESENTATION_DATA(#3B05F) - this may cause problems in AutoCAD
copy process ignored ACDB_BLOCKREPRESENTATION_DATA(#3B143) - this may cause problems in AutoCAD
copy process ignored ACDB_BLOCKREPRESENTATION_DATA(#3B152) - this may cause problems in AutoCAD
copy process ignored ACDB_BLOCKREPRESENTATION_DATA(#3B173) - this may cause problems in AutoCAD
copy process ignored ACDB_BLOCKREPRESENTATION_DATA(#3B1B7) - this may cause problems in AutoCAD
copy process ignored ACDB_BLOCKREPRESENTATION_DATA(#3B55F) - this may cause problems in AutoCAD
copy process ignored ACDB_BLOCKREPRESENTATION_DATA(#3B591) - this may cause problems in AutoCAD
copy process ignored ACDB_BLOCKREPRESENTATION_DATA(#3B599) - this may cause problems in AutoCAD
copy process ignored ACDB_BLOCKREPRESENTATION_DATA(#3B5C0) - this may cause problems in AutoCAD
copy process ignored ACDB_BLOCKREPRESENTATION_DATA(#3B5F6) - this may cause problems in AutoCAD
copy process ignored ACDB_BLOCKREPRESENTATION_DATA(#3B613) - this may cause problems in AutoCAD
copy process ignored ACDB_BLOCKREPRESENTATION_DATA(#3B61D) - this may cause problems in AutoCAD
copy process ignored ACDB_BLOCKREPRESENTATION_DATA(#3B64E) - this may cause problems in AutoCAD
copy process ignored ACDB_BLOCKREPRESENTATION_DATA(#3B671) - this may cause problems in AutoCAD
copy process ignored ACDB_BLOCKREPRESENTATION_DATA(#3B68A) - this may cause problems in AutoCAD
copy process ignored ACDB_BLOCKREPRESENTATION_DATA(#3B6B7) - this may cause problems in AutoCAD
copy process ignored ACDB_BLOCKREPRESENTATION_DATA(#3B6D9) - this may cause problems in AutoCAD
copy process ignored ACDB_BLOCKREPRESENTATION_DATA(#3B71E) - this may cause problems in AutoCAD
copy process ignored ACDB_BLOCKREPRESENTATION_DATA(#3B76E) - this may cause problems in AutoCAD
copy process ignored ACDB_BLOCKREPRESENTATION_DATA(#3B7CC) - this may cause problems in AutoCAD
copy process ignored ACDB_BLOCKREPRESENTATION_DATA(#3B812) - this may cause problems in AutoCAD
copy process ignored ACDB_BLOCKREPRESENTATION_DATA(#3B81A) - this may cause problems in AutoCAD
copy process ignored ACDB_BLOCKREPRESENTATION_DATA(#3B878) - this may cause problems in AutoCAD
copy process ignored ACDB_BLOCKREPRESENTATION_DATA(#3B891) - this may cause problems in AutoCAD
copy process ignored ACDB_BLOCKREPRESENTATION_DATA(#3B8F8) - this may cause problems in AutoCAD
copy process ignored ACDB_BLOCKREPRESENTATION_DATA(#3B974) - this may cause problems in AutoCAD
copy process ignored ACDB_BLOCKREPRESENTATION_DATA(#3B6D9) - this may cause problems in AutoCAD
copy process ignored ACDB_BLOCKREPRESENTATION_DATA(#3B71E) - this may cause problems in AutoCAD
copy process ignored ACDB_BLOCKREPRESENTATION_DATA(#3B76E) - this may cause problems in AutoCAD
copy process ignored ACDB_BLOCKREPRESENTATION_DATA(#3B7CC) - this may cause problems in AutoCAD
copy process ignored ACDB_BLOCKREPRESENTATION_DATA(#3B812) - this may cause problems in AutoCAD
copy process ignored ACDB_BLOCKREPRESENTATION_DATA(#3B81A) - this may cause problems in AutoCAD
copy process ignored ACDB_BLOCKREPRESENTATION_DATA(#3B878) - this may cause problems in AutoCAD
copy process ignored ACDB_BLOCKREPRESENTATION_DATA(#3B891) - this may cause problems in AutoCAD
copy process ignored ACDB_BLOCKREPRESENTATION_DATA(#3B8F8) - this may cause problems in AutoCAD
copy process ignored ACDB_BLOCKREPRESENTATION_DATA(#3B974) - this may cause problems in AutoCAD
copy process ignored ACDB_BLOCKREPRESENTATION_DATA(#3B9C9) - this may cause problems in AutoCAD
copy process ignored ACDB_BLOCKREPRESENTATION_DATA(#3B9E2) - this may cause problems in AutoCAD
copy process ignored ACDB_BLOCKREPRESENTATION_DATA(#3B9EA) - this may cause problems in AutoCAD
copy process ignored ACDB_BLOCKREPRESENTATION_DATA(#3BA11) - this may cause problems in AutoCAD
copy process ignored ACDB_BLOCKREPRESENTATION_DATA(#3BA2E) - this may cause problems in AutoCAD
copy process ignored ACDB_BLOCKREPRESENTATION_DATA(#3BA4B) - this may cause problems in AutoCAD
copy process ignored ACDB_BLOCKREPRESENTATION_DATA(#3BA55) - this may cause problems in AutoCAD
copy process ignored ACDB_BLOCKREPRESENTATION_DATA(#3BA6D) - this may cause problems in AutoCAD
copy process ignored ACDB_BLOCKREPRESENTATION_DATA(#3BA77) - this may cause problems in AutoCAD
copy process ignored ACDB_BLOCKREPRESENTATION_DATA(#3BA90) - this may cause problems in AutoCAD
copy process ignored ACDB_BLOCKREPRESENTATION_DATA(#3BAAA) - this may cause problems in AutoCAD
copy process ignored ACDB_BLOCKREPRESENTATION_DATA(#3BCBD) - this may cause problems in AutoCAD
copy process ignored ACDB_BLOCKREPRESENTATION_DATA(#3BCC4) - this may cause problems in AutoCAD
copy process ignored ACDB_BLOCKREPRESENTATION_DATA(#3BCDB) - this may cause problems in AutoCAD
copy process ignored ACDB_BLOCKREPRESENTATION_DATA(#3BD0D) - this may cause problems in AutoCAD
copy process ignored ACDB_BLOCKREPRESENTATION_DATA(#3BD2F) - this may cause problems in AutoCAD
copy process ignored ACDB_BLOCKREPRESENTATION_DATA(#3BD76) - this may cause problems in AutoCAD
copy process ignored ACDB_BLOCKREPRESENTATION_DATA(#3BDA7) - this may cause problems in AutoCAD
copy process ignored ACDB_BLOCKREPRESENTATION_DATA(#3BDC4) - this may cause problems in AutoCAD
copy process ignored ACDB_BLOCKREPRESENTATION_DATA(#3BDD7) - this may cause problems in AutoCAD
copy process ignored ACDB_BLOCKREPRESENTATION_DATA(#3BE18) - this may cause problems in AutoCAD
copy process ignored ACDB_BLOCKREPRESENTATION_DATA(#3BE2C) - this may cause problems in AutoCAD
copy process ignored ACDB_BLOCKREPRESENTATION_DATA(#3BE9C) - this may cause problems in AutoCAD
copy process ignored ACDB_BLOCKREPRESENTATION_DATA(#3BEA3) - this may cause problems in AutoCAD
copy process ignored ACDB_BLOCKREPRESENTATION_DATA(#3BEBA) - this may cause problems in AutoCAD
copy process ignored ACDB_BLOCKREPRESENTATION_DATA(#3BED3) - this may cause problems in AutoCAD
copy process ignored ACDB_BLOCKREPRESENTATION_DATA(#3BEE2) - this may cause problems in AutoCAD
copy process ignored ACDB_BLOCKREPRESENTATION_DATA(#3BF10) - this may cause problems in AutoCAD
copy process ignored ACDB_BLOCKREPRESENTATION_DATA(#3BF28) - this may cause problems in AutoCAD
copy process ignored ACDB_BLOCKREPRESENTATION_DATA(#3BF45) - this may cause problems in AutoCAD
copy process ignored ACDB_BLOCKREPRESENTATION_DATA(#3BF58) - this may cause problems in AutoCAD
copy process ignored ACDB_BLOCKREPRESENTATION_DATA(#3BF80) - this may cause problems in AutoCAD
copy process ignored ACDB_BLOCKREPRESENTATION_DATA(#3BF94) - this may cause problems in AutoCAD
copy process ignored ACDB_BLOCKREPRESENTATION_DATA(#3BFE7) - this may cause problems in AutoCAD
copy process ignored ACDB_BLOCKREPRESENTATION_DATA(#3C00B) - this may cause problems in AutoCAD
copy process ignored ACDB_BLOCKREPRESENTATION_DATA(#3C02D) - this may cause problems in AutoCAD
copy process ignored ACDB_BLOCKREPRESENTATION_DATA(#3C069) - this may cause problems in AutoCAD
copy process ignored ACDB_BLOCKREPRESENTATION_DATA(#3C0A2) - this may cause problems in AutoCAD
copy process ignored ACDB_BLOCKREPRESENTATION_DATA(#3C0AC) - this may cause problems in AutoCAD
copy process ignored ACDB_BLOCKREPRESENTATION_DATA(#3B55F) - this may cause problems in AutoCAD
copy process ignored ACDB_BLOCKREPRESENTATION_DATA(#3B591) - this may cause problems in AutoCAD
copy process ignored ACDB_BLOCKREPRESENTATION_DATA(#3B599) - this may cause problems in AutoCAD
copy process ignored ACDB_BLOCKREPRESENTATION_DATA(#3B5C0) - this may cause problems in AutoCAD
copy process ignored ACDB_BLOCKREPRESENTATION_DATA(#3B5F6) - this may cause problems in AutoCAD
copy process ignored ACDB_BLOCKREPRESENTATION_DATA(#3B613) - this may cause problems in AutoCAD
copy process ignored ACDB_BLOCKREPRESENTATION_DATA(#3B61D) - this may cause problems in AutoCAD
copy process ignored ACDB_BLOCKREPRESENTATION_DATA(#3B64E) - this may cause problems in AutoCAD
copy process ignored ACDB_BLOCKREPRESENTATION_DATA(#3B671) - this may cause problems in AutoCAD
copy process ignored ACDB_BLOCKREPRESENTATION_DATA(#3B68A) - this may cause problems in AutoCAD
copy process ignored ACDB_BLOCKREPRESENTATION_DATA(#3B6B7) - this may cause problems in AutoCAD
copy process ignored ACDB_BLOCKREPRESENTATION_DATA(#42F78) - this may cause problems in AutoCAD
copy process ignored ACDB_BLOCKREPRESENTATION_DATA(#42F89) - this may cause problems in AutoCAD
copy process ignored ACDB_BLOCKREPRESENTATION_DATA(#42FC6) - this may cause problems in AutoCAD
copy process ignored ACDB_BLOCKREPRESENTATION_DATA(#42FE6) - this may cause problems in AutoCAD
copy process ignored ACDB_BLOCKREPRESENTATION_DATA(#42FF0) - this may cause problems in AutoCAD
copy process ignored ACDB_BLOCKREPRESENTATION_DATA(#42F78) - this may cause problems in AutoCAD
copy process ignored ACDB_BLOCKREPRESENTATION_DATA(#42F89) - this may cause problems in AutoCAD
copy process ignored ACDB_BLOCKREPRESENTATION_DATA(#42FC6) - this may cause problems in AutoCAD
copy process ignored ACDB_BLOCKREPRESENTATION_DATA(#42FE6) - this may cause problems in AutoCAD
copy process ignored ACDB_BLOCKREPRESENTATION_DATA(#42FF0) - this may cause problems in AutoCAD
copy process ignored ACDB_BLOCKREPRESENTATION_DATA(#3DA48) - this may cause problems in AutoCAD
copy process ignored ACDB_BLOCKREPRESENTATION_DATA(#3E792) - this may cause problems in AutoCAD
copy process ignored ACDB_BLOCKREPRESENTATION_DATA(#3E7D2) - this may cause problems in AutoCAD
copy process ignored ACDB_BLOCKREPRESENTATION_DATA(#3E80D) - this may cause problems in AutoCAD
copy process ignored ACDB_BLOCKREPRESENTATION_DATA(#3E826) - this may cause problems in AutoCAD
copy process ignored ACDB_BLOCKREPRESENTATION_DATA(#3E860) - this may cause problems in AutoCAD
copy process ignored ACDB_BLOCKREPRESENTATION_DATA(#3E878) - this may cause problems in AutoCAD
copy process ignored ACDB_BLOCKREPRESENTATION_DATA(#3E8B0) - this may cause problems in AutoCAD
copy process ignored ACDB_BLOCKREPRESENTATION_DATA(#3E911) - this may cause problems in AutoCAD
copy process ignored ACDB_BLOCKREPRESENTATION_DATA(#3E929) - this may cause problems in AutoCAD
copy process ignored ACDB_BLOCKREPRESENTATION_DATA(#3E958) - this may cause problems in AutoCAD
copy process ignored ACDB_BLOCKREPRESENTATION_DATA(#3E971) - this may cause problems in AutoCAD
copy process ignored ACDB_BLOCKREPRESENTATION_DATA(#3E993) - this may cause problems in AutoCAD
copy process ignored ACDB_BLOCKREPRESENTATION_DATA(#3E9B2) - this may cause problems in AutoCAD
copy process ignored ACDB_BLOCKREPRESENTATION_DATA(#3E9BA) - this may cause problems in AutoCAD
copy process ignored ACDB_BLOCKREPRESENTATION_DATA(#3E9E5) - this may cause problems in AutoCAD
copy process ignored ACDB_BLOCKREPRESENTATION_DATA(#3E9F4) - this may cause problems in AutoCAD
copy process ignored ACDB_BLOCKREPRESENTATION_DATA(#3EA03) - this may cause problems in AutoCAD
copy process ignored ACDB_BLOCKREPRESENTATION_DATA(#3EA12) - this may cause problems in AutoCAD
copy process ignored ACDB_BLOCKREPRESENTATION_DATA(#3EA21) - this may cause problems in AutoCAD
copy process ignored ACDB_BLOCKREPRESENTATION_DATA(#3EA30) - this may cause problems in AutoCAD
copy process ignored ACDB_BLOCKREPRESENTATION_DATA(#3EA3F) - this may cause problems in AutoCAD
copy process ignored ACDB_BLOCKREPRESENTATION_DATA(#3EA47) - this may cause problems in AutoCAD
copy process ignored ACDB_BLOCKREPRESENTATION_DATA(#3EA56) - this may cause problems in AutoCAD
copy process ignored ACDB_BLOCKREPRESENTATION_DATA(#3EA5E) - this may cause problems in AutoCAD
copy process ignored ACDB_BLOCKREPRESENTATION_DATA(#3EA66) - this may cause problems in AutoCAD
copy process ignored ACDB_BLOCKREPRESENTATION_DATA(#3EA6E) - this may cause problems in AutoCAD
copy process ignored ACDB_BLOCKREPRESENTATION_DATA(#3EA7D) - this may cause problems in AutoCAD
copy process ignored ACDB_BLOCKREPRESENTATION_DATA(#3EA8C) - this may cause problems in AutoCAD
copy process ignored ACDB_BLOCKREPRESENTATION_DATA(#3EA9B) - this may cause problems in AutoCAD
copy process ignored ACDB_BLOCKREPRESENTATION_DATA(#3EAAA) - this may cause problems in AutoCAD
copy process ignored ACDB_BLOCKREPRESENTATION_DATA(#3EAB9) - this may cause problems in AutoCAD
copy process ignored ACDB_BLOCKREPRESENTATION_DATA(#3EAC1) - this may cause problems in AutoCAD
copy process ignored ACDB_BLOCKREPRESENTATION_DATA(#3EAC9) - this may cause problems in AutoCAD
copy process ignored ACDB_BLOCKREPRESENTATION_DATA(#3EAD1) - this may cause problems in AutoCAD
copy process ignored ACDB_BLOCKREPRESENTATION_DATA(#3EAEA) - this may cause problems in AutoCAD
copy process ignored ACDB_BLOCKREPRESENTATION_DATA(#3EAF2) - this may cause problems in AutoCAD
copy process ignored ACDB_BLOCKREPRESENTATION_DATA(#3EAFD) - this may cause problems in AutoCAD
copy process ignored ACDB_BLOCKREPRESENTATION_DATA(#3EB08) - this may cause problems in AutoCAD
copy process ignored ACDB_BLOCKREPRESENTATION_DATA(#3EB13) - this may cause problems in AutoCAD
copy process ignored ACDB_BLOCKREPRESENTATION_DATA(#3EB1E) - this may cause problems in AutoCAD
copy process ignored ACDB_BLOCKREPRESENTATION_DATA(#3EB29) - this may cause problems in AutoCAD
copy process ignored ACDB_BLOCKREPRESENTATION_DATA(#3EB34) - this may cause problems in AutoCAD
copy process ignored ACDB_BLOCKREPRESENTATION_DATA(#3EB3F) - this may cause problems in AutoCAD
copy process ignored ACDB_BLOCKREPRESENTATION_DATA(#3EB4A) - this may cause problems in AutoCAD
copy process ignored ACDB_BLOCKREPRESENTATION_DATA(#3EB55) - this may cause problems in AutoCAD
copy process ignored ACDB_BLOCKREPRESENTATION_DATA(#3EB60) - this may cause problems in AutoCAD
copy process ignored ACDB_BLOCKREPRESENTATION_DATA(#3EB6B) - this may cause problems in AutoCAD
copy process ignored ACDB_BLOCKREPRESENTATION_DATA(#3EB76) - this may cause problems in AutoCAD
copy process ignored ACDB_BLOCKREPRESENTATION_DATA(#3EB81) - this may cause problems in AutoCAD
copy process ignored ACDB_BLOCKREPRESENTATION_DATA(#3EB8C) - this may cause problems in AutoCAD
copy process ignored ACDB_BLOCKREPRESENTATION_DATA(#3EB97) - this may cause problems in AutoCAD
copy process ignored ACDB_BLOCKREPRESENTATION_DATA(#3EBA2) - this may cause problems in AutoCAD
copy process ignored ACDB_BLOCKREPRESENTATION_DATA(#3EBAD) - this may cause problems in AutoCAD
copy process ignored ACDB_BLOCKREPRESENTATION_DATA(#3EBB8) - this may cause problems in AutoCAD
copy process ignored ACDB_BLOCKREPRESENTATION_DATA(#3EBC3) - this may cause problems in AutoCAD
copy process ignored ACDB_BLOCKREPRESENTATION_DATA(#3EBCE) - this may cause problems in AutoCAD
copy process ignored ACDB_BLOCKREPRESENTATION_DATA(#3EBD9) - this may cause problems in AutoCAD
copy process ignored ACDB_BLOCKREPRESENTATION_DATA(#3EBE4) - this may cause problems in AutoCAD
copy process ignored ACDB_BLOCKREPRESENTATION_DATA(#3EBEF) - this may cause problems in AutoCAD
copy process ignored ACDB_BLOCKREPRESENTATION_DATA(#3EBFA) - this may cause problems in AutoCAD
copy process ignored ACDB_BLOCKREPRESENTATION_DATA(#3EC05) - this may cause problems in AutoCAD
copy process ignored ACDB_BLOCKREPRESENTATION_DATA(#3EC10) - this may cause problems in AutoCAD
copy process ignored ACDB_BLOCKREPRESENTATION_DATA(#3EC1B) - this may cause problems in AutoCAD
copy process ignored ACDB_BLOCKREPRESENTATION_DATA(#3EC26) - this may cause problems in AutoCAD
copy process ignored ACDB_BLOCKREPRESENTATION_DATA(#3EC31) - this may cause problems in AutoCAD
copy process ignored ACDB_BLOCKREPRESENTATION_DATA(#3EC3C) - this may cause problems in AutoCAD
copy process ignored ACDB_BLOCKREPRESENTATION_DATA(#3EC47) - this may cause problems in AutoCAD
copy process ignored ACDB_BLOCKREPRESENTATION_DATA(#3EC52) - this may cause problems in AutoCAD
copy process ignored ACDB_BLOCKREPRESENTATION_DATA(#3EC5D) - this may cause problems in AutoCAD
copy process ignored ACDB_BLOCKREPRESENTATION_DATA(#3EC68) - this may cause problems in AutoCAD
copy process ignored ACDB_BLOCKREPRESENTATION_DATA(#3EC73) - this may cause problems in AutoCAD
copy process ignored ACDB_BLOCKREPRESENTATION_DATA(#3EC7E) - this may cause problems in AutoCAD
copy process ignored ACDB_BLOCKREPRESENTATION_DATA(#3EC89) - this may cause problems in AutoCAD
copy process ignored ACDB_BLOCKREPRESENTATION_DATA(#3EC94) - this may cause problems in AutoCAD
copy process ignored ACDB_BLOCKREPRESENTATION_DATA(#3EC9F) - this may cause problems in AutoCAD
copy process ignored ACDB_BLOCKREPRESENTATION_DATA(#3ECAA) - this may cause problems in AutoCAD
copy process ignored ACDB_BLOCKREPRESENTATION_DATA(#3ECB5) - this may cause problems in AutoCAD
copy process ignored ACDB_BLOCKREPRESENTATION_DATA(#3ECC0) - this may cause problems in AutoCAD
copy process ignored ACDB_BLOCKREPRESENTATION_DATA(#3ECCB) - this may cause problems in AutoCAD
copy process ignored ACDB_BLOCKREPRESENTATION_DATA(#3ECD6) - this may cause problems in AutoCAD
copy process ignored ACDB_BLOCKREPRESENTATION_DATA(#3ECE1) - this may cause problems in AutoCAD
copy process ignored ACDB_BLOCKREPRESENTATION_DATA(#3ECEC) - this may cause problems in AutoCAD
copy process ignored ACDB_BLOCKREPRESENTATION_DATA(#3ECF7) - this may cause problems in AutoCAD
copy process ignored ACDB_BLOCKREPRESENTATION_DATA(#3ED02) - this may cause problems in AutoCAD
copy process ignored ACDB_BLOCKREPRESENTATION_DATA(#3ED0D) - this may cause problems in AutoCAD
copy process ignored ACDB_BLOCKREPRESENTATION_DATA(#3ED1A) - this may cause problems in AutoCAD
copy process ignored ACDB_BLOCKREPRESENTATION_DATA(#3ED25) - this may cause problems in AutoCAD
copy process ignored ACDB_BLOCKREPRESENTATION_DATA(#3ED30) - this may cause problems in AutoCAD
copy process ignored ACDB_BLOCKREPRESENTATION_DATA(#3ED3B) - this may cause problems in AutoCAD
copy process ignored ACDB_BLOCKREPRESENTATION_DATA(#3ED46) - this may cause problems in AutoCAD
copy process ignored ACDB_BLOCKREPRESENTATION_DATA(#3ED4E) - this may cause problems in AutoCAD
copy process ignored ACDB_BLOCKREPRESENTATION_DATA(#3ED56) - this may cause problems in AutoCAD
copy process ignored ACDB_BLOCKREPRESENTATION_DATA(#3ED5E) - this may cause problems in AutoCAD
copy process ignored ACDB_BLOCKREPRESENTATION_DATA(#3ED66) - this may cause problems in AutoCAD
copy process ignored ACDB_BLOCKREPRESENTATION_DATA(#3ED6E) - this may cause problems in AutoCAD
copy process ignored ACDB_BLOCKREPRESENTATION_DATA(#3ED76) - this may cause problems in AutoCAD
copy process ignored ACDB_BLOCKREPRESENTATION_DATA(#3ED7E) - this may cause problems in AutoCAD
copy process ignored ACDB_BLOCKREPRESENTATION_DATA(#3ED86) - this may cause problems in AutoCAD
copy process ignored ACDB_BLOCKREPRESENTATION_DATA(#3ED8E) - this may cause problems in AutoCAD
copy process ignored ACDB_BLOCKREPRESENTATION_DATA(#3ED96) - this may cause problems in AutoCAD
copy process ignored ACDB_BLOCKREPRESENTATION_DATA(#3ED9E) - this may cause problems in AutoCAD
copy process ignored ACDB_BLOCKREPRESENTATION_DATA(#3EDA6) - this may cause problems in AutoCAD
copy process ignored ACDB_BLOCKREPRESENTATION_DATA(#3EDAE) - this may cause problems in AutoCAD
copy process ignored ACDB_BLOCKREPRESENTATION_DATA(#3EDB6) - this may cause problems in AutoCAD
copy process ignored ACDB_BLOCKREPRESENTATION_DATA(#3EDBE) - this may cause problems in AutoCAD
copy process ignored ACDB_BLOCKREPRESENTATION_DATA(#3EDC6) - this may cause problems in AutoCAD
copy process ignored ACDB_BLOCKREPRESENTATION_DATA(#3EDCE) - this may cause problems in AutoCAD
copy process ignored ACDB_BLOCKREPRESENTATION_DATA(#3EDD6) - this may cause problems in AutoCAD
copy process ignored ACDB_BLOCKREPRESENTATION_DATA(#3EDDE) - this may cause problems in AutoCAD
copy process ignored ACDB_BLOCKREPRESENTATION_DATA(#3EDE6) - this may cause problems in AutoCAD
copy process ignored ACDB_BLOCKREPRESENTATION_DATA(#3EDEE) - this may cause problems in AutoCAD
copy process ignored ACDB_BLOCKREPRESENTATION_DATA(#3EDF6) - this may cause problems in AutoCAD
copy process ignored ACDB_BLOCKREPRESENTATION_DATA(#3EDFE) - this may cause problems in AutoCAD
copy process ignored ACDB_BLOCKREPRESENTATION_DATA(#3EE06) - this may cause problems in AutoCAD
copy process ignored ACDB_BLOCKREPRESENTATION_DATA(#3EE0E) - this may cause problems in AutoCAD
copy process ignored ACDB_BLOCKREPRESENTATION_DATA(#3EE16) - this may cause problems in AutoCAD
copy process ignored ACDB_BLOCKREPRESENTATION_DATA(#3EE1E) - this may cause problems in AutoCAD
copy process ignored ACDB_BLOCKREPRESENTATION_DATA(#3EE26) - this may cause problems in AutoCAD
copy process ignored ACDB_BLOCKREPRESENTATION_DATA(#3EE2E) - this may cause problems in AutoCAD
copy process ignored ACDB_BLOCKREPRESENTATION_DATA(#3EE36) - this may cause problems in AutoCAD
copy process ignored ACDB_BLOCKREPRESENTATION_DATA(#3EE3E) - this may cause problems in AutoCAD
copy process ignored ACDB_BLOCKREPRESENTATION_DATA(#3EE46) - this may cause problems in AutoCAD
copy process ignored ACDB_BLOCKREPRESENTATION_DATA(#3EE4E) - this may cause problems in AutoCAD
copy process ignored ACDB_BLOCKREPRESENTATION_DATA(#3EE56) - this may cause problems in AutoCAD
copy process ignored ACDB_BLOCKREPRESENTATION_DATA(#3EE61) - this may cause problems in AutoCAD
copy process ignored ACDB_BLOCKREPRESENTATION_DATA(#3EE69) - this may cause problems in AutoCAD
copy process ignored ACDB_BLOCKREPRESENTATION_DATA(#3EE71) - this may cause problems in AutoCAD
copy process ignored ACDB_BLOCKREPRESENTATION_DATA(#3EE79) - this may cause problems in AutoCAD
copy process ignored ACDB_BLOCKREPRESENTATION_DATA(#3EE81) - this may cause problems in AutoCAD
copy process ignored ACDB_BLOCKREPRESENTATION_DATA(#3EE89) - this may cause problems in AutoCAD
copy process ignored ACDB_BLOCKREPRESENTATION_DATA(#3EE91) - this may cause problems in AutoCAD
copy process ignored ACDB_BLOCKREPRESENTATION_DATA(#3EE99) - this may cause problems in AutoCAD
copy process ignored ACDB_BLOCKREPRESENTATION_DATA(#3EEA1) - this may cause problems in AutoCAD
copy process ignored ACDB_BLOCKREPRESENTATION_DATA(#3EEA9) - this may cause problems in AutoCAD
copy process ignored ACDB_BLOCKREPRESENTATION_DATA(#3EEB1) - this may cause problems in AutoCAD
copy process ignored ACDB_BLOCKREPRESENTATION_DATA(#3EEB9) - this may cause problems in AutoCAD
copy process ignored ACDB_BLOCKREPRESENTATION_DATA(#3EEC1) - this may cause problems in AutoCAD
copy process ignored ACDB_BLOCKREPRESENTATION_DATA(#3EED3) - this may cause problems in AutoCAD
copy process ignored ACDB_BLOCKREPRESENTATION_DATA(#3EEE5) - this may cause problems in AutoCAD
copy process ignored ACDB_BLOCKREPRESENTATION_DATA(#3EEED) - this may cause problems in AutoCAD
copy process ignored ACDB_BLOCKREPRESENTATION_DATA(#3EEF5) - this may cause problems in AutoCAD
copy process ignored ACDB_BLOCKREPRESENTATION_DATA(#3EEFD) - this may cause problems in AutoCAD
copy process ignored ACDB_BLOCKREPRESENTATION_DATA(#3EF0F) - this may cause problems in AutoCAD
copy process ignored ACDB_BLOCKREPRESENTATION_DATA(#3EF24) - this may cause problems in AutoCAD
copy process ignored ACDB_BLOCKREPRESENTATION_DATA(#3EF55) - this may cause problems in AutoCAD
copy process ignored ACDB_BLOCKREPRESENTATION_DATA(#3EF64) - this may cause problems in AutoCAD
copy process ignored ACDB_BLOCKREPRESENTATION_DATA(#3EF75) - this may cause problems in AutoCAD
copy process ignored ACDB_BLOCKREPRESENTATION_DATA(#3EFAC) - this may cause problems in AutoCAD
copy process ignored ACDB_BLOCKREPRESENTATION_DATA(#3F0B1) - this may cause problems in AutoCAD
copy process ignored ACDB_BLOCKREPRESENTATION_DATA(#3F0C3) - this may cause problems in AutoCAD
copy process ignored ACDB_BLOCKREPRESENTATION_DATA(#3F0D5) - this may cause problems in AutoCAD
copy process ignored ACDB_BLOCKREPRESENTATION_DATA(#3F0E7) - this may cause problems in AutoCAD
copy process ignored ACDB_BLOCKREPRESENTATION_DATA(#3F0F9) - this may cause problems in AutoCAD
copy process ignored ACDB_BLOCKREPRESENTATION_DATA(#3F10B) - this may cause problems in AutoCAD
copy process ignored ACDB_BLOCKREPRESENTATION_DATA(#3F11D) - this may cause problems in AutoCAD
copy process ignored ACDB_BLOCKREPRESENTATION_DATA(#3F12F) - this may cause problems in AutoCAD
copy process ignored ACDB_BLOCKREPRESENTATION_DATA(#3F18E) - this may cause problems in AutoCAD
copy process ignored ACDB_BLOCKREPRESENTATION_DATA(#3F1A0) - this may cause problems in AutoCAD
copy process ignored ACDB_BLOCKREPRESENTATION_DATA(#3F1B2) - this may cause problems in AutoCAD
copy process ignored ACDB_BLOCKREPRESENTATION_DATA(#3F1C4) - this may cause problems in AutoCAD
copy process ignored ACDB_BLOCKREPRESENTATION_DATA(#3F1D6) - this may cause problems in AutoCAD
copy process ignored ACDB_BLOCKREPRESENTATION_DATA(#3F235) - this may cause problems in AutoCAD
copy process ignored ACDB_BLOCKREPRESENTATION_DATA(#3F247) - this may cause problems in AutoCAD
copy process ignored ACDB_BLOCKREPRESENTATION_DATA(#3F259) - this may cause problems in AutoCAD
copy process ignored ACDB_BLOCKREPRESENTATION_DATA(#3F26B) - this may cause problems in AutoCAD
copy process ignored ACDB_BLOCKREPRESENTATION_DATA(#3F27D) - this may cause problems in AutoCAD
copy process ignored ACDB_BLOCKREPRESENTATION_DATA(#3F28F) - this may cause problems in AutoCAD
copy process ignored ACDB_BLOCKREPRESENTATION_DATA(#3F2A1) - this may cause problems in AutoCAD
copy process ignored ACDB_BLOCKREPRESENTATION_DATA(#3F2B3) - this may cause problems in AutoCAD
copy process ignored ACDB_BLOCKREPRESENTATION_DATA(#3F2C5) - this may cause problems in AutoCAD
copy process ignored ACDB_BLOCKREPRESENTATION_DATA(#3F324) - this may cause problems in AutoCAD
copy process ignored ACDB_BLOCKREPRESENTATION_DATA(#3F383) - this may cause problems in AutoCAD
copy process ignored ACDB_BLOCKREPRESENTATION_DATA(#3F395) - this may cause problems in AutoCAD
copy process ignored ACDB_BLOCKREPRESENTATION_DATA(#3F3A7) - this may cause problems in AutoCAD
copy process ignored ACDB_BLOCKREPRESENTATION_DATA(#3F3B9) - this may cause problems in AutoCAD
copy process ignored ACDB_BLOCKREPRESENTATION_DATA(#3F3CB) - this may cause problems in AutoCAD
copy process ignored ACDB_BLOCKREPRESENTATION_DATA(#3F3DD) - this may cause problems in AutoCAD
copy process ignored ACDB_BLOCKREPRESENTATION_DATA(#3F3EF) - this may cause problems in AutoCAD
copy process ignored ACDB_BLOCKREPRESENTATION_DATA(#3F401) - this may cause problems in AutoCAD
copy process ignored ACDB_BLOCKREPRESENTATION_DATA(#3F413) - this may cause problems in AutoCAD
copy process ignored ACDB_BLOCKREPRESENTATION_DATA(#3F472) - this may cause problems in AutoCAD
copy process ignored ACDB_BLOCKREPRESENTATION_DATA(#3F484) - this may cause problems in AutoCAD
copy process ignored ACDB_BLOCKREPRESENTATION_DATA(#3F496) - this may cause problems in AutoCAD
copy process ignored ACDB_BLOCKREPRESENTATION_DATA(#3F4A8) - this may cause problems in AutoCAD
copy process ignored ACDB_BLOCKREPRESENTATION_DATA(#3F4BA) - this may cause problems in AutoCAD
copy process ignored ACDB_BLOCKREPRESENTATION_DATA(#3F4CC) - this may cause problems in AutoCAD
copy process ignored ACDB_BLOCKREPRESENTATION_DATA(#3F4DE) - this may cause problems in AutoCAD
copy process ignored ACDB_BLOCKREPRESENTATION_DATA(#3F4F0) - this may cause problems in AutoCAD
copy process ignored ACDB_BLOCKREPRESENTATION_DATA(#3F502) - this may cause problems in AutoCAD
copy process ignored ACDB_BLOCKREPRESENTATION_DATA(#3F514) - this may cause problems in AutoCAD
copy process ignored ACDB_BLOCKREPRESENTATION_DATA(#3F526) - this may cause problems in AutoCAD
copy process ignored ACDB_BLOCKREPRESENTATION_DATA(#3F538) - this may cause problems in AutoCAD
copy process ignored ACDB_BLOCKREPRESENTATION_DATA(#3F54A) - this may cause problems in AutoCAD
copy process ignored ACDB_BLOCKREPRESENTATION_DATA(#3F55C) - this may cause problems in AutoCAD
copy process ignored ACDB_BLOCKREPRESENTATION_DATA(#3F56E) - this may cause problems in AutoCAD
copy process ignored ACDB_BLOCKREPRESENTATION_DATA(#3F580) - this may cause problems in AutoCAD
copy process ignored ACDB_BLOCKREPRESENTATION_DATA(#3F592) - this may cause problems in AutoCAD
copy process ignored ACDB_BLOCKREPRESENTATION_DATA(#3F5A4) - this may cause problems in AutoCAD
copy process ignored ACDB_BLOCKREPRESENTATION_DATA(#3F5B6) - this may cause problems in AutoCAD
copy process ignored ACDB_BLOCKREPRESENTATION_DATA(#3F5C8) - this may cause problems in AutoCAD
copy process ignored ACDB_BLOCKREPRESENTATION_DATA(#3F5DA) - this may cause problems in AutoCAD
copy process ignored ACDB_BLOCKREPRESENTATION_DATA(#3F5EC) - this may cause problems in AutoCAD
copy process ignored ACDB_BLOCKREPRESENTATION_DATA(#3F5FE) - this may cause problems in AutoCAD
copy process ignored ACDB_BLOCKREPRESENTATION_DATA(#3F610) - this may cause problems in AutoCAD
copy process ignored ACDB_BLOCKREPRESENTATION_DATA(#3F622) - this may cause problems in AutoCAD
copy process ignored ACDB_BLOCKREPRESENTATION_DATA(#3F634) - this may cause problems in AutoCAD
copy process ignored ACDB_BLOCKREPRESENTATION_DATA(#3F646) - this may cause problems in AutoCAD
copy process ignored ACDB_BLOCKREPRESENTATION_DATA(#3F658) - this may cause problems in AutoCAD
copy process ignored ACDB_BLOCKREPRESENTATION_DATA(#3F66A) - this may cause problems in AutoCAD
copy process ignored ACDB_BLOCKREPRESENTATION_DATA(#3F67C) - this may cause problems in AutoCAD
copy process ignored ACDB_BLOCKREPRESENTATION_DATA(#3F68E) - this may cause problems in AutoCAD
copy process ignored ACDB_BLOCKREPRESENTATION_DATA(#3F6A0) - this may cause problems in AutoCAD
copy process ignored ACDB_BLOCKREPRESENTATION_DATA(#3F6B2) - this may cause problems in AutoCAD
copy process ignored ACDB_BLOCKREPRESENTATION_DATA(#3F6C4) - this may cause problems in AutoCAD
copy process ignored ACDB_BLOCKREPRESENTATION_DATA(#3F6D6) - this may cause problems in AutoCAD
copy process ignored ACDB_BLOCKREPRESENTATION_DATA(#3F6E8) - this may cause problems in AutoCAD
copy process ignored ACDB_BLOCKREPRESENTATION_DATA(#3F6FA) - this may cause problems in AutoCAD
copy process ignored ACDB_BLOCKREPRESENTATION_DATA(#3F70C) - this may cause problems in AutoCAD
copy process ignored ACDB_BLOCKREPRESENTATION_DATA(#3F71E) - this may cause problems in AutoCAD
copy process ignored ACDB_BLOCKREPRESENTATION_DATA(#3F730) - this may cause problems in AutoCAD
copy process ignored ACDB_BLOCKREPRESENTATION_DATA(#3F742) - this may cause problems in AutoCAD
copy process ignored ACDB_BLOCKREPRESENTATION_DATA(#3F754) - this may cause problems in AutoCAD
copy process ignored ACDB_BLOCKREPRESENTATION_DATA(#3F766) - this may cause problems in AutoCAD
copy process ignored ACDB_BLOCKREPRESENTATION_DATA(#3F7C5) - this may cause problems in AutoCAD
copy process ignored ACDB_BLOCKREPRESENTATION_DATA(#3F7D7) - this may cause problems in AutoCAD
copy process ignored ACDB_BLOCKREPRESENTATION_DATA(#3F836) - this may cause problems in AutoCAD
copy process ignored ACDB_BLOCKREPRESENTATION_DATA(#3F848) - this may cause problems in AutoCAD
copy process ignored ACDB_BLOCKREPRESENTATION_DATA(#3F85A) - this may cause problems in AutoCAD
copy process ignored ACDB_BLOCKREPRESENTATION_DATA(#3F86C) - this may cause problems in AutoCAD
copy process ignored ACDB_BLOCKREPRESENTATION_DATA(#3F87E) - this may cause problems in AutoCAD
copy process ignored ACDB_BLOCKREPRESENTATION_DATA(#3F890) - this may cause problems in AutoCAD
copy process ignored ACDB_BLOCKREPRESENTATION_DATA(#3F8A2) - this may cause problems in AutoCAD
copy process ignored ACDB_BLOCKREPRESENTATION_DATA(#3F8B4) - this may cause problems in AutoCAD
copy process ignored ACDB_BLOCKREPRESENTATION_DATA(#3F8C6) - this may cause problems in AutoCAD
copy process ignored ACDB_BLOCKREPRESENTATION_DATA(#3F8D8) - this may cause problems in AutoCAD
copy process ignored ACDB_BLOCKREPRESENTATION_DATA(#3F8EB) - this may cause problems in AutoCAD
copy process ignored ACDB_BLOCKREPRESENTATION_DATA(#3F8FD) - this may cause problems in AutoCAD
copy process ignored ACDB_BLOCKREPRESENTATION_DATA(#3F90F) - this may cause problems in AutoCAD
copy process ignored ACDB_BLOCKREPRESENTATION_DATA(#3F921) - this may cause problems in AutoCAD
copy process ignored ACDB_BLOCKREPRESENTATION_DATA(#3F933) - this may cause problems in AutoCAD
copy process ignored ACDB_BLOCKREPRESENTATION_DATA(#3F945) - this may cause problems in AutoCAD
copy process ignored ACDB_BLOCKREPRESENTATION_DATA(#3F957) - this may cause problems in AutoCAD
copy process ignored ACDB_BLOCKREPRESENTATION_DATA(#3F969) - this may cause problems in AutoCAD
copy process ignored ACDB_BLOCKREPRESENTATION_DATA(#3F97B) - this may cause problems in AutoCAD
copy process ignored ACDB_BLOCKREPRESENTATION_DATA(#3F98D) - this may cause problems in AutoCAD
copy process ignored ACDB_BLOCKREPRESENTATION_DATA(#3F99F) - this may cause problems in AutoCAD
copy process ignored ACDB_BLOCKREPRESENTATION_DATA(#3F9B1) - this may cause problems in AutoCAD
copy process ignored ACDB_BLOCKREPRESENTATION_DATA(#3F9C3) - this may cause problems in AutoCAD
copy process ignored ACDB_BLOCKREPRESENTATION_DATA(#3FA22) - this may cause problems in AutoCAD
copy process ignored ACDB_BLOCKREPRESENTATION_DATA(#3FA34) - this may cause problems in AutoCAD
copy process ignored ACDB_BLOCKREPRESENTATION_DATA(#3FA46) - this may cause problems in AutoCAD
copy process ignored ACDB_BLOCKREPRESENTATION_DATA(#3FA58) - this may cause problems in AutoCAD
copy process ignored ACDB_BLOCKREPRESENTATION_DATA(#3FA6A) - this may cause problems in AutoCAD
copy process ignored ACDB_BLOCKREPRESENTATION_DATA(#3FA7C) - this may cause problems in AutoCAD
copy process ignored ACDB_BLOCKREPRESENTATION_DATA(#3FA8E) - this may cause problems in AutoCAD
copy process ignored ACDB_BLOCKREPRESENTATION_DATA(#3FAA0) - this may cause problems in AutoCAD
copy process ignored ACDB_BLOCKREPRESENTATION_DATA(#3FAB2) - this may cause problems in AutoCAD
copy process ignored ACDB_BLOCKREPRESENTATION_DATA(#3FAC4) - this may cause problems in AutoCAD
copy process ignored ACDB_BLOCKREPRESENTATION_DATA(#3FAD6) - this may cause problems in AutoCAD
copy process ignored ACDB_BLOCKREPRESENTATION_DATA(#3FAE8) - this may cause problems in AutoCAD
copy process ignored ACDB_BLOCKREPRESENTATION_DATA(#3FAFA) - this may cause problems in AutoCAD
copy process ignored ACDB_BLOCKREPRESENTATION_DATA(#3FB0C) - this may cause problems in AutoCAD
copy process ignored ACDB_BLOCKREPRESENTATION_DATA(#3FB1E) - this may cause problems in AutoCAD
copy process ignored ACDB_BLOCKREPRESENTATION_DATA(#3FB30) - this may cause problems in AutoCAD
copy process ignored ACDB_BLOCKREPRESENTATION_DATA(#3FB42) - this may cause problems in AutoCAD
copy process ignored ACDB_BLOCKREPRESENTATION_DATA(#3FB54) - this may cause problems in AutoCAD
copy process ignored ACDB_BLOCKREPRESENTATION_DATA(#3FB66) - this may cause problems in AutoCAD
copy process ignored ACDB_BLOCKREPRESENTATION_DATA(#3FB78) - this may cause problems in AutoCAD
copy process ignored ACDB_BLOCKREPRESENTATION_DATA(#3FB8A) - this may cause problems in AutoCAD
copy process ignored ACDB_BLOCKREPRESENTATION_DATA(#3FB9C) - this may cause problems in AutoCAD
copy process ignored ACDB_BLOCKREPRESENTATION_DATA(#3FBAE) - this may cause problems in AutoCAD
copy process ignored ACDB_BLOCKREPRESENTATION_DATA(#3FBC0) - this may cause problems in AutoCAD
copy process ignored ACDB_BLOCKREPRESENTATION_DATA(#3FBD2) - this may cause problems in AutoCAD
copy process ignored ACDB_BLOCKREPRESENTATION_DATA(#3FBE4) - this may cause problems in AutoCAD
copy process ignored ACDB_BLOCKREPRESENTATION_DATA(#3FBF6) - this may cause problems in AutoCAD
copy process ignored ACDB_BLOCKREPRESENTATION_DATA(#3FC08) - this may cause problems in AutoCAD
copy process ignored ACDB_BLOCKREPRESENTATION_DATA(#3FC1A) - this may cause problems in AutoCAD
copy process ignored ACDB_BLOCKREPRESENTATION_DATA(#3FC2C) - this may cause problems in AutoCAD
copy process ignored ACDB_BLOCKREPRESENTATION_DATA(#3FC3E) - this may cause problems in AutoCAD
copy process ignored ACDB_BLOCKREPRESENTATION_DATA(#3FC50) - this may cause problems in AutoCAD
copy process ignored ACDB_BLOCKREPRESENTATION_DATA(#3FC62) - this may cause problems in AutoCAD
copy process ignored ACDB_BLOCKREPRESENTATION_DATA(#3FC74) - this may cause problems in AutoCAD
copy process ignored ACDB_BLOCKREPRESENTATION_DATA(#3FC86) - this may cause problems in AutoCAD
copy process ignored ACDB_BLOCKREPRESENTATION_DATA(#3FC98) - this may cause problems in AutoCAD
copy process ignored ACDB_BLOCKREPRESENTATION_DATA(#3FCAA) - this may cause problems in AutoCAD
copy process ignored ACDB_BLOCKREPRESENTATION_DATA(#3FCBC) - this may cause problems in AutoCAD
copy process ignored ACDB_BLOCKREPRESENTATION_DATA(#3FCCE) - this may cause problems in AutoCAD
copy process ignored ACDB_BLOCKREPRESENTATION_DATA(#3FDA9) - this may cause problems in AutoCAD
copy process ignored ACDB_BLOCKREPRESENTATION_DATA(#3FDBB) - this may cause problems in AutoCAD
copy process ignored ACDB_BLOCKREPRESENTATION_DATA(#3FDCD) - this may cause problems in AutoCAD
copy process ignored ACDB_BLOCKREPRESENTATION_DATA(#3FDFD) - this may cause problems in AutoCAD
copy process ignored ACDB_BLOCKREPRESENTATION_DATA(#3FE2B) - this may cause problems in AutoCAD
copy process ignored ACDB_BLOCKREPRESENTATION_DATA(#3FE3D) - this may cause problems in AutoCAD
copy process ignored ACDB_BLOCKREPRESENTATION_DATA(#3FE4F) - this may cause problems in AutoCAD
copy process ignored ACDB_BLOCKREPRESENTATION_DATA(#3FE70) - this may cause problems in AutoCAD
copy process ignored ACDB_BLOCKREPRESENTATION_DATA(#3FECF) - this may cause problems in AutoCAD
copy process ignored ACDB_BLOCKREPRESENTATION_DATA(#3FEE2) - this may cause problems in AutoCAD
copy process ignored ACDB_BLOCKREPRESENTATION_DATA(#3FF41) - this may cause problems in AutoCAD
copy process ignored ACDB_BLOCKREPRESENTATION_DATA(#3FF61) - this may cause problems in AutoCAD
copy process ignored ACDB_BLOCKREPRESENTATION_DATA(#3FFC0) - this may cause problems in AutoCAD
copy process ignored ACDB_BLOCKREPRESENTATION_DATA(#4001F) - this may cause problems in AutoCAD
copy process ignored ACDB_BLOCKREPRESENTATION_DATA(#4004B) - this may cause problems in AutoCAD
copy process ignored ACDB_BLOCKREPRESENTATION_DATA(#4020C) - this may cause problems in AutoCAD
copy process ignored ACDB_BLOCKREPRESENTATION_DATA(#4022C) - this may cause problems in AutoCAD
copy process ignored ACDB_BLOCKREPRESENTATION_DATA(#40298) - this may cause problems in AutoCAD
copy process ignored ACDB_BLOCKREPRESENTATION_DATA(#402F2) - this may cause problems in AutoCAD
copy process ignored ACDB_BLOCKREPRESENTATION_DATA(#40353) - this may cause problems in AutoCAD
copy process ignored ACDB_BLOCKREPRESENTATION_DATA(#403FD) - this may cause problems in AutoCAD
copy process ignored ACDB_BLOCKREPRESENTATION_DATA(#40408) - this may cause problems in AutoCAD
copy process ignored ACDB_BLOCKREPRESENTATION_DATA(#40413) - this may cause problems in AutoCAD
copy process ignored ACDB_BLOCKREPRESENTATION_DATA(#40429) - this may cause problems in AutoCAD
copy process ignored ACDB_BLOCKREPRESENTATION_DATA(#40434) - this may cause problems in AutoCAD
copy process ignored ACDB_BLOCKREPRESENTATION_DATA(#40514) - this may cause problems in AutoCAD
copy process ignored ACDB_BLOCKREPRESENTATION_DATA(#40573) - this may cause problems in AutoCAD
copy process ignored ACDB_BLOCKREPRESENTATION_DATA(#40585) - this may cause problems in AutoCAD
copy process ignored ACDB_BLOCKREPRESENTATION_DATA(#405E4) - this may cause problems in AutoCAD
copy process ignored ACDB_BLOCKREPRESENTATION_DATA(#405F6) - this may cause problems in AutoCAD
copy process ignored ACDB_BLOCKREPRESENTATION_DATA(#40655) - this may cause problems in AutoCAD
copy process ignored ACDB_BLOCKREPRESENTATION_DATA(#40667) - this may cause problems in AutoCAD
copy process ignored ACDB_BLOCKREPRESENTATION_DATA(#40679) - this may cause problems in AutoCAD
copy process ignored ACDB_BLOCKREPRESENTATION_DATA(#406D8) - this may cause problems in AutoCAD
copy process ignored ACDB_BLOCKREPRESENTATION_DATA(#406EA) - this may cause problems in AutoCAD
copy process ignored ACDB_BLOCKREPRESENTATION_DATA(#40749) - this may cause problems in AutoCAD
copy process ignored ACDB_BLOCKREPRESENTATION_DATA(#4075B) - this may cause problems in AutoCAD
copy process ignored ACDB_BLOCKREPRESENTATION_DATA(#4076D) - this may cause problems in AutoCAD
copy process ignored ACDB_BLOCKREPRESENTATION_DATA(#4077F) - this may cause problems in AutoCAD
copy process ignored ACDB_BLOCKREPRESENTATION_DATA(#40791) - this may cause problems in AutoCAD
copy process ignored ACDB_BLOCKREPRESENTATION_DATA(#407A3) - this may cause problems in AutoCAD
copy process ignored ACDB_BLOCKREPRESENTATION_DATA(#407B5) - this may cause problems in AutoCAD
copy process ignored ACDB_BLOCKREPRESENTATION_DATA(#407C7) - this may cause problems in AutoCAD
copy process ignored ACDB_BLOCKREPRESENTATION_DATA(#407D9) - this may cause problems in AutoCAD
copy process ignored ACDB_BLOCKREPRESENTATION_DATA(#407EB) - this may cause problems in AutoCAD
copy process ignored ACDB_BLOCKREPRESENTATION_DATA(#407FD) - this may cause problems in AutoCAD
copy process ignored ACDB_BLOCKREPRESENTATION_DATA(#4080F) - this may cause problems in AutoCAD
copy process ignored ACDB_BLOCKREPRESENTATION_DATA(#40821) - this may cause problems in AutoCAD
copy process ignored ACDB_BLOCKREPRESENTATION_DATA(#40833) - this may cause problems in AutoCAD
copy process ignored ACDB_BLOCKREPRESENTATION_DATA(#40845) - this may cause problems in AutoCAD
copy process ignored ACDB_BLOCKREPRESENTATION_DATA(#40857) - this may cause problems in AutoCAD
copy process ignored ACDB_BLOCKREPRESENTATION_DATA(#40869) - this may cause problems in AutoCAD
copy process ignored ACDB_BLOCKREPRESENTATION_DATA(#4087B) - this may cause problems in AutoCAD
copy process ignored ACDB_BLOCKREPRESENTATION_DATA(#4088D) - this may cause problems in AutoCAD
copy process ignored ACDB_BLOCKREPRESENTATION_DATA(#4089F) - this may cause problems in AutoCAD
copy process ignored ACDB_BLOCKREPRESENTATION_DATA(#408B1) - this may cause problems in AutoCAD
copy process ignored ACDB_BLOCKREPRESENTATION_DATA(#408C3) - this may cause problems in AutoCAD
copy process ignored ACDB_BLOCKREPRESENTATION_DATA(#408D5) - this may cause problems in AutoCAD
copy process ignored ACDB_BLOCKREPRESENTATION_DATA(#408E7) - this may cause problems in AutoCAD
copy process ignored ACDB_BLOCKREPRESENTATION_DATA(#408F9) - this may cause problems in AutoCAD
copy process ignored ACDB_BLOCKREPRESENTATION_DATA(#4090B) - this may cause problems in AutoCAD
copy process ignored ACDB_BLOCKREPRESENTATION_DATA(#4091D) - this may cause problems in AutoCAD
copy process ignored ACDB_BLOCKREPRESENTATION_DATA(#4092F) - this may cause problems in AutoCAD
copy process ignored ACDB_BLOCKREPRESENTATION_DATA(#40941) - this may cause problems in AutoCAD
copy process ignored ACDB_BLOCKREPRESENTATION_DATA(#40953) - this may cause problems in AutoCAD
copy process ignored ACDB_BLOCKREPRESENTATION_DATA(#40965) - this may cause problems in AutoCAD
copy process ignored ACDB_BLOCKREPRESENTATION_DATA(#40977) - this may cause problems in AutoCAD
copy process ignored ACDB_BLOCKREPRESENTATION_DATA(#40989) - this may cause problems in AutoCAD
copy process ignored ACDB_BLOCKREPRESENTATION_DATA(#4099B) - this may cause problems in AutoCAD
copy process ignored ACDB_BLOCKREPRESENTATION_DATA(#409AD) - this may cause problems in AutoCAD
copy process ignored ACDB_BLOCKREPRESENTATION_DATA(#409BF) - this may cause problems in AutoCAD
copy process ignored ACDB_BLOCKREPRESENTATION_DATA(#409D1) - this may cause problems in AutoCAD
copy process ignored ACDB_BLOCKREPRESENTATION_DATA(#409E3) - this may cause problems in AutoCAD
copy process ignored ACDB_BLOCKREPRESENTATION_DATA(#3F0B1) - this may cause problems in AutoCAD
copy process ignored ACDB_BLOCKREPRESENTATION_DATA(#3F0C3) - this may cause problems in AutoCAD
copy process ignored ACDB_BLOCKREPRESENTATION_DATA(#3F0D5) - this may cause problems in AutoCAD
copy process ignored ACDB_BLOCKREPRESENTATION_DATA(#3F0E7) - this may cause problems in AutoCAD
copy process ignored ACDB_BLOCKREPRESENTATION_DATA(#3F0F9) - this may cause problems in AutoCAD
copy process ignored ACDB_BLOCKREPRESENTATION_DATA(#3F10B) - this may cause problems in AutoCAD
copy process ignored ACDB_BLOCKREPRESENTATION_DATA(#3F11D) - this may cause problems in AutoCAD
copy process ignored ACDB_BLOCKREPRESENTATION_DATA(#3F12F) - this may cause problems in AutoCAD
copy process ignored ACDB_BLOCKREPRESENTATION_DATA(#3F18E) - this may cause problems in AutoCAD
copy process ignored ACDB_BLOCKREPRESENTATION_DATA(#3F1A0) - this may cause problems in AutoCAD
copy process ignored ACDB_BLOCKREPRESENTATION_DATA(#3F1B2) - this may cause problems in AutoCAD
copy process ignored ACDB_BLOCKREPRESENTATION_DATA(#3F1C4) - this may cause problems in AutoCAD
copy process ignored ACDB_BLOCKREPRESENTATION_DATA(#3F1D6) - this may cause problems in AutoCAD
copy process ignored ACDB_BLOCKREPRESENTATION_DATA(#3F235) - this may cause problems in AutoCAD
copy process ignored ACDB_BLOCKREPRESENTATION_DATA(#3F247) - this may cause problems in AutoCAD
copy process ignored ACDB_BLOCKREPRESENTATION_DATA(#3F259) - this may cause problems in AutoCAD
copy process ignored ACDB_BLOCKREPRESENTATION_DATA(#3F26B) - this may cause problems in AutoCAD
copy process ignored ACDB_BLOCKREPRESENTATION_DATA(#3F27D) - this may cause problems in AutoCAD
copy process ignored ACDB_BLOCKREPRESENTATION_DATA(#3F28F) - this may cause problems in AutoCAD
copy process ignored ACDB_BLOCKREPRESENTATION_DATA(#3F2A1) - this may cause problems in AutoCAD
copy process ignored ACDB_BLOCKREPRESENTATION_DATA(#3F2B3) - this may cause problems in AutoCAD
copy process ignored ACDB_BLOCKREPRESENTATION_DATA(#3F2C5) - this may cause problems in AutoCAD
copy process ignored ACDB_BLOCKREPRESENTATION_DATA(#3F324) - this may cause problems in AutoCAD
copy process ignored ACDB_BLOCKREPRESENTATION_DATA(#3F383) - this may cause problems in AutoCAD
copy process ignored ACDB_BLOCKREPRESENTATION_DATA(#3F395) - this may cause problems in AutoCAD
copy process ignored ACDB_BLOCKREPRESENTATION_DATA(#3F3A7) - this may cause problems in AutoCAD
copy process ignored ACDB_BLOCKREPRESENTATION_DATA(#3F3B9) - this may cause problems in AutoCAD
copy process ignored ACDB_BLOCKREPRESENTATION_DATA(#3F3CB) - this may cause problems in AutoCAD
copy process ignored ACDB_BLOCKREPRESENTATION_DATA(#3F3DD) - this may cause problems in AutoCAD
copy process ignored ACDB_BLOCKREPRESENTATION_DATA(#3F3EF) - this may cause problems in AutoCAD
copy process ignored ACDB_BLOCKREPRESENTATION_DATA(#3F401) - this may cause problems in AutoCAD
copy process ignored ACDB_BLOCKREPRESENTATION_DATA(#3F413) - this may cause problems in AutoCAD
copy process ignored ACDB_BLOCKREPRESENTATION_DATA(#3F472) - this may cause problems in AutoCAD
copy process ignored ACDB_BLOCKREPRESENTATION_DATA(#3F484) - this may cause problems in AutoCAD
copy process ignored ACDB_BLOCKREPRESENTATION_DATA(#3F496) - this may cause problems in AutoCAD
copy process ignored ACDB_BLOCKREPRESENTATION_DATA(#3F4A8) - this may cause problems in AutoCAD
copy process ignored ACDB_BLOCKREPRESENTATION_DATA(#3F4BA) - this may cause problems in AutoCAD
copy process ignored ACDB_BLOCKREPRESENTATION_DATA(#3F4CC) - this may cause problems in AutoCAD
copy process ignored ACDB_BLOCKREPRESENTATION_DATA(#3F4DE) - this may cause problems in AutoCAD
copy process ignored ACDB_BLOCKREPRESENTATION_DATA(#3F4F0) - this may cause problems in AutoCAD
copy process ignored ACDB_BLOCKREPRESENTATION_DATA(#3F502) - this may cause problems in AutoCAD
copy process ignored ACDB_BLOCKREPRESENTATION_DATA(#3F514) - this may cause problems in AutoCAD
copy process ignored ACDB_BLOCKREPRESENTATION_DATA(#3F526) - this may cause problems in AutoCAD
copy process ignored ACDB_BLOCKREPRESENTATION_DATA(#3F538) - this may cause problems in AutoCAD
copy process ignored ACDB_BLOCKREPRESENTATION_DATA(#3F54A) - this may cause problems in AutoCAD
copy process ignored ACDB_BLOCKREPRESENTATION_DATA(#3F55C) - this may cause problems in AutoCAD
copy process ignored ACDB_BLOCKREPRESENTATION_DATA(#3F56E) - this may cause problems in AutoCAD
copy process ignored ACDB_BLOCKREPRESENTATION_DATA(#3F580) - this may cause problems in AutoCAD
copy process ignored ACDB_BLOCKREPRESENTATION_DATA(#3F592) - this may cause problems in AutoCAD
copy process ignored ACDB_BLOCKREPRESENTATION_DATA(#3F5A4) - this may cause problems in AutoCAD
copy process ignored ACDB_BLOCKREPRESENTATION_DATA(#3F5B6) - this may cause problems in AutoCAD
copy process ignored ACDB_BLOCKREPRESENTATION_DATA(#3F5C8) - this may cause problems in AutoCAD
copy process ignored ACDB_BLOCKREPRESENTATION_DATA(#3F5DA) - this may cause problems in AutoCAD
copy process ignored ACDB_BLOCKREPRESENTATION_DATA(#3F5EC) - this may cause problems in AutoCAD
copy process ignored ACDB_BLOCKREPRESENTATION_DATA(#3F5FE) - this may cause problems in AutoCAD
copy process ignored ACDB_BLOCKREPRESENTATION_DATA(#3F610) - this may cause problems in AutoCAD
copy process ignored ACDB_BLOCKREPRESENTATION_DATA(#3F622) - this may cause problems in AutoCAD
copy process ignored ACDB_BLOCKREPRESENTATION_DATA(#3F634) - this may cause problems in AutoCAD
copy process ignored ACDB_BLOCKREPRESENTATION_DATA(#3F646) - this may cause problems in AutoCAD
copy process ignored ACDB_BLOCKREPRESENTATION_DATA(#3F658) - this may cause problems in AutoCAD
copy process ignored ACDB_BLOCKREPRESENTATION_DATA(#3F66A) - this may cause problems in AutoCAD
copy process ignored ACDB_BLOCKREPRESENTATION_DATA(#3F67C) - this may cause problems in AutoCAD
copy process ignored ACDB_BLOCKREPRESENTATION_DATA(#3F68E) - this may cause problems in AutoCAD
copy process ignored ACDB_BLOCKREPRESENTATION_DATA(#3F6A0) - this may cause problems in AutoCAD
copy process ignored ACDB_BLOCKREPRESENTATION_DATA(#3F6B2) - this may cause problems in AutoCAD
copy process ignored ACDB_BLOCKREPRESENTATION_DATA(#3F6C4) - this may cause problems in AutoCAD
copy process ignored ACDB_BLOCKREPRESENTATION_DATA(#3F6D6) - this may cause problems in AutoCAD
copy process ignored ACDB_BLOCKREPRESENTATION_DATA(#3F6E8) - this may cause problems in AutoCAD
copy process ignored ACDB_BLOCKREPRESENTATION_DATA(#3F6FA) - this may cause problems in AutoCAD
copy process ignored ACDB_BLOCKREPRESENTATION_DATA(#3F70C) - this may cause problems in AutoCAD
copy process ignored ACDB_BLOCKREPRESENTATION_DATA(#3F71E) - this may cause problems in AutoCAD
copy process ignored ACDB_BLOCKREPRESENTATION_DATA(#3F730) - this may cause problems in AutoCAD
copy process ignored ACDB_BLOCKREPRESENTATION_DATA(#3F742) - this may cause problems in AutoCAD
copy process ignored ACDB_BLOCKREPRESENTATION_DATA(#3F754) - this may cause problems in AutoCAD
copy process ignored ACDB_BLOCKREPRESENTATION_DATA(#3F766) - this may cause problems in AutoCAD
copy process ignored ACDB_BLOCKREPRESENTATION_DATA(#3F7C5) - this may cause problems in AutoCAD
copy process ignored ACDB_BLOCKREPRESENTATION_DATA(#3F7D7) - this may cause problems in AutoCAD
copy process ignored ACDB_BLOCKREPRESENTATION_DATA(#3F836) - this may cause problems in AutoCAD
copy process ignored ACDB_BLOCKREPRESENTATION_DATA(#3F848) - this may cause problems in AutoCAD
copy process ignored ACDB_BLOCKREPRESENTATION_DATA(#3F85A) - this may cause problems in AutoCAD
copy process ignored ACDB_BLOCKREPRESENTATION_DATA(#3F86C) - this may cause problems in AutoCAD
copy process ignored ACDB_BLOCKREPRESENTATION_DATA(#3F87E) - this may cause problems in AutoCAD
copy process ignored ACDB_BLOCKREPRESENTATION_DATA(#3F890) - this may cause problems in AutoCAD
copy process ignored ACDB_BLOCKREPRESENTATION_DATA(#3F8A2) - this may cause problems in AutoCAD
copy process ignored ACDB_BLOCKREPRESENTATION_DATA(#3F8B4) - this may cause problems in AutoCAD
copy process ignored ACDB_BLOCKREPRESENTATION_DATA(#3F8C6) - this may cause problems in AutoCAD
copy process ignored ACDB_BLOCKREPRESENTATION_DATA(#3F8D8) - this may cause problems in AutoCAD
copy process ignored ACDB_BLOCKREPRESENTATION_DATA(#3F8EB) - this may cause problems in AutoCAD
copy process ignored ACDB_BLOCKREPRESENTATION_DATA(#3F8FD) - this may cause problems in AutoCAD
copy process ignored ACDB_BLOCKREPRESENTATION_DATA(#3F90F) - this may cause problems in AutoCAD
copy process ignored ACDB_BLOCKREPRESENTATION_DATA(#3F921) - this may cause problems in AutoCAD
copy process ignored ACDB_BLOCKREPRESENTATION_DATA(#3F933) - this may cause problems in AutoCAD
copy process ignored ACDB_BLOCKREPRESENTATION_DATA(#3F945) - this may cause problems in AutoCAD
copy process ignored ACDB_BLOCKREPRESENTATION_DATA(#3F957) - this may cause problems in AutoCAD
copy process ignored ACDB_BLOCKREPRESENTATION_DATA(#3F969) - this may cause problems in AutoCAD
copy process ignored ACDB_BLOCKREPRESENTATION_DATA(#3F97B) - this may cause problems in AutoCAD
copy process ignored ACDB_BLOCKREPRESENTATION_DATA(#3F98D) - this may cause problems in AutoCAD
copy process ignored ACDB_BLOCKREPRESENTATION_DATA(#3F99F) - this may cause problems in AutoCAD
copy process ignored ACDB_BLOCKREPRESENTATION_DATA(#3F9B1) - this may cause problems in AutoCAD
copy process ignored ACDB_BLOCKREPRESENTATION_DATA(#3F9C3) - this may cause problems in AutoCAD
copy process ignored ACDB_BLOCKREPRESENTATION_DATA(#3FA22) - this may cause problems in AutoCAD
copy process ignored ACDB_BLOCKREPRESENTATION_DATA(#3FA34) - this may cause problems in AutoCAD
copy process ignored ACDB_BLOCKREPRESENTATION_DATA(#3FA46) - this may cause problems in AutoCAD
copy process ignored ACDB_BLOCKREPRESENTATION_DATA(#3FA58) - this may cause problems in AutoCAD
copy process ignored ACDB_BLOCKREPRESENTATION_DATA(#3FA6A) - this may cause problems in AutoCAD
copy process ignored ACDB_BLOCKREPRESENTATION_DATA(#3FA7C) - this may cause problems in AutoCAD
copy process ignored ACDB_BLOCKREPRESENTATION_DATA(#3FA8E) - this may cause problems in AutoCAD
copy process ignored ACDB_BLOCKREPRESENTATION_DATA(#3FAA0) - this may cause problems in AutoCAD
copy process ignored ACDB_BLOCKREPRESENTATION_DATA(#3FAB2) - this may cause problems in AutoCAD
copy process ignored ACDB_BLOCKREPRESENTATION_DATA(#3FAC4) - this may cause problems in AutoCAD
copy process ignored ACDB_BLOCKREPRESENTATION_DATA(#3FAD6) - this may cause problems in AutoCAD
copy process ignored ACDB_BLOCKREPRESENTATION_DATA(#3FAE8) - this may cause problems in AutoCAD
copy process ignored ACDB_BLOCKREPRESENTATION_DATA(#3FAFA) - this may cause problems in AutoCAD
copy process ignored ACDB_BLOCKREPRESENTATION_DATA(#3FB0C) - this may cause problems in AutoCAD
copy process ignored ACDB_BLOCKREPRESENTATION_DATA(#3FB1E) - this may cause problems in AutoCAD
copy process ignored ACDB_BLOCKREPRESENTATION_DATA(#3FB30) - this may cause problems in AutoCAD
copy process ignored ACDB_BLOCKREPRESENTATION_DATA(#3FB42) - this may cause problems in AutoCAD
copy process ignored ACDB_BLOCKREPRESENTATION_DATA(#3FB54) - this may cause problems in AutoCAD
copy process ignored ACDB_BLOCKREPRESENTATION_DATA(#3FB66) - this may cause problems in AutoCAD
copy process ignored ACDB_BLOCKREPRESENTATION_DATA(#3FB78) - this may cause problems in AutoCAD
copy process ignored ACDB_BLOCKREPRESENTATION_DATA(#3FB8A) - this may cause problems in AutoCAD
copy process ignored ACDB_BLOCKREPRESENTATION_DATA(#3FB9C) - this may cause problems in AutoCAD
copy process ignored ACDB_BLOCKREPRESENTATION_DATA(#3FBAE) - this may cause problems in AutoCAD
copy process ignored ACDB_BLOCKREPRESENTATION_DATA(#3FBC0) - this may cause problems in AutoCAD
copy process ignored ACDB_BLOCKREPRESENTATION_DATA(#3FBD2) - this may cause problems in AutoCAD
copy process ignored ACDB_BLOCKREPRESENTATION_DATA(#3FBE4) - this may cause problems in AutoCAD
copy process ignored ACDB_BLOCKREPRESENTATION_DATA(#3FBF6) - this may cause problems in AutoCAD
copy process ignored ACDB_BLOCKREPRESENTATION_DATA(#3FC08) - this may cause problems in AutoCAD
copy process ignored ACDB_BLOCKREPRESENTATION_DATA(#3FC1A) - this may cause problems in AutoCAD
copy process ignored ACDB_BLOCKREPRESENTATION_DATA(#3FC2C) - this may cause problems in AutoCAD
copy process ignored ACDB_BLOCKREPRESENTATION_DATA(#3FC3E) - this may cause problems in AutoCAD
copy process ignored ACDB_BLOCKREPRESENTATION_DATA(#3FC50) - this may cause problems in AutoCAD
copy process ignored ACDB_BLOCKREPRESENTATION_DATA(#3FC62) - this may cause problems in AutoCAD
copy process ignored ACDB_BLOCKREPRESENTATION_DATA(#3FC74) - this may cause problems in AutoCAD
copy process ignored ACDB_BLOCKREPRESENTATION_DATA(#3FC86) - this may cause problems in AutoCAD
copy process ignored ACDB_BLOCKREPRESENTATION_DATA(#3FC98) - this may cause problems in AutoCAD
copy process ignored ACDB_BLOCKREPRESENTATION_DATA(#3FCAA) - this may cause problems in AutoCAD
copy process ignored ACDB_BLOCKREPRESENTATION_DATA(#3FCBC) - this may cause problems in AutoCAD
copy process ignored ACDB_BLOCKREPRESENTATION_DATA(#3FCCE) - this may cause problems in AutoCAD
copy process ignored ACDB_BLOCKREPRESENTATION_DATA(#3FDA9) - this may cause problems in AutoCAD
copy process ignored ACDB_BLOCKREPRESENTATION_DATA(#3FDBB) - this may cause problems in AutoCAD
copy process ignored ACDB_BLOCKREPRESENTATION_DATA(#3FDCD) - this may cause problems in AutoCAD
copy process ignored ACDB_BLOCKREPRESENTATION_DATA(#3FDFD) - this may cause problems in AutoCAD
copy process ignored ACDB_BLOCKREPRESENTATION_DATA(#3FE2B) - this may cause problems in AutoCAD
copy process ignored ACDB_BLOCKREPRESENTATION_DATA(#3FE3D) - this may cause problems in AutoCAD
copy process ignored ACDB_BLOCKREPRESENTATION_DATA(#3FE4F) - this may cause problems in AutoCAD
copy process ignored ACDB_BLOCKREPRESENTATION_DATA(#3FE70) - this may cause problems in AutoCAD
copy process ignored ACDB_BLOCKREPRESENTATION_DATA(#3FECF) - this may cause problems in AutoCAD
copy process ignored ACDB_BLOCKREPRESENTATION_DATA(#3FEE2) - this may cause problems in AutoCAD
copy process ignored ACDB_BLOCKREPRESENTATION_DATA(#3FF41) - this may cause problems in AutoCAD
copy process ignored ACDB_BLOCKREPRESENTATION_DATA(#3FF61) - this may cause problems in AutoCAD
copy process ignored ACDB_BLOCKREPRESENTATION_DATA(#3FFC0) - this may cause problems in AutoCAD
copy process ignored ACDB_BLOCKREPRESENTATION_DATA(#4001F) - this may cause problems in AutoCAD
copy process ignored ACDB_BLOCKREPRESENTATION_DATA(#4004B) - this may cause problems in AutoCAD
copy process ignored ACDB_BLOCKREPRESENTATION_DATA(#4020C) - this may cause problems in AutoCAD
copy process ignored ACDB_BLOCKREPRESENTATION_DATA(#4022C) - this may cause problems in AutoCAD
copy process ignored ACDB_BLOCKREPRESENTATION_DATA(#40F38) - this may cause problems in AutoCAD
copy process ignored ACDB_BLOCKREPRESENTATION_DATA(#40F42) - this may cause problems in AutoCAD
copy process ignored ACDB_BLOCKREPRESENTATION_DATA(#40F8F) - this may cause problems in AutoCAD
copy process ignored ACDB_BLOCKREPRESENTATION_DATA(#40F9A) - this may cause problems in AutoCAD
copy process ignored ACDB_BLOCKREPRESENTATION_DATA(#40FB7) - this may cause problems in AutoCAD
copy process ignored ACDB_BLOCKREPRESENTATION_DATA(#40FC2) - this may cause problems in AutoCAD
copy process ignored ACDB_BLOCKREPRESENTATION_DATA(#40FDB) - this may cause problems in AutoCAD
copy process ignored ACDB_BLOCKREPRESENTATION_DATA(#40FF3) - this may cause problems in AutoCAD
copy process ignored ACDB_BLOCKREPRESENTATION_DATA(#4100B) - this may cause problems in AutoCAD
copy process ignored ACDB_BLOCKREPRESENTATION_DATA(#41015) - this may cause problems in AutoCAD
copy process ignored ACDB_BLOCKREPRESENTATION_DATA(#4102F) - this may cause problems in AutoCAD
copy process ignored ACDB_BLOCKREPRESENTATION_DATA(#4104A) - this may cause problems in AutoCAD
copy process ignored ACDB_BLOCKREPRESENTATION_DATA(#41052) - this may cause problems in AutoCAD
copy process ignored ACDB_BLOCKREPRESENTATION_DATA(#4105C) - this may cause problems in AutoCAD
copy process ignored ACDB_BLOCKREPRESENTATION_DATA(#41063) - this may cause problems in AutoCAD
copy process ignored ACDB_BLOCKREPRESENTATION_DATA(#41879) - this may cause problems in AutoCAD
copy process ignored ACDB_BLOCKREPRESENTATION_DATA(#4188A) - this may cause problems in AutoCAD
copy process ignored ACDB_BLOCKREPRESENTATION_DATA(#418C7) - this may cause problems in AutoCAD
copy process ignored ACDB_BLOCKREPRESENTATION_DATA(#418E7) - this may cause problems in AutoCAD
copy process ignored ACDB_BLOCKREPRESENTATION_DATA(#418F1) - this may cause problems in AutoCAD
copy process ignored ACDB_BLOCKREPRESENTATION_DATA(#4115A) - this may cause problems in AutoCAD
copy process ignored ACDB_BLOCKREPRESENTATION_DATA(#4116B) - this may cause problems in AutoCAD
copy process ignored ACDB_BLOCKREPRESENTATION_DATA(#411A8) - this may cause problems in AutoCAD
copy process ignored ACDB_BLOCKREPRESENTATION_DATA(#411C8) - this may cause problems in AutoCAD
copy process ignored ACDB_BLOCKREPRESENTATION_DATA(#411D2) - this may cause problems in AutoCAD
copy process ignored ACDB_BLOCKREPRESENTATION_DATA(#41213) - this may cause problems in AutoCAD
copy process ignored ACDB_BLOCKREPRESENTATION_DATA(#41224) - this may cause problems in AutoCAD
copy process ignored ACDB_BLOCKREPRESENTATION_DATA(#41261) - this may cause problems in AutoCAD
copy process ignored ACDB_BLOCKREPRESENTATION_DATA(#41281) - this may cause problems in AutoCAD
copy process ignored ACDB_BLOCKREPRESENTATION_DATA(#4128B) - this may cause problems in AutoCAD
copy process ignored ACDB_BLOCKREPRESENTATION_DATA(#42F78) - this may cause problems in AutoCAD
copy process ignored ACDB_BLOCKREPRESENTATION_DATA(#42F89) - this may cause problems in AutoCAD
copy process ignored ACDB_BLOCKREPRESENTATION_DATA(#42FC6) - this may cause problems in AutoCAD
copy process ignored ACDB_BLOCKREPRESENTATION_DATA(#42FE6) - this may cause problems in AutoCAD
copy process ignored ACDB_BLOCKREPRESENTATION_DATA(#42FF0) - this may cause problems in AutoCAD
copy process ignored ACDB_BLOCKREPRESENTATION_DATA(#42F78) - this may cause problems in AutoCAD
copy process ignored ACDB_BLOCKREPRESENTATION_DATA(#42F89) - this may cause problems in AutoCAD
copy process ignored ACDB_BLOCKREPRESENTATION_DATA(#42FC6) - this may cause problems in AutoCAD
copy process ignored ACDB_BLOCKREPRESENTATION_DATA(#42FE6) - this may cause problems in AutoCAD
copy process ignored ACDB_BLOCKREPRESENTATION_DATA(#42FF0) - this may cause problems in AutoCAD
copy process ignored ACDB_BLOCKREPRESENTATION_DATA(#412EC) - this may cause problems in AutoCAD
copy process ignored ACDB_BLOCKREPRESENTATION_DATA(#412FD) - this may cause problems in AutoCAD
copy process ignored ACDB_BLOCKREPRESENTATION_DATA(#4133A) - this may cause problems in AutoCAD
copy process ignored ACDB_BLOCKREPRESENTATION_DATA(#4135A) - this may cause problems in AutoCAD
copy process ignored ACDB_BLOCKREPRESENTATION_DATA(#41364) - this may cause problems in AutoCAD
copy process ignored ACDB_BLOCKREPRESENTATION_DATA(#413A5) - this may cause problems in AutoCAD
copy process ignored ACDB_BLOCKREPRESENTATION_DATA(#413B6) - this may cause problems in AutoCAD
copy process ignored ACDB_BLOCKREPRESENTATION_DATA(#413F3) - this may cause problems in AutoCAD
copy process ignored ACDB_BLOCKREPRESENTATION_DATA(#41413) - this may cause problems in AutoCAD
copy process ignored ACDB_BLOCKREPRESENTATION_DATA(#4141D) - this may cause problems in AutoCAD
copy process ignored ACDB_BLOCKREPRESENTATION_DATA(#3AFFB) - this may cause problems in AutoCAD
copy process ignored ACDB_BLOCKREPRESENTATION_DATA(#3B05F) - this may cause problems in AutoCAD
copy process ignored ACDB_BLOCKREPRESENTATION_DATA(#3B143) - this may cause problems in AutoCAD
copy process ignored ACDB_BLOCKREPRESENTATION_DATA(#3B152) - this may cause problems in AutoCAD
copy process ignored ACDB_BLOCKREPRESENTATION_DATA(#3B173) - this may cause problems in AutoCAD
copy process ignored ACDB_BLOCKREPRESENTATION_DATA(#3B1B7) - this may cause problems in AutoCAD
copy process ignored ACDB_BLOCKREPRESENTATION_DATA(#3B55F) - this may cause problems in AutoCAD
copy process ignored ACDB_BLOCKREPRESENTATION_DATA(#3B591) - this may cause problems in AutoCAD
copy process ignored ACDB_BLOCKREPRESENTATION_DATA(#3B599) - this may cause problems in AutoCAD
copy process ignored ACDB_BLOCKREPRESENTATION_DATA(#3B5C0) - this may cause problems in AutoCAD
copy process ignored ACDB_BLOCKREPRESENTATION_DATA(#3B5F6) - this may cause problems in AutoCAD
copy process ignored ACDB_BLOCKREPRESENTATION_DATA(#3B613) - this may cause problems in AutoCAD
copy process ignored ACDB_BLOCKREPRESENTATION_DATA(#3B61D) - this may cause problems in AutoCAD
copy process ignored ACDB_BLOCKREPRESENTATION_DATA(#3B64E) - this may cause problems in AutoCAD
copy process ignored ACDB_BLOCKREPRESENTATION_DATA(#3B671) - this may cause problems in AutoCAD
copy process ignored ACDB_BLOCKREPRESENTATION_DATA(#3B68A) - this may cause problems in AutoCAD
copy process ignored ACDB_BLOCKREPRESENTATION_DATA(#3B6B7) - this may cause problems in AutoCAD
copy process ignored ACDB_BLOCKREPRESENTATION_DATA(#3B6D9) - this may cause problems in AutoCAD
copy process ignored ACDB_BLOCKREPRESENTATION_DATA(#3B71E) - this may cause problems in AutoCAD
copy process ignored ACDB_BLOCKREPRESENTATION_DATA(#3B76E) - this may cause problems in AutoCAD
copy process ignored ACDB_BLOCKREPRESENTATION_DATA(#3B7CC) - this may cause problems in AutoCAD
copy process ignored ACDB_BLOCKREPRESENTATION_DATA(#3B812) - this may cause problems in AutoCAD
copy process ignored ACDB_BLOCKREPRESENTATION_DATA(#3B81A) - this may cause problems in AutoCAD
copy process ignored ACDB_BLOCKREPRESENTATION_DATA(#3B878) - this may cause problems in AutoCAD
copy process ignored ACDB_BLOCKREPRESENTATION_DATA(#3B891) - this may cause problems in AutoCAD
copy process ignored ACDB_BLOCKREPRESENTATION_DATA(#3B8F8) - this may cause problems in AutoCAD
copy process ignored ACDB_BLOCKREPRESENTATION_DATA(#3B974) - this may cause problems in AutoCAD
copy process ignored ACDB_BLOCKREPRESENTATION_DATA(#3B6D9) - this may cause problems in AutoCAD
copy process ignored ACDB_BLOCKREPRESENTATION_DATA(#3B71E) - this may cause problems in AutoCAD
copy process ignored ACDB_BLOCKREPRESENTATION_DATA(#3B76E) - this may cause problems in AutoCAD
copy process ignored ACDB_BLOCKREPRESENTATION_DATA(#3B7CC) - this may cause problems in AutoCAD
copy process ignored ACDB_BLOCKREPRESENTATION_DATA(#3B812) - this may cause problems in AutoCAD
copy process ignored ACDB_BLOCKREPRESENTATION_DATA(#3B81A) - this may cause problems in AutoCAD
copy process ignored ACDB_BLOCKREPRESENTATION_DATA(#3B878) - this may cause problems in AutoCAD
copy process ignored ACDB_BLOCKREPRESENTATION_DATA(#3B891) - this may cause problems in AutoCAD
copy process ignored ACDB_BLOCKREPRESENTATION_DATA(#3B8F8) - this may cause problems in AutoCAD
copy process ignored ACDB_BLOCKREPRESENTATION_DATA(#3B974) - this may cause problems in AutoCAD
copy process ignored ACDB_BLOCKREPRESENTATION_DATA(#41487) - this may cause problems in AutoCAD
copy process ignored ACDB_BLOCKREPRESENTATION_DATA(#414A0) - this may cause problems in AutoCAD
copy process ignored ACDB_BLOCKREPRESENTATION_DATA(#414A8) - this may cause problems in AutoCAD
copy process ignored ACDB_BLOCKREPRESENTATION_DATA(#414CF) - this may cause problems in AutoCAD
copy process ignored ACDB_BLOCKREPRESENTATION_DATA(#414EC) - this may cause problems in AutoCAD
copy process ignored ACDB_BLOCKREPRESENTATION_DATA(#41509) - this may cause problems in AutoCAD
copy process ignored ACDB_BLOCKREPRESENTATION_DATA(#41513) - this may cause problems in AutoCAD
copy process ignored ACDB_BLOCKREPRESENTATION_DATA(#4152B) - this may cause problems in AutoCAD
copy process ignored ACDB_BLOCKREPRESENTATION_DATA(#41535) - this may cause problems in AutoCAD
copy process ignored ACDB_BLOCKREPRESENTATION_DATA(#4154E) - this may cause problems in AutoCAD
copy process ignored ACDB_BLOCKREPRESENTATION_DATA(#41568) - this may cause problems in AutoCAD
copy process ignored ACDB_BLOCKREPRESENTATION_DATA(#3BCBD) - this may cause problems in AutoCAD
copy process ignored ACDB_BLOCKREPRESENTATION_DATA(#3BCC4) - this may cause problems in AutoCAD
copy process ignored ACDB_BLOCKREPRESENTATION_DATA(#3BCDB) - this may cause problems in AutoCAD
copy process ignored ACDB_BLOCKREPRESENTATION_DATA(#3BD0D) - this may cause problems in AutoCAD
copy process ignored ACDB_BLOCKREPRESENTATION_DATA(#3BD2F) - this may cause problems in AutoCAD
copy process ignored ACDB_BLOCKREPRESENTATION_DATA(#3BD76) - this may cause problems in AutoCAD
copy process ignored ACDB_BLOCKREPRESENTATION_DATA(#3BDA7) - this may cause problems in AutoCAD
copy process ignored ACDB_BLOCKREPRESENTATION_DATA(#3BDC4) - this may cause problems in AutoCAD
copy process ignored ACDB_BLOCKREPRESENTATION_DATA(#3BDD7) - this may cause problems in AutoCAD
copy process ignored ACDB_BLOCKREPRESENTATION_DATA(#3BE18) - this may cause problems in AutoCAD
copy process ignored ACDB_BLOCKREPRESENTATION_DATA(#3BE2C) - this may cause problems in AutoCAD
copy process ignored ACDB_BLOCKREPRESENTATION_DATA(#3BE9C) - this may cause problems in AutoCAD
copy process ignored ACDB_BLOCKREPRESENTATION_DATA(#3BEA3) - this may cause problems in AutoCAD
copy process ignored ACDB_BLOCKREPRESENTATION_DATA(#3BEBA) - this may cause problems in AutoCAD
copy process ignored ACDB_BLOCKREPRESENTATION_DATA(#3BED3) - this may cause problems in AutoCAD
copy process ignored ACDB_BLOCKREPRESENTATION_DATA(#3BEE2) - this may cause problems in AutoCAD
copy process ignored ACDB_BLOCKREPRESENTATION_DATA(#3BF10) - this may cause problems in AutoCAD
copy process ignored ACDB_BLOCKREPRESENTATION_DATA(#3BF28) - this may cause problems in AutoCAD
copy process ignored ACDB_BLOCKREPRESENTATION_DATA(#3BF45) - this may cause problems in AutoCAD
copy process ignored ACDB_BLOCKREPRESENTATION_DATA(#3BF58) - this may cause problems in AutoCAD
copy process ignored ACDB_BLOCKREPRESENTATION_DATA(#3BF80) - this may cause problems in AutoCAD
copy process ignored ACDB_BLOCKREPRESENTATION_DATA(#3BF94) - this may cause problems in AutoCAD
copy process ignored ACDB_BLOCKREPRESENTATION_DATA(#3B55F) - this may cause problems in AutoCAD
copy process ignored ACDB_BLOCKREPRESENTATION_DATA(#3B591) - this may cause problems in AutoCAD
copy process ignored ACDB_BLOCKREPRESENTATION_DATA(#3B599) - this may cause problems in AutoCAD
copy process ignored ACDB_BLOCKREPRESENTATION_DATA(#3B5C0) - this may cause problems in AutoCAD
copy process ignored ACDB_BLOCKREPRESENTATION_DATA(#3B5F6) - this may cause problems in AutoCAD
copy process ignored ACDB_BLOCKREPRESENTATION_DATA(#3B613) - this may cause problems in AutoCAD
copy process ignored ACDB_BLOCKREPRESENTATION_DATA(#3B61D) - this may cause problems in AutoCAD
copy process ignored ACDB_BLOCKREPRESENTATION_DATA(#3B64E) - this may cause problems in AutoCAD
copy process ignored ACDB_BLOCKREPRESENTATION_DATA(#3B671) - this may cause problems in AutoCAD
copy process ignored ACDB_BLOCKREPRESENTATION_DATA(#3B68A) - this may cause problems in AutoCAD
copy process ignored ACDB_BLOCKREPRESENTATION_DATA(#3B6B7) - this may cause problems in AutoCAD
copy process ignored ACDB_BLOCKREPRESENTATION_DATA(#42F78) - this may cause problems in AutoCAD
copy process ignored ACDB_BLOCKREPRESENTATION_DATA(#42F89) - this may cause problems in AutoCAD
copy process ignored ACDB_BLOCKREPRESENTATION_DATA(#42FC6) - this may cause problems in AutoCAD
copy process ignored ACDB_BLOCKREPRESENTATION_DATA(#42FE6) - this may cause problems in AutoCAD
copy process ignored ACDB_BLOCKREPRESENTATION_DATA(#42FF0) - this may cause problems in AutoCAD
copy process ignored ACDB_BLOCKREPRESENTATION_DATA(#42F78) - this may cause problems in AutoCAD
copy process ignored ACDB_BLOCKREPRESENTATION_DATA(#42F89) - this may cause problems in AutoCAD
copy process ignored ACDB_BLOCKREPRESENTATION_DATA(#42FC6) - this may cause problems in AutoCAD
copy process ignored ACDB_BLOCKREPRESENTATION_DATA(#42FE6) - this may cause problems in AutoCAD
copy process ignored ACDB_BLOCKREPRESENTATION_DATA(#42FF0) - this may cause problems in AutoCAD
copy process ignored ACDB_BLOCKREPRESENTATION_DATA(#39666) - this may cause problems in AutoCAD
copy process ignored ACDB_BLOCKREPRESENTATION_DATA(#39670) - this may cause problems in AutoCAD
copy process ignored ACDB_BLOCKREPRESENTATION_DATA(#396BE) - this may cause problems in AutoCAD
copy process ignored ACDB_BLOCKREPRESENTATION_DATA(#396C9) - this may cause problems in AutoCAD
copy process ignored ACDB_BLOCKREPRESENTATION_DATA(#396E6) - this may cause problems in AutoCAD
copy process ignored ACDB_BLOCKREPRESENTATION_DATA(#396F0) - this may cause problems in AutoCAD
copy process ignored ACDB_BLOCKREPRESENTATION_DATA(#39709) - this may cause problems in AutoCAD
copy process ignored ACDB_BLOCKREPRESENTATION_DATA(#39721) - this may cause problems in AutoCAD
copy process ignored ACDB_BLOCKREPRESENTATION_DATA(#39739) - this may cause problems in AutoCAD
copy process ignored ACDB_BLOCKREPRESENTATION_DATA(#39743) - this may cause problems in AutoCAD
copy process ignored ACDB_BLOCKREPRESENTATION_DATA(#3975D) - this may cause problems in AutoCAD
copy process ignored ACDB_BLOCKREPRESENTATION_DATA(#39774) - this may cause problems in AutoCAD
copy process ignored ACDB_BLOCKREPRESENTATION_DATA(#3977C) - this may cause problems in AutoCAD
copy process ignored ACDB_BLOCKREPRESENTATION_DATA(#39786) - this may cause problems in AutoCAD
copy process ignored ACDB_BLOCKREPRESENTATION_DATA(#3978D) - this may cause problems in AutoCAD
copy process ignored ACDB_BLOCKREPRESENTATION_DATA(#41879) - this may cause problems in AutoCAD
copy process ignored ACDB_BLOCKREPRESENTATION_DATA(#4188A) - this may cause problems in AutoCAD
copy process ignored ACDB_BLOCKREPRESENTATION_DATA(#418C7) - this may cause problems in AutoCAD
copy process ignored ACDB_BLOCKREPRESENTATION_DATA(#418E7) - this may cause problems in AutoCAD
copy process ignored ACDB_BLOCKREPRESENTATION_DATA(#418F1) - this may cause problems in AutoCAD
copy process ignored ACDB_BLOCKREPRESENTATION_DATA(#3A5E9) - this may cause problems in AutoCAD
copy process ignored ACDB_BLOCKREPRESENTATION_DATA(#3A5FA) - this may cause problems in AutoCAD
copy process ignored ACDB_BLOCKREPRESENTATION_DATA(#3A637) - this may cause problems in AutoCAD
copy process ignored ACDB_BLOCKREPRESENTATION_DATA(#3A657) - this may cause problems in AutoCAD
copy process ignored ACDB_BLOCKREPRESENTATION_DATA(#3A661) - this may cause problems in AutoCAD
copy process ignored ACDB_BLOCKREPRESENTATION_DATA(#41213) - this may cause problems in AutoCAD
copy process ignored ACDB_BLOCKREPRESENTATION_DATA(#41224) - this may cause problems in AutoCAD
copy process ignored ACDB_BLOCKREPRESENTATION_DATA(#41261) - this may cause problems in AutoCAD
copy process ignored ACDB_BLOCKREPRESENTATION_DATA(#41281) - this may cause problems in AutoCAD
copy process ignored ACDB_BLOCKREPRESENTATION_DATA(#4128B) - this may cause problems in AutoCAD
copy process ignored ACDB_BLOCKREPRESENTATION_DATA(#42F78) - this may cause problems in AutoCAD
copy process ignored ACDB_BLOCKREPRESENTATION_DATA(#42F89) - this may cause problems in AutoCAD
copy process ignored ACDB_BLOCKREPRESENTATION_DATA(#42FC6) - this may cause problems in AutoCAD
copy process ignored ACDB_BLOCKREPRESENTATION_DATA(#42FE6) - this may cause problems in AutoCAD
copy process ignored ACDB_BLOCKREPRESENTATION_DATA(#42FF0) - this may cause problems in AutoCAD
copy process ignored ACDB_BLOCKREPRESENTATION_DATA(#42F78) - this may cause problems in AutoCAD
copy process ignored ACDB_BLOCKREPRESENTATION_DATA(#42F89) - this may cause problems in AutoCAD
copy process ignored ACDB_BLOCKREPRESENTATION_DATA(#42FC6) - this may cause problems in AutoCAD
copy process ignored ACDB_BLOCKREPRESENTATION_DATA(#42FE6) - this may cause problems in AutoCAD
copy process ignored ACDB_BLOCKREPRESENTATION_DATA(#42FF0) - this may cause problems in AutoCAD
copy process ignored ACDB_BLOCKREPRESENTATION_DATA(#3A77B) - this may cause problems in AutoCAD
copy process ignored ACDB_BLOCKREPRESENTATION_DATA(#3A78C) - this may cause problems in AutoCAD
copy process ignored ACDB_BLOCKREPRESENTATION_DATA(#3A7C9) - this may cause problems in AutoCAD
copy process ignored ACDB_BLOCKREPRESENTATION_DATA(#3A7E9) - this may cause problems in AutoCAD
copy process ignored ACDB_BLOCKREPRESENTATION_DATA(#3A7F3) - this may cause problems in AutoCAD
copy process ignored ACDB_BLOCKREPRESENTATION_DATA(#413A5) - this may cause problems in AutoCAD
copy process ignored ACDB_BLOCKREPRESENTATION_DATA(#413B6) - this may cause problems in AutoCAD
copy process ignored ACDB_BLOCKREPRESENTATION_DATA(#413F3) - this may cause problems in AutoCAD
copy process ignored ACDB_BLOCKREPRESENTATION_DATA(#41413) - this may cause problems in AutoCAD
copy process ignored ACDB_BLOCKREPRESENTATION_DATA(#4141D) - this may cause problems in AutoCAD
copy process ignored ACDB_BLOCKREPRESENTATION_DATA(#3AFFB) - this may cause problems in AutoCAD
copy process ignored ACDB_BLOCKREPRESENTATION_DATA(#3B05F) - this may cause problems in AutoCAD
copy process ignored ACDB_BLOCKREPRESENTATION_DATA(#3B143) - this may cause problems in AutoCAD
copy process ignored ACDB_BLOCKREPRESENTATION_DATA(#3B152) - this may cause problems in AutoCAD
copy process ignored ACDB_BLOCKREPRESENTATION_DATA(#3B173) - this may cause problems in AutoCAD
copy process ignored ACDB_BLOCKREPRESENTATION_DATA(#3B1B7) - this may cause problems in AutoCAD
copy process ignored ACDB_BLOCKREPRESENTATION_DATA(#3B55F) - this may cause problems in AutoCAD
copy process ignored ACDB_BLOCKREPRESENTATION_DATA(#3B591) - this may cause problems in AutoCAD
copy process ignored ACDB_BLOCKREPRESENTATION_DATA(#3B599) - this may cause problems in AutoCAD
copy process ignored ACDB_BLOCKREPRESENTATION_DATA(#3B5C0) - this may cause problems in AutoCAD
copy process ignored ACDB_BLOCKREPRESENTATION_DATA(#3B5F6) - this may cause problems in AutoCAD
copy process ignored ACDB_BLOCKREPRESENTATION_DATA(#3B613) - this may cause problems in AutoCAD
copy process ignored ACDB_BLOCKREPRESENTATION_DATA(#3B61D) - this may cause problems in AutoCAD
copy process ignored ACDB_BLOCKREPRESENTATION_DATA(#3B64E) - this may cause problems in AutoCAD
copy process ignored ACDB_BLOCKREPRESENTATION_DATA(#3B671) - this may cause problems in AutoCAD
copy process ignored ACDB_BLOCKREPRESENTATION_DATA(#3B68A) - this may cause problems in AutoCAD
copy process ignored ACDB_BLOCKREPRESENTATION_DATA(#3B6B7) - this may cause problems in AutoCAD
copy process ignored ACDB_BLOCKREPRESENTATION_DATA(#3B6D9) - this may cause problems in AutoCAD
copy process ignored ACDB_BLOCKREPRESENTATION_DATA(#3B71E) - this may cause problems in AutoCAD
copy process ignored ACDB_BLOCKREPRESENTATION_DATA(#3B76E) - this may cause problems in AutoCAD
copy process ignored ACDB_BLOCKREPRESENTATION_DATA(#3B7CC) - this may cause problems in AutoCAD
copy process ignored ACDB_BLOCKREPRESENTATION_DATA(#3B812) - this may cause problems in AutoCAD
copy process ignored ACDB_BLOCKREPRESENTATION_DATA(#3B81A) - this may cause problems in AutoCAD
copy process ignored ACDB_BLOCKREPRESENTATION_DATA(#3B878) - this may cause problems in AutoCAD
copy process ignored ACDB_BLOCKREPRESENTATION_DATA(#3B891) - this may cause problems in AutoCAD
copy process ignored ACDB_BLOCKREPRESENTATION_DATA(#3B8F8) - this may cause problems in AutoCAD
copy process ignored ACDB_BLOCKREPRESENTATION_DATA(#3B974) - this may cause problems in AutoCAD
copy process ignored ACDB_BLOCKREPRESENTATION_DATA(#3B6D9) - this may cause problems in AutoCAD
copy process ignored ACDB_BLOCKREPRESENTATION_DATA(#3B71E) - this may cause problems in AutoCAD
copy process ignored ACDB_BLOCKREPRESENTATION_DATA(#3B76E) - this may cause problems in AutoCAD
copy process ignored ACDB_BLOCKREPRESENTATION_DATA(#3B7CC) - this may cause problems in AutoCAD
copy process ignored ACDB_BLOCKREPRESENTATION_DATA(#3B812) - this may cause problems in AutoCAD
copy process ignored ACDB_BLOCKREPRESENTATION_DATA(#3B81A) - this may cause problems in AutoCAD
copy process ignored ACDB_BLOCKREPRESENTATION_DATA(#3B878) - this may cause problems in AutoCAD
copy process ignored ACDB_BLOCKREPRESENTATION_DATA(#3B891) - this may cause problems in AutoCAD
copy process ignored ACDB_BLOCKREPRESENTATION_DATA(#3B8F8) - this may cause problems in AutoCAD
copy process ignored ACDB_BLOCKREPRESENTATION_DATA(#3B974) - this may cause problems in AutoCAD
copy process ignored ACDB_BLOCKREPRESENTATION_DATA(#41487) - this may cause problems in AutoCAD
copy process ignored ACDB_BLOCKREPRESENTATION_DATA(#414A0) - this may cause problems in AutoCAD
copy process ignored ACDB_BLOCKREPRESENTATION_DATA(#414A8) - this may cause problems in AutoCAD
copy process ignored ACDB_BLOCKREPRESENTATION_DATA(#414CF) - this may cause problems in AutoCAD
copy process ignored ACDB_BLOCKREPRESENTATION_DATA(#414EC) - this may cause problems in AutoCAD
copy process ignored ACDB_BLOCKREPRESENTATION_DATA(#41509) - this may cause problems in AutoCAD
copy process ignored ACDB_BLOCKREPRESENTATION_DATA(#41513) - this may cause problems in AutoCAD
copy process ignored ACDB_BLOCKREPRESENTATION_DATA(#4152B) - this may cause problems in AutoCAD
copy process ignored ACDB_BLOCKREPRESENTATION_DATA(#41535) - this may cause problems in AutoCAD
copy process ignored ACDB_BLOCKREPRESENTATION_DATA(#4154E) - this may cause problems in AutoCAD
copy process ignored ACDB_BLOCKREPRESENTATION_DATA(#41568) - this may cause problems in AutoCAD
copy process ignored ACDB_BLOCKREPRESENTATION_DATA(#3BCBD) - this may cause problems in AutoCAD
copy process ignored ACDB_BLOCKREPRESENTATION_DATA(#3BCC4) - this may cause problems in AutoCAD
copy process ignored ACDB_BLOCKREPRESENTATION_DATA(#3BCDB) - this may cause problems in AutoCAD
copy process ignored ACDB_BLOCKREPRESENTATION_DATA(#3BD0D) - this may cause problems in AutoCAD
copy process ignored ACDB_BLOCKREPRESENTATION_DATA(#3BD2F) - this may cause problems in AutoCAD
copy process ignored ACDB_BLOCKREPRESENTATION_DATA(#3BD76) - this may cause problems in AutoCAD
copy process ignored ACDB_BLOCKREPRESENTATION_DATA(#3BDA7) - this may cause problems in AutoCAD
copy process ignored ACDB_BLOCKREPRESENTATION_DATA(#3BDC4) - this may cause problems in AutoCAD
copy process ignored ACDB_BLOCKREPRESENTATION_DATA(#3BDD7) - this may cause problems in AutoCAD
copy process ignored ACDB_BLOCKREPRESENTATION_DATA(#3BE18) - this may cause problems in AutoCAD
copy process ignored ACDB_BLOCKREPRESENTATION_DATA(#3BE2C) - this may cause problems in AutoCAD
copy process ignored ACDB_BLOCKREPRESENTATION_DATA(#3BE9C) - this may cause problems in AutoCAD
copy process ignored ACDB_BLOCKREPRESENTATION_DATA(#3BEA3) - this may cause problems in AutoCAD
copy process ignored ACDB_BLOCKREPRESENTATION_DATA(#3BEBA) - this may cause problems in AutoCAD
copy process ignored ACDB_BLOCKREPRESENTATION_DATA(#3BED3) - this may cause problems in AutoCAD
copy process ignored ACDB_BLOCKREPRESENTATION_DATA(#3BEE2) - this may cause problems in AutoCAD
copy process ignored ACDB_BLOCKREPRESENTATION_DATA(#3BF10) - this may cause problems in AutoCAD
copy process ignored ACDB_BLOCKREPRESENTATION_DATA(#3BF28) - this may cause problems in AutoCAD
copy process ignored ACDB_BLOCKREPRESENTATION_DATA(#3BF45) - this may cause problems in AutoCAD
copy process ignored ACDB_BLOCKREPRESENTATION_DATA(#3BF58) - this may cause problems in AutoCAD
copy process ignored ACDB_BLOCKREPRESENTATION_DATA(#3BF80) - this may cause problems in AutoCAD
copy process ignored ACDB_BLOCKREPRESENTATION_DATA(#3BF94) - this may cause problems in AutoCAD
copy process ignored ACDB_BLOCKREPRESENTATION_DATA(#3B55F) - this may cause problems in AutoCAD
copy process ignored ACDB_BLOCKREPRESENTATION_DATA(#3B591) - this may cause problems in AutoCAD
copy process ignored ACDB_BLOCKREPRESENTATION_DATA(#3B599) - this may cause problems in AutoCAD
copy process ignored ACDB_BLOCKREPRESENTATION_DATA(#3B5C0) - this may cause problems in AutoCAD
copy process ignored ACDB_BLOCKREPRESENTATION_DATA(#3B5F6) - this may cause problems in AutoCAD
copy process ignored ACDB_BLOCKREPRESENTATION_DATA(#3B613) - this may cause problems in AutoCAD
copy process ignored ACDB_BLOCKREPRESENTATION_DATA(#3B61D) - this may cause problems in AutoCAD
copy process ignored ACDB_BLOCKREPRESENTATION_DATA(#3B64E) - this may cause problems in AutoCAD
copy process ignored ACDB_BLOCKREPRESENTATION_DATA(#3B671) - this may cause problems in AutoCAD
copy process ignored ACDB_BLOCKREPRESENTATION_DATA(#3B68A) - this may cause problems in AutoCAD
copy process ignored ACDB_BLOCKREPRESENTATION_DATA(#3B6B7) - this may cause problems in AutoCAD
copy process ignored ACDB_BLOCKREPRESENTATION_DATA(#42F78) - this may cause problems in AutoCAD
copy process ignored ACDB_BLOCKREPRESENTATION_DATA(#42F89) - this may cause problems in AutoCAD
copy process ignored ACDB_BLOCKREPRESENTATION_DATA(#42FC6) - this may cause problems in AutoCAD
copy process ignored ACDB_BLOCKREPRESENTATION_DATA(#42FE6) - this may cause problems in AutoCAD
copy process ignored ACDB_BLOCKREPRESENTATION_DATA(#42FF0) - this may cause problems in AutoCAD
copy process ignored ACDB_BLOCKREPRESENTATION_DATA(#42F78) - this may cause problems in AutoCAD
copy process ignored ACDB_BLOCKREPRESENTATION_DATA(#42F89) - this may cause problems in AutoCAD
copy process ignored ACDB_BLOCKREPRESENTATION_DATA(#42FC6) - this may cause problems in AutoCAD
copy process ignored ACDB_BLOCKREPRESENTATION_DATA(#42FE6) - this may cause problems in AutoCAD
copy process ignored ACDB_BLOCKREPRESENTATION_DATA(#42FF0) - this may cause problems in AutoCAD
copy process ignored ACDB_BLOCKREPRESENTATION_DATA(#42F78) - this may cause problems in AutoCAD
copy process ignored ACDB_BLOCKREPRESENTATION_DATA(#42F89) - this may cause problems in AutoCAD
copy process ignored ACDB_BLOCKREPRESENTATION_DATA(#42FC6) - this may cause problems in AutoCAD
copy process ignored ACDB_BLOCKREPRESENTATION_DATA(#42FE6) - this may cause problems in AutoCAD
copy process ignored ACDB_BLOCKREPRESENTATION_DATA(#42FF0) - this may cause problems in AutoCAD
copy process ignored ACDB_BLOCKREPRESENTATION_DATA(#42F78) - this may cause problems in AutoCAD
copy process ignored ACDB_BLOCKREPRESENTATION_DATA(#42F89) - this may cause problems in AutoCAD
copy process ignored ACDB_BLOCKREPRESENTATION_DATA(#42FC6) - this may cause problems in AutoCAD
copy process ignored ACDB_BLOCKREPRESENTATION_DATA(#42FE6) - this may cause problems in AutoCAD
copy process ignored ACDB_BLOCKREPRESENTATION_DATA(#42FF0) - this may cause problems in AutoCAD
copy process ignored ACDB_BLOCKREPRESENTATION_DATA(#42F78) - this may cause problems in AutoCAD
copy process ignored ACDB_BLOCKREPRESENTATION_DATA(#42F89) - this may cause problems in AutoCAD
copy process ignored ACDB_BLOCKREPRESENTATION_DATA(#42FC6) - this may cause problems in AutoCAD
copy process ignored ACDB_BLOCKREPRESENTATION_DATA(#42FE6) - this may cause problems in AutoCAD
copy process ignored ACDB_BLOCKREPRESENTATION_DATA(#42FF0) - this may cause problems in AutoCAD
copy process ignored ACDB_BLOCKREPRESENTATION_DATA(#41C69) - this may cause problems in AutoCAD
copy process ignored ACDB_BLOCKREPRESENTATION_DATA(#41C73) - this may cause problems in AutoCAD
copy process ignored ACDB_BLOCKREPRESENTATION_DATA(#41CC1) - this may cause problems in AutoCAD
copy process ignored ACDB_BLOCKREPRESENTATION_DATA(#41CCC) - this may cause problems in AutoCAD
copy process ignored ACDB_BLOCKREPRESENTATION_DATA(#41CE9) - this may cause problems in AutoCAD
copy process ignored ACDB_BLOCKREPRESENTATION_DATA(#41CF3) - this may cause problems in AutoCAD
copy process ignored ACDB_BLOCKREPRESENTATION_DATA(#41D0C) - this may cause problems in AutoCAD
copy process ignored ACDB_BLOCKREPRESENTATION_DATA(#41D24) - this may cause problems in AutoCAD
copy process ignored ACDB_BLOCKREPRESENTATION_DATA(#41D3C) - this may cause problems in AutoCAD
copy process ignored ACDB_BLOCKREPRESENTATION_DATA(#41D46) - this may cause problems in AutoCAD
copy process ignored ACDB_BLOCKREPRESENTATION_DATA(#41D60) - this may cause problems in AutoCAD
copy process ignored ACDB_BLOCKREPRESENTATION_DATA(#41D77) - this may cause problems in AutoCAD
copy process ignored ACDB_BLOCKREPRESENTATION_DATA(#41D7F) - this may cause problems in AutoCAD
copy process ignored ACDB_BLOCKREPRESENTATION_DATA(#41D89) - this may cause problems in AutoCAD
copy process ignored ACDB_BLOCKREPRESENTATION_DATA(#41D90) - this may cause problems in AutoCAD
copy process ignored ACDB_BLOCKREPRESENTATION_DATA(#41DD2) - this may cause problems in AutoCAD
copy process ignored ACDB_BLOCKREPRESENTATION_DATA(#41DE3) - this may cause problems in AutoCAD
copy process ignored ACDB_BLOCKREPRESENTATION_DATA(#41E20) - this may cause problems in AutoCAD
copy process ignored ACDB_BLOCKREPRESENTATION_DATA(#41E40) - this may cause problems in AutoCAD
copy process ignored ACDB_BLOCKREPRESENTATION_DATA(#41E4A) - this may cause problems in AutoCAD
copy process ignored ACDB_BLOCKREPRESENTATION_DATA(#39B01) - this may cause problems in AutoCAD
copy process ignored ACDB_BLOCKREPRESENTATION_DATA(#39B27) - this may cause problems in AutoCAD
copy process ignored ACDB_BLOCKREPRESENTATION_DATA(#39B54) - this may cause problems in AutoCAD
copy process ignored ACDB_BLOCKREPRESENTATION_DATA(#39B71) - this may cause problems in AutoCAD
copy process ignored ACDB_BLOCKREPRESENTATION_DATA(#39B79) - this may cause problems in AutoCAD
copy process ignored ACDB_BLOCKREPRESENTATION_DATA(#39B81) - this may cause problems in AutoCAD
copy process ignored ACDB_BLOCKREPRESENTATION_DATA(#39B89) - this may cause problems in AutoCAD
copy process ignored ACDB_BLOCKREPRESENTATION_DATA(#39B91) - this may cause problems in AutoCAD
copy process ignored ACDB_BLOCKREPRESENTATION_DATA(#39B99) - this may cause problems in AutoCAD
copy process ignored ACDB_BLOCKREPRESENTATION_DATA(#39BA1) - this may cause problems in AutoCAD
copy process ignored ACDB_BLOCKREPRESENTATION_DATA(#39BB0) - this may cause problems in AutoCAD
copy process ignored ACDB_BLOCKREPRESENTATION_DATA(#39BB8) - this may cause problems in AutoCAD
copy process ignored ACDB_BLOCKREPRESENTATION_DATA(#39BC0) - this may cause problems in AutoCAD
copy process ignored ACDB_BLOCKREPRESENTATION_DATA(#39BC8) - this may cause problems in AutoCAD
copy process ignored ACDB_BLOCKREPRESENTATION_DATA(#39BD0) - this may cause problems in AutoCAD
copy process ignored ACDB_BLOCKREPRESENTATION_DATA(#39BD8) - this may cause problems in AutoCAD
copy process ignored ACDB_BLOCKREPRESENTATION_DATA(#39BE0) - this may cause problems in AutoCAD
copy process ignored ACDB_BLOCKREPRESENTATION_DATA(#39BE8) - this may cause problems in AutoCAD
copy process ignored ACDB_BLOCKREPRESENTATION_DATA(#39BF7) - this may cause problems in AutoCAD
copy process ignored ACDB_BLOCKREPRESENTATION_DATA(#39C06) - this may cause problems in AutoCAD
copy process ignored ACDB_BLOCKREPRESENTATION_DATA(#39C15) - this may cause problems in AutoCAD
copy process ignored ACDB_BLOCKREPRESENTATION_DATA(#39C24) - this may cause problems in AutoCAD
copy process ignored ACDB_BLOCKREPRESENTATION_DATA(#39C33) - this may cause problems in AutoCAD
copy process ignored ACDB_BLOCKREPRESENTATION_DATA(#39C3B) - this may cause problems in AutoCAD
copy process ignored ACDB_BLOCKREPRESENTATION_DATA(#39C43) - this may cause problems in AutoCAD
copy process ignored ACDB_BLOCKREPRESENTATION_DATA(#39C4E) - this may cause problems in AutoCAD
copy process ignored ACDB_BLOCKREPRESENTATION_DATA(#39C59) - this may cause problems in AutoCAD
copy process ignored ACDB_BLOCKREPRESENTATION_DATA(#39C64) - this may cause problems in AutoCAD
copy process ignored ACDB_BLOCKREPRESENTATION_DATA(#39C6F) - this may cause problems in AutoCAD
copy process ignored ACDB_BLOCKREPRESENTATION_DATA(#39C7A) - this may cause problems in AutoCAD
copy process ignored ACDB_BLOCKREPRESENTATION_DATA(#39C85) - this may cause problems in AutoCAD
copy process ignored ACDB_BLOCKREPRESENTATION_DATA(#39C90) - this may cause problems in AutoCAD
copy process ignored ACDB_BLOCKREPRESENTATION_DATA(#39C9B) - this may cause problems in AutoCAD
copy process ignored ACDB_BLOCKREPRESENTATION_DATA(#39CA6) - this may cause problems in AutoCAD
copy process ignored ACDB_BLOCKREPRESENTATION_DATA(#39CB1) - this may cause problems in AutoCAD
copy process ignored ACDB_BLOCKREPRESENTATION_DATA(#39CBC) - this may cause problems in AutoCAD
copy process ignored ACDB_BLOCKREPRESENTATION_DATA(#39CC7) - this may cause problems in AutoCAD
copy process ignored ACDB_BLOCKREPRESENTATION_DATA(#39CD2) - this may cause problems in AutoCAD
copy process ignored ACDB_BLOCKREPRESENTATION_DATA(#39CDD) - this may cause problems in AutoCAD
copy process ignored ACDB_BLOCKREPRESENTATION_DATA(#39CE8) - this may cause problems in AutoCAD
copy process ignored ACDB_BLOCKREPRESENTATION_DATA(#39CF3) - this may cause problems in AutoCAD
copy process ignored ACDB_BLOCKREPRESENTATION_DATA(#39CFE) - this may cause problems in AutoCAD
copy process ignored ACDB_BLOCKREPRESENTATION_DATA(#39D09) - this may cause problems in AutoCAD
copy process ignored ACDB_BLOCKREPRESENTATION_DATA(#39D14) - this may cause problems in AutoCAD
copy process ignored ACDB_BLOCKREPRESENTATION_DATA(#39D1F) - this may cause problems in AutoCAD
copy process ignored ACDB_BLOCKREPRESENTATION_DATA(#39D2A) - this may cause problems in AutoCAD
copy process ignored ACDB_BLOCKREPRESENTATION_DATA(#39D35) - this may cause problems in AutoCAD
copy process ignored ACDB_BLOCKREPRESENTATION_DATA(#39D40) - this may cause problems in AutoCAD
copy process ignored ACDB_BLOCKREPRESENTATION_DATA(#39D4B) - this may cause problems in AutoCAD
copy process ignored ACDB_BLOCKREPRESENTATION_DATA(#39D56) - this may cause problems in AutoCAD
copy process ignored ACDB_BLOCKREPRESENTATION_DATA(#39D61) - this may cause problems in AutoCAD
copy process ignored ACDB_BLOCKREPRESENTATION_DATA(#39D6C) - this may cause problems in AutoCAD
copy process ignored ACDB_BLOCKREPRESENTATION_DATA(#39D77) - this may cause problems in AutoCAD
copy process ignored ACDB_BLOCKREPRESENTATION_DATA(#39D82) - this may cause problems in AutoCAD
copy process ignored ACDB_BLOCKREPRESENTATION_DATA(#39D8D) - this may cause problems in AutoCAD
copy process ignored ACDB_BLOCKREPRESENTATION_DATA(#39D98) - this may cause problems in AutoCAD
copy process ignored ACDB_BLOCKREPRESENTATION_DATA(#39DA3) - this may cause problems in AutoCAD
copy process ignored ACDB_BLOCKREPRESENTATION_DATA(#39DAE) - this may cause problems in AutoCAD
copy process ignored ACDB_BLOCKREPRESENTATION_DATA(#39DB9) - this may cause problems in AutoCAD
copy process ignored ACDB_BLOCKREPRESENTATION_DATA(#39DC4) - this may cause problems in AutoCAD
copy process ignored ACDB_BLOCKREPRESENTATION_DATA(#39DCF) - this may cause problems in AutoCAD
copy process ignored ACDB_BLOCKREPRESENTATION_DATA(#39DDA) - this may cause problems in AutoCAD
copy process ignored ACDB_BLOCKREPRESENTATION_DATA(#39DE5) - this may cause problems in AutoCAD
copy process ignored ACDB_BLOCKREPRESENTATION_DATA(#39DF0) - this may cause problems in AutoCAD
copy process ignored ACDB_BLOCKREPRESENTATION_DATA(#39DFB) - this may cause problems in AutoCAD
copy process ignored ACDB_BLOCKREPRESENTATION_DATA(#39E06) - this may cause problems in AutoCAD
copy process ignored ACDB_BLOCKREPRESENTATION_DATA(#39E11) - this may cause problems in AutoCAD
copy process ignored ACDB_BLOCKREPRESENTATION_DATA(#39E1C) - this may cause problems in AutoCAD
copy process ignored ACDB_BLOCKREPRESENTATION_DATA(#39E27) - this may cause problems in AutoCAD
copy process ignored ACDB_BLOCKREPRESENTATION_DATA(#39E3A) - this may cause problems in AutoCAD
copy process ignored ACDB_BLOCKREPRESENTATION_DATA(#39E45) - this may cause problems in AutoCAD
copy process ignored ACDB_BLOCKREPRESENTATION_DATA(#39E50) - this may cause problems in AutoCAD
copy process ignored ACDB_BLOCKREPRESENTATION_DATA(#39E5B) - this may cause problems in AutoCAD
copy process ignored ACDB_BLOCKREPRESENTATION_DATA(#39E68) - this may cause problems in AutoCAD
copy process ignored ACDB_BLOCKREPRESENTATION_DATA(#39E73) - this may cause problems in AutoCAD
copy process ignored ACDB_BLOCKREPRESENTATION_DATA(#39E7E) - this may cause problems in AutoCAD
copy process ignored ACDB_BLOCKREPRESENTATION_DATA(#39E89) - this may cause problems in AutoCAD
copy process ignored ACDB_BLOCKREPRESENTATION_DATA(#39E94) - this may cause problems in AutoCAD
copy process ignored ACDB_BLOCKREPRESENTATION_DATA(#39EA3) - this may cause problems in AutoCAD
copy process ignored ACDB_BLOCKREPRESENTATION_DATA(#39EB2) - this may cause problems in AutoCAD
copy process ignored ACDB_BLOCKREPRESENTATION_DATA(#39EC1) - this may cause problems in AutoCAD
copy process ignored ACDB_BLOCKREPRESENTATION_DATA(#39ED0) - this may cause problems in AutoCAD
copy process ignored ACDB_BLOCKREPRESENTATION_DATA(#39EE2) - this may cause problems in AutoCAD
copy process ignored ACDB_BLOCKREPRESENTATION_DATA(#39EEA) - this may cause problems in AutoCAD
copy process ignored ACDB_BLOCKREPRESENTATION_DATA(#39EFC) - this may cause problems in AutoCAD
copy process ignored ACDB_BLOCKREPRESENTATION_DATA(#39F0E) - this may cause problems in AutoCAD
copy process ignored ACDB_BLOCKREPRESENTATION_DATA(#39F20) - this may cause problems in AutoCAD
copy process ignored ACDB_BLOCKREPRESENTATION_DATA(#39F28) - this may cause problems in AutoCAD
copy process ignored ACDB_BLOCKREPRESENTATION_DATA(#39F3A) - this may cause problems in AutoCAD
copy process ignored ACDB_BLOCKREPRESENTATION_DATA(#39F42) - this may cause problems in AutoCAD
copy process ignored ACDB_BLOCKREPRESENTATION_DATA(#39F54) - this may cause problems in AutoCAD
copy process ignored ACDB_BLOCKREPRESENTATION_DATA(#39F66) - this may cause problems in AutoCAD
copy process ignored ACDB_BLOCKREPRESENTATION_DATA(#39F6E) - this may cause problems in AutoCAD
copy process ignored ACDB_BLOCKREPRESENTATION_DATA(#39F76) - this may cause problems in AutoCAD
copy process ignored ACDB_BLOCKREPRESENTATION_DATA(#39F88) - this may cause problems in AutoCAD
copy process ignored ACDB_BLOCKREPRESENTATION_DATA(#39F9A) - this may cause problems in AutoCAD
copy process ignored ACDB_BLOCKREPRESENTATION_DATA(#39FA2) - this may cause problems in AutoCAD
copy process ignored ACDB_BLOCKREPRESENTATION_DATA(#39FB4) - this may cause problems in AutoCAD
copy process ignored ACDB_BLOCKREPRESENTATION_DATA(#39FBC) - this may cause problems in AutoCAD
copy process ignored ACDB_BLOCKREPRESENTATION_DATA(#39FCE) - this may cause problems in AutoCAD
copy process ignored ACDB_BLOCKREPRESENTATION_DATA(#39FE0) - this may cause problems in AutoCAD
copy process ignored ACDB_BLOCKREPRESENTATION_DATA(#39FF2) - this may cause problems in AutoCAD
copy process ignored ACDB_BLOCKREPRESENTATION_DATA(#3A004) - this may cause problems in AutoCAD
copy process ignored ACDB_BLOCKREPRESENTATION_DATA(#3A016) - this may cause problems in AutoCAD
copy process ignored ACDB_BLOCKREPRESENTATION_DATA(#3A028) - this may cause problems in AutoCAD
copy process ignored ACDB_BLOCKREPRESENTATION_DATA(#3A03A) - this may cause problems in AutoCAD
copy process ignored ACDB_BLOCKREPRESENTATION_DATA(#3A042) - this may cause problems in AutoCAD
copy process ignored ACDB_BLOCKREPRESENTATION_DATA(#3A054) - this may cause problems in AutoCAD
copy process ignored ACDB_BLOCKREPRESENTATION_DATA(#3A066) - this may cause problems in AutoCAD
copy process ignored ACDB_BLOCKREPRESENTATION_DATA(#3A06E) - this may cause problems in AutoCAD
copy process ignored ACDB_BLOCKREPRESENTATION_DATA(#3A080) - this may cause problems in AutoCAD
copy process ignored ACDB_BLOCKREPRESENTATION_DATA(#3A088) - this may cause problems in AutoCAD
copy process ignored ACDB_BLOCKREPRESENTATION_DATA(#3A090) - this may cause problems in AutoCAD
copy process ignored ACDB_BLOCKREPRESENTATION_DATA(#3A098) - this may cause problems in AutoCAD
copy process ignored ACDB_BLOCKREPRESENTATION_DATA(#3A0AA) - this may cause problems in AutoCAD
copy process ignored ACDB_BLOCKREPRESENTATION_DATA(#3A0BC) - this may cause problems in AutoCAD
copy process ignored ACDB_BLOCKREPRESENTATION_DATA(#3A0C7) - this may cause problems in AutoCAD
copy process ignored ACDB_BLOCKREPRESENTATION_DATA(#3A0D9) - this may cause problems in AutoCAD
copy process ignored ACDB_BLOCKREPRESENTATION_DATA(#3A0EB) - this may cause problems in AutoCAD
copy process ignored ACDB_BLOCKREPRESENTATION_DATA(#3A0FD) - this may cause problems in AutoCAD
copy process ignored ACDB_BLOCKREPRESENTATION_DATA(#3A10F) - this may cause problems in AutoCAD
copy process ignored ACDB_BLOCKREPRESENTATION_DATA(#3A117) - this may cause problems in AutoCAD
copy process ignored ACDB_BLOCKREPRESENTATION_DATA(#3A129) - this may cause problems in AutoCAD
copy process ignored ACDB_BLOCKREPRESENTATION_DATA(#3A13B) - this may cause problems in AutoCAD
copy process ignored ACDB_BLOCKREPRESENTATION_DATA(#3A14D) - this may cause problems in AutoCAD
copy process ignored ACDB_BLOCKREPRESENTATION_DATA(#3A15F) - this may cause problems in AutoCAD
copy process ignored ACDB_BLOCKREPRESENTATION_DATA(#3A171) - this may cause problems in AutoCAD
copy process ignored ACDB_BLOCKREPRESENTATION_DATA(#3A183) - this may cause problems in AutoCAD
copy process ignored ACDB_BLOCKREPRESENTATION_DATA(#3A195) - this may cause problems in AutoCAD
copy process ignored ACDB_BLOCKREPRESENTATION_DATA(#3A1A7) - this may cause problems in AutoCAD
copy process ignored ACDB_BLOCKREPRESENTATION_DATA(#3A1B9) - this may cause problems in AutoCAD
copy process ignored ACDB_BLOCKREPRESENTATION_DATA(#3A1CB) - this may cause problems in AutoCAD
copy process ignored ACDB_BLOCKREPRESENTATION_DATA(#3A1DD) - this may cause problems in AutoCAD
copy process ignored ACDB_BLOCKREPRESENTATION_DATA(#3A1EF) - this may cause problems in AutoCAD
copy process ignored ACDB_BLOCKREPRESENTATION_DATA(#3A289) - this may cause problems in AutoCAD
copy process ignored ACDB_BLOCKREPRESENTATION_DATA(#3A341) - this may cause problems in AutoCAD
copy process ignored ACDB_BLOCKREPRESENTATION_DATA(#3A378) - this may cause problems in AutoCAD
copy process ignored ACDB_BLOCKREPRESENTATION_DATA(#3A389) - this may cause problems in AutoCAD
copy process ignored ACDB_BLOCKREPRESENTATION_DATA(#3A3A4) - this may cause problems in AutoCAD
copy process ignored ACDB_BLOCKREPRESENTATION_DATA(#3A3C7) - this may cause problems in AutoCAD
copy process ignored ACDB_BLOCKREPRESENTATION_DATA(#3A481) - this may cause problems in AutoCAD
copy process ignored ACDB_BLOCKREPRESENTATION_DATA(#41E8C) - this may cause problems in AutoCAD
copy process ignored ACDB_BLOCKREPRESENTATION_DATA(#41E9D) - this may cause problems in AutoCAD
copy process ignored ACDB_BLOCKREPRESENTATION_DATA(#41EDA) - this may cause problems in AutoCAD
copy process ignored ACDB_BLOCKREPRESENTATION_DATA(#41EFA) - this may cause problems in AutoCAD
copy process ignored ACDB_BLOCKREPRESENTATION_DATA(#41F04) - this may cause problems in AutoCAD
copy process ignored ACDB_BLOCKREPRESENTATION_DATA(#41F45) - this may cause problems in AutoCAD
copy process ignored ACDB_BLOCKREPRESENTATION_DATA(#41F56) - this may cause problems in AutoCAD
copy process ignored ACDB_BLOCKREPRESENTATION_DATA(#41F93) - this may cause problems in AutoCAD
copy process ignored ACDB_BLOCKREPRESENTATION_DATA(#41FB3) - this may cause problems in AutoCAD
copy process ignored ACDB_BLOCKREPRESENTATION_DATA(#41FBD) - this may cause problems in AutoCAD
copy process ignored ACDB_BLOCKREPRESENTATION_DATA(#41FFE) - this may cause problems in AutoCAD
copy process ignored ACDB_BLOCKREPRESENTATION_DATA(#4200F) - this may cause problems in AutoCAD
copy process ignored ACDB_BLOCKREPRESENTATION_DATA(#4204C) - this may cause problems in AutoCAD
copy process ignored ACDB_BLOCKREPRESENTATION_DATA(#4206C) - this may cause problems in AutoCAD
copy process ignored ACDB_BLOCKREPRESENTATION_DATA(#42076) - this may cause problems in AutoCAD
copy process ignored ACDB_BLOCKREPRESENTATION_DATA(#420B7) - this may cause problems in AutoCAD
copy process ignored ACDB_BLOCKREPRESENTATION_DATA(#420C8) - this may cause problems in AutoCAD
copy process ignored ACDB_BLOCKREPRESENTATION_DATA(#42105) - this may cause problems in AutoCAD
copy process ignored ACDB_BLOCKREPRESENTATION_DATA(#42125) - this may cause problems in AutoCAD
copy process ignored ACDB_BLOCKREPRESENTATION_DATA(#4212F) - this may cause problems in AutoCAD
copy process ignored ACDB_BLOCKREPRESENTATION_DATA(#42170) - this may cause problems in AutoCAD
copy process ignored ACDB_BLOCKREPRESENTATION_DATA(#42181) - this may cause problems in AutoCAD
copy process ignored ACDB_BLOCKREPRESENTATION_DATA(#421BE) - this may cause problems in AutoCAD
copy process ignored ACDB_BLOCKREPRESENTATION_DATA(#421DE) - this may cause problems in AutoCAD
copy process ignored ACDB_BLOCKREPRESENTATION_DATA(#421E8) - this may cause problems in AutoCAD
copy process ignored ACDB_BLOCKREPRESENTATION_DATA(#42229) - this may cause problems in AutoCAD
copy process ignored ACDB_BLOCKREPRESENTATION_DATA(#4223A) - this may cause problems in AutoCAD
copy process ignored ACDB_BLOCKREPRESENTATION_DATA(#42277) - this may cause problems in AutoCAD
copy process ignored ACDB_BLOCKREPRESENTATION_DATA(#42297) - this may cause problems in AutoCAD
copy process ignored ACDB_BLOCKREPRESENTATION_DATA(#422A1) - this may cause problems in AutoCAD
copy process ignored ACDB_BLOCKREPRESENTATION_DATA(#422E2) - this may cause problems in AutoCAD
copy process ignored ACDB_BLOCKREPRESENTATION_DATA(#422F3) - this may cause problems in AutoCAD
copy process ignored ACDB_BLOCKREPRESENTATION_DATA(#42330) - this may cause problems in AutoCAD
copy process ignored ACDB_BLOCKREPRESENTATION_DATA(#42350) - this may cause problems in AutoCAD
copy process ignored ACDB_BLOCKREPRESENTATION_DATA(#4235A) - this may cause problems in AutoCAD
copy process ignored ACDB_BLOCKREPRESENTATION_DATA(#42F78) - this may cause problems in AutoCAD
copy process ignored ACDB_BLOCKREPRESENTATION_DATA(#42F89) - this may cause problems in AutoCAD
copy process ignored ACDB_BLOCKREPRESENTATION_DATA(#42FC6) - this may cause problems in AutoCAD
copy process ignored ACDB_BLOCKREPRESENTATION_DATA(#42FE6) - this may cause problems in AutoCAD
copy process ignored ACDB_BLOCKREPRESENTATION_DATA(#42FF0) - this may cause problems in AutoCAD
copy process ignored ACDB_BLOCKREPRESENTATION_DATA(#423AB) - this may cause problems in AutoCAD
copy process ignored ACDB_BLOCKREPRESENTATION_DATA(#423BC) - this may cause problems in AutoCAD
copy process ignored ACDB_BLOCKREPRESENTATION_DATA(#423F9) - this may cause problems in AutoCAD
copy process ignored ACDB_BLOCKREPRESENTATION_DATA(#42419) - this may cause problems in AutoCAD
copy process ignored ACDB_BLOCKREPRESENTATION_DATA(#42423) - this may cause problems in AutoCAD
copy process ignored ACDB_BLOCKREPRESENTATION_DATA(#42458) - this may cause problems in AutoCAD
copy process ignored ACDB_BLOCKREPRESENTATION_DATA(#4246E) - this may cause problems in AutoCAD
copy process ignored ACDB_BLOCKREPRESENTATION_DATA(#42487) - this may cause problems in AutoCAD
copy process ignored ACDB_BLOCKREPRESENTATION_DATA(#42496) - this may cause problems in AutoCAD
copy process ignored ACDB_BLOCKREPRESENTATION_DATA(#424B1) - this may cause problems in AutoCAD
copy process ignored ACDB_BLOCKREPRESENTATION_DATA(#424B8) - this may cause problems in AutoCAD
copy process ignored ACDB_BLOCKREPRESENTATION_DATA(#424D8) - this may cause problems in AutoCAD
copy process ignored ACDB_BLOCKREPRESENTATION_DATA(#424F0) - this may cause problems in AutoCAD
copy process ignored ACDB_BLOCKREPRESENTATION_DATA(#42509) - this may cause problems in AutoCAD
copy process ignored ACDB_BLOCKREPRESENTATION_DATA(#42524) - this may cause problems in AutoCAD
copy process ignored ACDB_BLOCKREPRESENTATION_DATA(#42541) - this may cause problems in AutoCAD
copy process ignored ACDB_BLOCKREPRESENTATION_DATA(#4254B) - this may cause problems in AutoCAD
copy process ignored ACDB_BLOCKREPRESENTATION_DATA(#4258C) - this may cause problems in AutoCAD
copy process ignored ACDB_BLOCKREPRESENTATION_DATA(#425A2) - this may cause problems in AutoCAD
copy process ignored ACDB_BLOCKREPRESENTATION_DATA(#425BB) - this may cause problems in AutoCAD
copy process ignored ACDB_BLOCKREPRESENTATION_DATA(#425CA) - this may cause problems in AutoCAD
copy process ignored ACDB_BLOCKREPRESENTATION_DATA(#425E5) - this may cause problems in AutoCAD
copy process ignored ACDB_BLOCKREPRESENTATION_DATA(#425EC) - this may cause problems in AutoCAD
copy process ignored ACDB_BLOCKREPRESENTATION_DATA(#4260C) - this may cause problems in AutoCAD
copy process ignored ACDB_BLOCKREPRESENTATION_DATA(#42624) - this may cause problems in AutoCAD
copy process ignored ACDB_BLOCKREPRESENTATION_DATA(#4263D) - this may cause problems in AutoCAD
copy process ignored ACDB_BLOCKREPRESENTATION_DATA(#42658) - this may cause problems in AutoCAD
copy process ignored ACDB_BLOCKREPRESENTATION_DATA(#42675) - this may cause problems in AutoCAD
copy process ignored ACDB_BLOCKREPRESENTATION_DATA(#4267F) - this may cause problems in AutoCAD
copy process ignored ACDB_BLOCKREPRESENTATION_DATA(#413A5) - this may cause problems in AutoCAD
copy process ignored ACDB_BLOCKREPRESENTATION_DATA(#413B6) - this may cause problems in AutoCAD
copy process ignored ACDB_BLOCKREPRESENTATION_DATA(#413F3) - this may cause problems in AutoCAD
copy process ignored ACDB_BLOCKREPRESENTATION_DATA(#41413) - this may cause problems in AutoCAD
copy process ignored ACDB_BLOCKREPRESENTATION_DATA(#4141D) - this may cause problems in AutoCAD
copy process ignored ACDB_BLOCKREPRESENTATION_DATA(#3AFFB) - this may cause problems in AutoCAD
copy process ignored ACDB_BLOCKREPRESENTATION_DATA(#3B05F) - this may cause problems in AutoCAD
copy process ignored ACDB_BLOCKREPRESENTATION_DATA(#3B143) - this may cause problems in AutoCAD
copy process ignored ACDB_BLOCKREPRESENTATION_DATA(#3B152) - this may cause problems in AutoCAD
copy process ignored ACDB_BLOCKREPRESENTATION_DATA(#3B173) - this may cause problems in AutoCAD
copy process ignored ACDB_BLOCKREPRESENTATION_DATA(#3B1B7) - this may cause problems in AutoCAD
copy process ignored ACDB_BLOCKREPRESENTATION_DATA(#426F4) - this may cause problems in AutoCAD
copy process ignored ACDB_BLOCKREPRESENTATION_DATA(#4270D) - this may cause problems in AutoCAD
copy process ignored ACDB_BLOCKREPRESENTATION_DATA(#42715) - this may cause problems in AutoCAD
copy process ignored ACDB_BLOCKREPRESENTATION_DATA(#4273C) - this may cause problems in AutoCAD
copy process ignored ACDB_BLOCKREPRESENTATION_DATA(#42759) - this may cause problems in AutoCAD
copy process ignored ACDB_BLOCKREPRESENTATION_DATA(#42776) - this may cause problems in AutoCAD
copy process ignored ACDB_BLOCKREPRESENTATION_DATA(#42780) - this may cause problems in AutoCAD
copy process ignored ACDB_BLOCKREPRESENTATION_DATA(#42798) - this may cause problems in AutoCAD
copy process ignored ACDB_BLOCKREPRESENTATION_DATA(#427A2) - this may cause problems in AutoCAD
copy process ignored ACDB_BLOCKREPRESENTATION_DATA(#427BB) - this may cause problems in AutoCAD
copy process ignored ACDB_BLOCKREPRESENTATION_DATA(#427D5) - this may cause problems in AutoCAD
copy process ignored ACDB_BLOCKREPRESENTATION_DATA(#427F4) - this may cause problems in AutoCAD
copy process ignored ACDB_BLOCKREPRESENTATION_DATA(#42817) - this may cause problems in AutoCAD
copy process ignored ACDB_BLOCKREPRESENTATION_DATA(#42842) - this may cause problems in AutoCAD
copy process ignored ACDB_BLOCKREPRESENTATION_DATA(#42893) - this may cause problems in AutoCAD
copy process ignored ACDB_BLOCKREPRESENTATION_DATA(#428A9) - this may cause problems in AutoCAD
copy process ignored ACDB_BLOCKREPRESENTATION_DATA(#428B1) - this may cause problems in AutoCAD
copy process ignored ACDB_BLOCKREPRESENTATION_DATA(#428F8) - this may cause problems in AutoCAD
copy process ignored ACDB_BLOCKREPRESENTATION_DATA(#42911) - this may cause problems in AutoCAD
copy process ignored ACDB_BLOCKREPRESENTATION_DATA(#42965) - this may cause problems in AutoCAD
copy process ignored ACDB_BLOCKREPRESENTATION_DATA(#429E1) - this may cause problems in AutoCAD
copy process ignored ACDB_BLOCKREPRESENTATION_DATA(#42A11) - this may cause problems in AutoCAD
copy process ignored ACDB_BLOCKREPRESENTATION_DATA(#42A1F) - this may cause problems in AutoCAD
copy process ignored ACDB_BLOCKREPRESENTATION_DATA(#42A29) - this may cause problems in AutoCAD
copy process ignored ACDB_BLOCKREPRESENTATION_DATA(#42A61) - this may cause problems in AutoCAD
copy process ignored ACDB_BLOCKREPRESENTATION_DATA(#42A69) - this may cause problems in AutoCAD
copy process ignored ACDB_BLOCKREPRESENTATION_DATA(#42A71) - this may cause problems in AutoCAD
copy process ignored ACDB_BLOCKREPRESENTATION_DATA(#42A9F) - this may cause problems in AutoCAD
copy process ignored ACDB_BLOCKREPRESENTATION_DATA(#42AAD) - this may cause problems in AutoCAD
copy process ignored ACDB_BLOCKREPRESENTATION_DATA(#42AE8) - this may cause problems in AutoCAD
copy process ignored ACDB_BLOCKREPRESENTATION_DATA(#42B51) - this may cause problems in AutoCAD
copy process ignored ACDB_BLOCKREPRESENTATION_DATA(#42B92) - this may cause problems in AutoCAD
copy process ignored ACDB_BLOCKREPRESENTATION_DATA(#42BAB) - this may cause problems in AutoCAD
copy process ignored ACDB_BLOCKREPRESENTATION_DATA(#42BB3) - this may cause problems in AutoCAD
copy process ignored ACDB_BLOCKREPRESENTATION_DATA(#42BDA) - this may cause problems in AutoCAD
copy process ignored ACDB_BLOCKREPRESENTATION_DATA(#42BF7) - this may cause problems in AutoCAD
copy process ignored ACDB_BLOCKREPRESENTATION_DATA(#42C14) - this may cause problems in AutoCAD
copy process ignored ACDB_BLOCKREPRESENTATION_DATA(#42C1E) - this may cause problems in AutoCAD
copy process ignored ACDB_BLOCKREPRESENTATION_DATA(#42C36) - this may cause problems in AutoCAD
copy process ignored ACDB_BLOCKREPRESENTATION_DATA(#42C40) - this may cause problems in AutoCAD
copy process ignored ACDB_BLOCKREPRESENTATION_DATA(#42C59) - this may cause problems in AutoCAD
copy process ignored ACDB_BLOCKREPRESENTATION_DATA(#42C73) - this may cause problems in AutoCAD
copy process ignored ACDB_BLOCKREPRESENTATION_DATA(#3BCBD) - this may cause problems in AutoCAD
copy process ignored ACDB_BLOCKREPRESENTATION_DATA(#3BCC4) - this may cause problems in AutoCAD
copy process ignored ACDB_BLOCKREPRESENTATION_DATA(#3BCDB) - this may cause problems in AutoCAD
copy process ignored ACDB_BLOCKREPRESENTATION_DATA(#3BD0D) - this may cause problems in AutoCAD
copy process ignored ACDB_BLOCKREPRESENTATION_DATA(#3BD2F) - this may cause problems in AutoCAD
copy process ignored ACDB_BLOCKREPRESENTATION_DATA(#3BD76) - this may cause problems in AutoCAD
copy process ignored ACDB_BLOCKREPRESENTATION_DATA(#3BDA7) - this may cause problems in AutoCAD
copy process ignored ACDB_BLOCKREPRESENTATION_DATA(#3BDC4) - this may cause problems in AutoCAD
copy process ignored ACDB_BLOCKREPRESENTATION_DATA(#3BDD7) - this may cause problems in AutoCAD
copy process ignored ACDB_BLOCKREPRESENTATION_DATA(#3BE18) - this may cause problems in AutoCAD
copy process ignored ACDB_BLOCKREPRESENTATION_DATA(#3BE2C) - this may cause problems in AutoCAD
copy process ignored ACDB_BLOCKREPRESENTATION_DATA(#3BE9C) - this may cause problems in AutoCAD
copy process ignored ACDB_BLOCKREPRESENTATION_DATA(#3BEA3) - this may cause problems in AutoCAD
copy process ignored ACDB_BLOCKREPRESENTATION_DATA(#3BEBA) - this may cause problems in AutoCAD
copy process ignored ACDB_BLOCKREPRESENTATION_DATA(#3BED3) - this may cause problems in AutoCAD
copy process ignored ACDB_BLOCKREPRESENTATION_DATA(#3BEE2) - this may cause problems in AutoCAD
copy process ignored ACDB_BLOCKREPRESENTATION_DATA(#3BF10) - this may cause problems in AutoCAD
copy process ignored ACDB_BLOCKREPRESENTATION_DATA(#3BF28) - this may cause problems in AutoCAD
copy process ignored ACDB_BLOCKREPRESENTATION_DATA(#3BF45) - this may cause problems in AutoCAD
copy process ignored ACDB_BLOCKREPRESENTATION_DATA(#3BF58) - this may cause problems in AutoCAD
copy process ignored ACDB_BLOCKREPRESENTATION_DATA(#3BF80) - this may cause problems in AutoCAD
copy process ignored ACDB_BLOCKREPRESENTATION_DATA(#3BF94) - this may cause problems in AutoCAD
copy process ignored ACDB_BLOCKREPRESENTATION_DATA(#42CAC) - this may cause problems in AutoCAD
copy process ignored ACDB_BLOCKREPRESENTATION_DATA(#42CD0) - this may cause problems in AutoCAD
copy process ignored ACDB_BLOCKREPRESENTATION_DATA(#42CF2) - this may cause problems in AutoCAD
copy process ignored ACDB_BLOCKREPRESENTATION_DATA(#42D2E) - this may cause problems in AutoCAD
copy process ignored ACDB_BLOCKREPRESENTATION_DATA(#42D67) - this may cause problems in AutoCAD
copy process ignored ACDB_BLOCKREPRESENTATION_DATA(#42D71) - this may cause problems in AutoCAD
copy process ignored ACDB_BLOCKREPRESENTATION_DATA(#42DB1) - this may cause problems in AutoCAD
copy process ignored ACDB_BLOCKREPRESENTATION_DATA(#42DCA) - this may cause problems in AutoCAD
copy process ignored ACDB_BLOCKREPRESENTATION_DATA(#42DD2) - this may cause problems in AutoCAD
copy process ignored ACDB_BLOCKREPRESENTATION_DATA(#42DF9) - this may cause problems in AutoCAD
copy process ignored ACDB_BLOCKREPRESENTATION_DATA(#42E16) - this may cause problems in AutoCAD
copy process ignored ACDB_BLOCKREPRESENTATION_DATA(#42E33) - this may cause problems in AutoCAD
copy process ignored ACDB_BLOCKREPRESENTATION_DATA(#42E3D) - this may cause problems in AutoCAD
copy process ignored ACDB_BLOCKREPRESENTATION_DATA(#42E55) - this may cause problems in AutoCAD
copy process ignored ACDB_BLOCKREPRESENTATION_DATA(#42E5F) - this may cause problems in AutoCAD
copy process ignored ACDB_BLOCKREPRESENTATION_DATA(#42E78) - this may cause problems in AutoCAD
copy process ignored ACDB_BLOCKREPRESENTATION_DATA(#42E92) - this may cause problems in AutoCAD
copy process ignored ACDB_BLOCKREPRESENTATION_DATA(#42EBF) - this may cause problems in AutoCAD
copy process ignored ACDB_BLOCKREPRESENTATION_DATA(#42ED0) - this may cause problems in AutoCAD
copy process ignored ACDB_BLOCKREPRESENTATION_DATA(#42F0D) - this may cause problems in AutoCAD
copy process ignored ACDB_BLOCKREPRESENTATION_DATA(#42F2D) - this may cause problems in AutoCAD
copy process ignored ACDB_BLOCKREPRESENTATION_DATA(#42F37) - this may cause problems in AutoCAD
copy process ignored ACDB_BLOCKREPRESENTATION_DATA(#42F78) - this may cause problems in AutoCAD
copy process ignored ACDB_BLOCKREPRESENTATION_DATA(#42F89) - this may cause problems in AutoCAD
copy process ignored ACDB_BLOCKREPRESENTATION_DATA(#42FC6) - this may cause problems in AutoCAD
copy process ignored ACDB_BLOCKREPRESENTATION_DATA(#42FE6) - this may cause problems in AutoCAD
copy process ignored ACDB_BLOCKREPRESENTATION_DATA(#42FF0) - this may cause problems in AutoCAD
copy process ignored ACDB_BLOCKREPRESENTATION_DATA(#39B01) - this may cause problems in AutoCAD
copy process ignored ACDB_BLOCKREPRESENTATION_DATA(#39B27) - this may cause problems in AutoCAD
copy process ignored ACDB_BLOCKREPRESENTATION_DATA(#39B54) - this may cause problems in AutoCAD
copy process ignored ACDB_BLOCKREPRESENTATION_DATA(#39B71) - this may cause problems in AutoCAD
copy process ignored ACDB_BLOCKREPRESENTATION_DATA(#39B79) - this may cause problems in AutoCAD
copy process ignored ACDB_BLOCKREPRESENTATION_DATA(#39B81) - this may cause problems in AutoCAD
copy process ignored ACDB_BLOCKREPRESENTATION_DATA(#39B89) - this may cause problems in AutoCAD
copy process ignored ACDB_BLOCKREPRESENTATION_DATA(#39B91) - this may cause problems in AutoCAD
copy process ignored ACDB_BLOCKREPRESENTATION_DATA(#39B99) - this may cause problems in AutoCAD
copy process ignored ACDB_BLOCKREPRESENTATION_DATA(#39BA1) - this may cause problems in AutoCAD
copy process ignored ACDB_BLOCKREPRESENTATION_DATA(#39BB0) - this may cause problems in AutoCAD
copy process ignored ACDB_BLOCKREPRESENTATION_DATA(#39BB8) - this may cause problems in AutoCAD
copy process ignored ACDB_BLOCKREPRESENTATION_DATA(#39BC0) - this may cause problems in AutoCAD
copy process ignored ACDB_BLOCKREPRESENTATION_DATA(#39BC8) - this may cause problems in AutoCAD
copy process ignored ACDB_BLOCKREPRESENTATION_DATA(#39BD0) - this may cause problems in AutoCAD
copy process ignored ACDB_BLOCKREPRESENTATION_DATA(#39BD8) - this may cause problems in AutoCAD
copy process ignored ACDB_BLOCKREPRESENTATION_DATA(#39BE0) - this may cause problems in AutoCAD
copy process ignored ACDB_BLOCKREPRESENTATION_DATA(#39BE8) - this may cause problems in AutoCAD
copy process ignored ACDB_BLOCKREPRESENTATION_DATA(#39BF7) - this may cause problems in AutoCAD
copy process ignored ACDB_BLOCKREPRESENTATION_DATA(#39C06) - this may cause problems in AutoCAD
copy process ignored ACDB_BLOCKREPRESENTATION_DATA(#39C15) - this may cause problems in AutoCAD
copy process ignored ACDB_BLOCKREPRESENTATION_DATA(#39C24) - this may cause problems in AutoCAD
copy process ignored ACDB_BLOCKREPRESENTATION_DATA(#39C33) - this may cause problems in AutoCAD
copy process ignored ACDB_BLOCKREPRESENTATION_DATA(#39C3B) - this may cause problems in AutoCAD
copy process ignored ACDB_BLOCKREPRESENTATION_DATA(#39C43) - this may cause problems in AutoCAD
copy process ignored ACDB_BLOCKREPRESENTATION_DATA(#39C4E) - this may cause problems in AutoCAD
copy process ignored ACDB_BLOCKREPRESENTATION_DATA(#39C59) - this may cause problems in AutoCAD
copy process ignored ACDB_BLOCKREPRESENTATION_DATA(#39C64) - this may cause problems in AutoCAD
copy process ignored ACDB_BLOCKREPRESENTATION_DATA(#39C6F) - this may cause problems in AutoCAD
copy process ignored ACDB_BLOCKREPRESENTATION_DATA(#39C7A) - this may cause problems in AutoCAD
copy process ignored ACDB_BLOCKREPRESENTATION_DATA(#39C85) - this may cause problems in AutoCAD
copy process ignored ACDB_BLOCKREPRESENTATION_DATA(#39C90) - this may cause problems in AutoCAD
copy process ignored ACDB_BLOCKREPRESENTATION_DATA(#39C9B) - this may cause problems in AutoCAD
copy process ignored ACDB_BLOCKREPRESENTATION_DATA(#39CA6) - this may cause problems in AutoCAD
copy process ignored ACDB_BLOCKREPRESENTATION_DATA(#39CB1) - this may cause problems in AutoCAD
copy process ignored ACDB_BLOCKREPRESENTATION_DATA(#39CBC) - this may cause problems in AutoCAD
copy process ignored ACDB_BLOCKREPRESENTATION_DATA(#39CC7) - this may cause problems in AutoCAD
copy process ignored ACDB_BLOCKREPRESENTATION_DATA(#39CD2) - this may cause problems in AutoCAD
copy process ignored ACDB_BLOCKREPRESENTATION_DATA(#39CDD) - this may cause problems in AutoCAD
copy process ignored ACDB_BLOCKREPRESENTATION_DATA(#39CE8) - this may cause problems in AutoCAD
copy process ignored ACDB_BLOCKREPRESENTATION_DATA(#39CF3) - this may cause problems in AutoCAD
copy process ignored ACDB_BLOCKREPRESENTATION_DATA(#39CFE) - this may cause problems in AutoCAD
copy process ignored ACDB_BLOCKREPRESENTATION_DATA(#39D09) - this may cause problems in AutoCAD
copy process ignored ACDB_BLOCKREPRESENTATION_DATA(#39D14) - this may cause problems in AutoCAD
copy process ignored ACDB_BLOCKREPRESENTATION_DATA(#39D1F) - this may cause problems in AutoCAD
copy process ignored ACDB_BLOCKREPRESENTATION_DATA(#39D2A) - this may cause problems in AutoCAD
copy process ignored ACDB_BLOCKREPRESENTATION_DATA(#39D35) - this may cause problems in AutoCAD
copy process ignored ACDB_BLOCKREPRESENTATION_DATA(#39D40) - this may cause problems in AutoCAD
copy process ignored ACDB_BLOCKREPRESENTATION_DATA(#39D4B) - this may cause problems in AutoCAD
copy process ignored ACDB_BLOCKREPRESENTATION_DATA(#39D56) - this may cause problems in AutoCAD
copy process ignored ACDB_BLOCKREPRESENTATION_DATA(#39D61) - this may cause problems in AutoCAD
copy process ignored ACDB_BLOCKREPRESENTATION_DATA(#39D6C) - this may cause problems in AutoCAD
copy process ignored ACDB_BLOCKREPRESENTATION_DATA(#39D77) - this may cause problems in AutoCAD
copy process ignored ACDB_BLOCKREPRESENTATION_DATA(#39D82) - this may cause problems in AutoCAD
copy process ignored ACDB_BLOCKREPRESENTATION_DATA(#39D8D) - this may cause problems in AutoCAD
copy process ignored ACDB_BLOCKREPRESENTATION_DATA(#39D98) - this may cause problems in AutoCAD
copy process ignored ACDB_BLOCKREPRESENTATION_DATA(#39DA3) - this may cause problems in AutoCAD
copy process ignored ACDB_BLOCKREPRESENTATION_DATA(#39DAE) - this may cause problems in AutoCAD
copy process ignored ACDB_BLOCKREPRESENTATION_DATA(#39DB9) - this may cause problems in AutoCAD
copy process ignored ACDB_BLOCKREPRESENTATION_DATA(#39DC4) - this may cause problems in AutoCAD
copy process ignored ACDB_BLOCKREPRESENTATION_DATA(#39DCF) - this may cause problems in AutoCAD
copy process ignored ACDB_BLOCKREPRESENTATION_DATA(#39DDA) - this may cause problems in AutoCAD
copy process ignored ACDB_BLOCKREPRESENTATION_DATA(#39DE5) - this may cause problems in AutoCAD
copy process ignored ACDB_BLOCKREPRESENTATION_DATA(#39DF0) - this may cause problems in AutoCAD
copy process ignored ACDB_BLOCKREPRESENTATION_DATA(#39DFB) - this may cause problems in AutoCAD
copy process ignored ACDB_BLOCKREPRESENTATION_DATA(#39E06) - this may cause problems in AutoCAD
copy process ignored ACDB_BLOCKREPRESENTATION_DATA(#39E11) - this may cause problems in AutoCAD
copy process ignored ACDB_BLOCKREPRESENTATION_DATA(#39E1C) - this may cause problems in AutoCAD
copy process ignored ACDB_BLOCKREPRESENTATION_DATA(#39E27) - this may cause problems in AutoCAD
copy process ignored ACDB_BLOCKREPRESENTATION_DATA(#39E3A) - this may cause problems in AutoCAD
copy process ignored ACDB_BLOCKREPRESENTATION_DATA(#39E45) - this may cause problems in AutoCAD
copy process ignored ACDB_BLOCKREPRESENTATION_DATA(#39E50) - this may cause problems in AutoCAD
copy process ignored ACDB_BLOCKREPRESENTATION_DATA(#39E5B) - this may cause problems in AutoCAD
copy process ignored ACDB_BLOCKREPRESENTATION_DATA(#39E68) - this may cause problems in AutoCAD
copy process ignored ACDB_BLOCKREPRESENTATION_DATA(#39E73) - this may cause problems in AutoCAD
copy process ignored ACDB_BLOCKREPRESENTATION_DATA(#39E7E) - this may cause problems in AutoCAD
copy process ignored ACDB_BLOCKREPRESENTATION_DATA(#39E89) - this may cause problems in AutoCAD
copy process ignored ACDB_BLOCKREPRESENTATION_DATA(#39E94) - this may cause problems in AutoCAD
copy process ignored ACDB_BLOCKREPRESENTATION_DATA(#39EA3) - this may cause problems in AutoCAD
copy process ignored ACDB_BLOCKREPRESENTATION_DATA(#39EB2) - this may cause problems in AutoCAD
copy process ignored ACDB_BLOCKREPRESENTATION_DATA(#39EC1) - this may cause problems in AutoCAD
copy process ignored ACDB_BLOCKREPRESENTATION_DATA(#39ED0) - this may cause problems in AutoCAD
copy process ignored ACDB_BLOCKREPRESENTATION_DATA(#39EE2) - this may cause problems in AutoCAD
copy process ignored ACDB_BLOCKREPRESENTATION_DATA(#39EEA) - this may cause problems in AutoCAD
copy process ignored ACDB_BLOCKREPRESENTATION_DATA(#39EFC) - this may cause problems in AutoCAD
copy process ignored ACDB_BLOCKREPRESENTATION_DATA(#39F0E) - this may cause problems in AutoCAD
copy process ignored ACDB_BLOCKREPRESENTATION_DATA(#39F20) - this may cause problems in AutoCAD
copy process ignored ACDB_BLOCKREPRESENTATION_DATA(#39F28) - this may cause problems in AutoCAD
copy process ignored ACDB_BLOCKREPRESENTATION_DATA(#39F3A) - this may cause problems in AutoCAD
copy process ignored ACDB_BLOCKREPRESENTATION_DATA(#39F42) - this may cause problems in AutoCAD
copy process ignored ACDB_BLOCKREPRESENTATION_DATA(#39F54) - this may cause problems in AutoCAD
copy process ignored ACDB_BLOCKREPRESENTATION_DATA(#39F66) - this may cause problems in AutoCAD
copy process ignored ACDB_BLOCKREPRESENTATION_DATA(#39F6E) - this may cause problems in AutoCAD
copy process ignored ACDB_BLOCKREPRESENTATION_DATA(#39F76) - this may cause problems in AutoCAD
copy process ignored ACDB_BLOCKREPRESENTATION_DATA(#39F88) - this may cause problems in AutoCAD
copy process ignored ACDB_BLOCKREPRESENTATION_DATA(#39F9A) - this may cause problems in AutoCAD
copy process ignored ACDB_BLOCKREPRESENTATION_DATA(#39FA2) - this may cause problems in AutoCAD
copy process ignored ACDB_BLOCKREPRESENTATION_DATA(#39FB4) - this may cause problems in AutoCAD
copy process ignored ACDB_BLOCKREPRESENTATION_DATA(#39FBC) - this may cause problems in AutoCAD
copy process ignored ACDB_BLOCKREPRESENTATION_DATA(#39FCE) - this may cause problems in AutoCAD
copy process ignored ACDB_BLOCKREPRESENTATION_DATA(#39FE0) - this may cause problems in AutoCAD
copy process ignored ACDB_BLOCKREPRESENTATION_DATA(#39FF2) - this may cause problems in AutoCAD
copy process ignored ACDB_BLOCKREPRESENTATION_DATA(#3A004) - this may cause problems in AutoCAD
copy process ignored ACDB_BLOCKREPRESENTATION_DATA(#3A016) - this may cause problems in AutoCAD
copy process ignored ACDB_BLOCKREPRESENTATION_DATA(#3A028) - this may cause problems in AutoCAD
copy process ignored ACDB_BLOCKREPRESENTATION_DATA(#3A03A) - this may cause problems in AutoCAD
copy process ignored ACDB_BLOCKREPRESENTATION_DATA(#3A042) - this may cause problems in AutoCAD
copy process ignored ACDB_BLOCKREPRESENTATION_DATA(#3A054) - this may cause problems in AutoCAD
copy process ignored ACDB_BLOCKREPRESENTATION_DATA(#3A066) - this may cause problems in AutoCAD
copy process ignored ACDB_BLOCKREPRESENTATION_DATA(#3A06E) - this may cause problems in AutoCAD
copy process ignored ACDB_BLOCKREPRESENTATION_DATA(#3A080) - this may cause problems in AutoCAD
copy process ignored ACDB_BLOCKREPRESENTATION_DATA(#3A088) - this may cause problems in AutoCAD
copy process ignored ACDB_BLOCKREPRESENTATION_DATA(#3A090) - this may cause problems in AutoCAD
copy process ignored ACDB_BLOCKREPRESENTATION_DATA(#3A098) - this may cause problems in AutoCAD
copy process ignored ACDB_BLOCKREPRESENTATION_DATA(#3A0AA) - this may cause problems in AutoCAD
copy process ignored ACDB_BLOCKREPRESENTATION_DATA(#3A0BC) - this may cause problems in AutoCAD
copy process ignored ACDB_BLOCKREPRESENTATION_DATA(#3A0C7) - this may cause problems in AutoCAD
copy process ignored ACDB_BLOCKREPRESENTATION_DATA(#3A0D9) - this may cause problems in AutoCAD
copy process ignored ACDB_BLOCKREPRESENTATION_DATA(#3A0EB) - this may cause problems in AutoCAD
copy process ignored ACDB_BLOCKREPRESENTATION_DATA(#3A0FD) - this may cause problems in AutoCAD
copy process ignored ACDB_BLOCKREPRESENTATION_DATA(#3A10F) - this may cause problems in AutoCAD
copy process ignored ACDB_BLOCKREPRESENTATION_DATA(#3A117) - this may cause problems in AutoCAD
copy process ignored ACDB_BLOCKREPRESENTATION_DATA(#3A129) - this may cause problems in AutoCAD
copy process ignored ACDB_BLOCKREPRESENTATION_DATA(#3A13B) - this may cause problems in AutoCAD
copy process ignored ACDB_BLOCKREPRESENTATION_DATA(#3A14D) - this may cause problems in AutoCAD
copy process ignored ACDB_BLOCKREPRESENTATION_DATA(#3A15F) - this may cause problems in AutoCAD
copy process ignored ACDB_BLOCKREPRESENTATION_DATA(#3A171) - this may cause problems in AutoCAD
copy process ignored ACDB_BLOCKREPRESENTATION_DATA(#3A183) - this may cause problems in AutoCAD
copy process ignored ACDB_BLOCKREPRESENTATION_DATA(#3A195) - this may cause problems in AutoCAD
copy process ignored ACDB_BLOCKREPRESENTATION_DATA(#3A1A7) - this may cause problems in AutoCAD
copy process ignored ACDB_BLOCKREPRESENTATION_DATA(#3A1B9) - this may cause problems in AutoCAD
copy process ignored ACDB_BLOCKREPRESENTATION_DATA(#3A1CB) - this may cause problems in AutoCAD
copy process ignored ACDB_BLOCKREPRESENTATION_DATA(#3A1DD) - this may cause problems in AutoCAD
copy process ignored ACDB_BLOCKREPRESENTATION_DATA(#3A1EF) - this may cause problems in AutoCAD
copy process ignored ACDB_BLOCKREPRESENTATION_DATA(#3A289) - this may cause problems in AutoCAD
copy process ignored ACDB_BLOCKREPRESENTATION_DATA(#3A341) - this may cause problems in AutoCAD
copy process ignored ACDB_BLOCKREPRESENTATION_DATA(#3A378) - this may cause problems in AutoCAD
copy process ignored ACDB_BLOCKREPRESENTATION_DATA(#3A389) - this may cause problems in AutoCAD
copy process ignored ACDB_BLOCKREPRESENTATION_DATA(#3A3A4) - this may cause problems in AutoCAD
copy process ignored ACDB_BLOCKREPRESENTATION_DATA(#3A3C7) - this may cause problems in AutoCAD
copy process ignored ACDB_BLOCKREPRESENTATION_DATA(#3A481) - this may cause problems in AutoCAD
copy process ignored ACDB_BLOCKREPRESENTATION_DATA(#3AFFB) - this may cause problems in AutoCAD
copy process ignored ACDB_BLOCKREPRESENTATION_DATA(#3B05F) - this may cause problems in AutoCAD
copy process ignored ACDB_BLOCKREPRESENTATION_DATA(#3B143) - this may cause problems in AutoCAD
copy process ignored ACDB_BLOCKREPRESENTATION_DATA(#3B152) - this may cause problems in AutoCAD
copy process ignored ACDB_BLOCKREPRESENTATION_DATA(#3B173) - this may cause problems in AutoCAD
copy process ignored ACDB_BLOCKREPRESENTATION_DATA(#3B1B7) - this may cause problems in AutoCAD
copy process ignored ACDB_BLOCKREPRESENTATION_DATA(#46375) - this may cause problems in AutoCAD
copy process ignored ACDB_BLOCKREPRESENTATION_DATA(#4639B) - this may cause problems in AutoCAD
copy process ignored ACDB_BLOCKREPRESENTATION_DATA(#463D7) - this may cause problems in AutoCAD
copy process ignored ACDB_BLOCKREPRESENTATION_DATA(#463F7) - this may cause problems in AutoCAD
copy process ignored ACDB_BLOCKREPRESENTATION_DATA(#46401) - this may cause problems in AutoCAD
copy process ignored ACDB_BLOCKREPRESENTATION_DATA(#46375) - this may cause problems in AutoCAD
copy process ignored ACDB_BLOCKREPRESENTATION_DATA(#4639B) - this may cause problems in AutoCAD
copy process ignored ACDB_BLOCKREPRESENTATION_DATA(#463D7) - this may cause problems in AutoCAD
copy process ignored ACDB_BLOCKREPRESENTATION_DATA(#463F7) - this may cause problems in AutoCAD
copy process ignored ACDB_BLOCKREPRESENTATION_DATA(#46401) - this may cause problems in AutoCAD
copy process ignored ACDB_BLOCKREPRESENTATION_DATA(#46375) - this may cause problems in AutoCAD
copy process ignored ACDB_BLOCKREPRESENTATION_DATA(#4639B) - this may cause problems in AutoCAD
copy process ignored ACDB_BLOCKREPRESENTATION_DATA(#463D7) - this may cause problems in AutoCAD
copy process ignored ACDB_BLOCKREPRESENTATION_DATA(#463F7) - this may cause problems in AutoCAD
copy process ignored ACDB_BLOCKREPRESENTATION_DATA(#46401) - this may cause problems in AutoCAD
copy process ignored ACDB_BLOCKREPRESENTATION_DATA(#46375) - this may cause problems in AutoCAD
copy process ignored ACDB_BLOCKREPRESENTATION_DATA(#4639B) - this may cause problems in AutoCAD
copy process ignored ACDB_BLOCKREPRESENTATION_DATA(#463D7) - this may cause problems in AutoCAD
copy process ignored ACDB_BLOCKREPRESENTATION_DATA(#463F7) - this may cause problems in AutoCAD
copy process ignored ACDB_BLOCKREPRESENTATION_DATA(#46401) - this may cause problems in AutoCAD
copy process ignored ACDB_BLOCKREPRESENTATION_DATA(#4643F) - this may cause problems in AutoCAD
copy process ignored ACDB_BLOCKREPRESENTATION_DATA(#46465) - this may cause problems in AutoCAD
copy process ignored ACDB_BLOCKREPRESENTATION_DATA(#464A1) - this may cause problems in AutoCAD
copy process ignored ACDB_BLOCKREPRESENTATION_DATA(#464C1) - this may cause problems in AutoCAD
copy process ignored ACDB_BLOCKREPRESENTATION_DATA(#464CB) - this may cause problems in AutoCAD
copy process ignored ACDB_BLOCKREPRESENTATION_DATA(#464F1) - this may cause problems in AutoCAD
copy process ignored ACDB_BLOCKREPRESENTATION_DATA(#46517) - this may cause problems in AutoCAD
copy process ignored ACDB_BLOCKREPRESENTATION_DATA(#46553) - this may cause problems in AutoCAD
copy process ignored ACDB_BLOCKREPRESENTATION_DATA(#46573) - this may cause problems in AutoCAD
copy process ignored ACDB_BLOCKREPRESENTATION_DATA(#4657D) - this may cause problems in AutoCAD
copy process ignored ACDB_BLOCKREPRESENTATION_DATA(#43AAF) - this may cause problems in AutoCAD
copy process ignored ACDB_BLOCKREPRESENTATION_DATA(#43AC5) - this may cause problems in AutoCAD
copy process ignored ACDB_BLOCKREPRESENTATION_DATA(#43ADB) - this may cause problems in AutoCAD
copy process ignored ACDB_BLOCKREPRESENTATION_DATA(#43AF1) - this may cause problems in AutoCAD
copy process ignored ACDB_BLOCKREPRESENTATION_DATA(#43B07) - this may cause problems in AutoCAD
copy process ignored ACDB_BLOCKREPRESENTATION_DATA(#43B1D) - this may cause problems in AutoCAD
copy process ignored ACDB_BLOCKREPRESENTATION_DATA(#43B33) - this may cause problems in AutoCAD
copy process ignored ACDB_BLOCKREPRESENTATION_DATA(#43B3E) - this may cause problems in AutoCAD
copy process ignored ACDB_BLOCKREPRESENTATION_DATA(#43B54) - this may cause problems in AutoCAD
copy process ignored ACDB_BLOCKREPRESENTATION_DATA(#43B5F) - this may cause problems in AutoCAD
copy process ignored ACDB_BLOCKREPRESENTATION_DATA(#43B6A) - this may cause problems in AutoCAD
copy process ignored ACDB_BLOCKREPRESENTATION_DATA(#43B80) - this may cause problems in AutoCAD
copy process ignored ACDB_BLOCKREPRESENTATION_DATA(#43B8B) - this may cause problems in AutoCAD
copy process ignored ACDB_BLOCKREPRESENTATION_DATA(#43B96) - this may cause problems in AutoCAD
copy process ignored ACDB_BLOCKREPRESENTATION_DATA(#43BAC) - this may cause problems in AutoCAD
copy process ignored ACDB_BLOCKREPRESENTATION_DATA(#43BB7) - this may cause problems in AutoCAD
copy process ignored ACDB_BLOCKREPRESENTATION_DATA(#43AAF) - this may cause problems in AutoCAD
copy process ignored ACDB_BLOCKREPRESENTATION_DATA(#43AC5) - this may cause problems in AutoCAD
copy process ignored ACDB_BLOCKREPRESENTATION_DATA(#43ADB) - this may cause problems in AutoCAD
copy process ignored ACDB_BLOCKREPRESENTATION_DATA(#43AF1) - this may cause problems in AutoCAD
copy process ignored ACDB_BLOCKREPRESENTATION_DATA(#43B07) - this may cause problems in AutoCAD
copy process ignored ACDB_BLOCKREPRESENTATION_DATA(#43B1D) - this may cause problems in AutoCAD
copy process ignored ACDB_BLOCKREPRESENTATION_DATA(#43B33) - this may cause problems in AutoCAD
copy process ignored ACDB_BLOCKREPRESENTATION_DATA(#43B3E) - this may cause problems in AutoCAD
copy process ignored ACDB_BLOCKREPRESENTATION_DATA(#43B54) - this may cause problems in AutoCAD
copy process ignored ACDB_BLOCKREPRESENTATION_DATA(#43B5F) - this may cause problems in AutoCAD
copy process ignored ACDB_BLOCKREPRESENTATION_DATA(#43B6A) - this may cause problems in AutoCAD
copy process ignored ACDB_BLOCKREPRESENTATION_DATA(#43B80) - this may cause problems in AutoCAD
copy process ignored ACDB_BLOCKREPRESENTATION_DATA(#43B8B) - this may cause problems in AutoCAD
copy process ignored ACDB_BLOCKREPRESENTATION_DATA(#43B96) - this may cause problems in AutoCAD
copy process ignored ACDB_BLOCKREPRESENTATION_DATA(#43BAC) - this may cause problems in AutoCAD
copy process ignored ACDB_BLOCKREPRESENTATION_DATA(#43BB7) - this may cause problems in AutoCAD
copy process ignored ACDB_BLOCKREPRESENTATION_DATA(#43EC8) - this may cause problems in AutoCAD
copy process ignored ACDB_BLOCKREPRESENTATION_DATA(#43ED3) - this may cause problems in AutoCAD
copy process ignored ACDB_BLOCKREPRESENTATION_DATA(#43EDE) - this may cause problems in AutoCAD
copy process ignored ACDB_BLOCKREPRESENTATION_DATA(#43EE9) - this may cause problems in AutoCAD
copy process ignored ACDB_BLOCKREPRESENTATION_DATA(#43EF4) - this may cause problems in AutoCAD
copy process ignored ACDB_BLOCKREPRESENTATION_DATA(#43EFF) - this may cause problems in AutoCAD
copy process ignored ACDB_BLOCKREPRESENTATION_DATA(#43F0A) - this may cause problems in AutoCAD
copy process ignored ACDB_BLOCKREPRESENTATION_DATA(#43F15) - this may cause problems in AutoCAD
copy process ignored ACDB_BLOCKREPRESENTATION_DATA(#43F20) - this may cause problems in AutoCAD
copy process ignored ACDB_BLOCKREPRESENTATION_DATA(#43EC8) - this may cause problems in AutoCAD
copy process ignored ACDB_BLOCKREPRESENTATION_DATA(#43ED3) - this may cause problems in AutoCAD
copy process ignored ACDB_BLOCKREPRESENTATION_DATA(#43EDE) - this may cause problems in AutoCAD
copy process ignored ACDB_BLOCKREPRESENTATION_DATA(#43EE9) - this may cause problems in AutoCAD
copy process ignored ACDB_BLOCKREPRESENTATION_DATA(#43EF4) - this may cause problems in AutoCAD
copy process ignored ACDB_BLOCKREPRESENTATION_DATA(#43EFF) - this may cause problems in AutoCAD
copy process ignored ACDB_BLOCKREPRESENTATION_DATA(#43F0A) - this may cause problems in AutoCAD
copy process ignored ACDB_BLOCKREPRESENTATION_DATA(#43F15) - this may cause problems in AutoCAD
copy process ignored ACDB_BLOCKREPRESENTATION_DATA(#43F20) - this may cause problems in AutoCAD
copy process ignored ACDB_BLOCKREPRESENTATION_DATA(#43EC8) - this may cause problems in AutoCAD
copy process ignored ACDB_BLOCKREPRESENTATION_DATA(#43ED3) - this may cause problems in AutoCAD
copy process ignored ACDB_BLOCKREPRESENTATION_DATA(#43EDE) - this may cause problems in AutoCAD
copy process ignored ACDB_BLOCKREPRESENTATION_DATA(#43EE9) - this may cause problems in AutoCAD
copy process ignored ACDB_BLOCKREPRESENTATION_DATA(#43EF4) - this may cause problems in AutoCAD
copy process ignored ACDB_BLOCKREPRESENTATION_DATA(#43EFF) - this may cause problems in AutoCAD
copy process ignored ACDB_BLOCKREPRESENTATION_DATA(#43F0A) - this may cause problems in AutoCAD
copy process ignored ACDB_BLOCKREPRESENTATION_DATA(#43F15) - this may cause problems in AutoCAD
copy process ignored ACDB_BLOCKREPRESENTATION_DATA(#43F20) - this may cause problems in AutoCAD
copy process ignored ACDB_BLOCKREPRESENTATION_DATA(#440F2) - this may cause problems in AutoCAD
copy process ignored ACDB_BLOCKREPRESENTATION_DATA(#4414D) - this may cause problems in AutoCAD
copy process ignored ACDB_BLOCKREPRESENTATION_DATA(#44266) - this may cause problems in AutoCAD
copy process ignored ACDB_BLOCKREPRESENTATION_DATA(#44271) - this may cause problems in AutoCAD
copy process ignored ACDB_BLOCKREPRESENTATION_DATA(#4427C) - this may cause problems in AutoCAD
copy process ignored ACDB_BLOCKREPRESENTATION_DATA(#44287) - this may cause problems in AutoCAD
copy process ignored ACDB_BLOCKREPRESENTATION_DATA(#44292) - this may cause problems in AutoCAD
copy process ignored ACDB_BLOCKREPRESENTATION_DATA(#4429D) - this may cause problems in AutoCAD
copy process ignored ACDB_BLOCKREPRESENTATION_DATA(#4431F) - this may cause problems in AutoCAD
copy process ignored ACDB_BLOCKREPRESENTATION_DATA(#44335) - this may cause problems in AutoCAD
copy process ignored ACDB_BLOCKREPRESENTATION_DATA(#44340) - this may cause problems in AutoCAD
copy process ignored ACDB_BLOCKREPRESENTATION_DATA(#443D2) - this may cause problems in AutoCAD
copy process ignored ACDB_BLOCKREPRESENTATION_DATA(#443DD) - this may cause problems in AutoCAD
copy process ignored ACDB_BLOCKREPRESENTATION_DATA(#443E8) - this may cause problems in AutoCAD
copy process ignored ACDB_BLOCKREPRESENTATION_DATA(#443F3) - this may cause problems in AutoCAD
copy process ignored ACDB_BLOCKREPRESENTATION_DATA(#443FE) - this may cause problems in AutoCAD
copy process ignored ACDB_BLOCKREPRESENTATION_DATA(#44409) - this may cause problems in AutoCAD
copy process ignored ACDB_BLOCKREPRESENTATION_DATA(#44492) - this may cause problems in AutoCAD
copy process ignored ACDB_BLOCKREPRESENTATION_DATA(#444A8) - this may cause problems in AutoCAD
copy process ignored ACDB_BLOCKREPRESENTATION_DATA(#4453F) - this may cause problems in AutoCAD
copy process ignored ACDB_BLOCKREPRESENTATION_DATA(#44555) - this may cause problems in AutoCAD
copy process ignored ACDB_BLOCKREPRESENTATION_DATA(#53C5A) - this may cause problems in AutoCAD
copy process ignored ACDB_BLOCKREPRESENTATION_DATA(#53C6C) - this may cause problems in AutoCAD
copy process ignored ACDB_BLOCKREPRESENTATION_DATA(#53C7E) - this may cause problems in AutoCAD
copy process ignored ACDB_BLOCKREPRESENTATION_DATA(#53C90) - this may cause problems in AutoCAD
copy process ignored ACDB_BLOCKREPRESENTATION_DATA(#53CA2) - this may cause problems in AutoCAD
copy process ignored ACDB_BLOCKREPRESENTATION_DATA(#53CB4) - this may cause problems in AutoCAD
copy process ignored ACDB_BLOCKREPRESENTATION_DATA(#53CC6) - this may cause problems in AutoCAD
copy process ignored ACDB_BLOCKREPRESENTATION_DATA(#53CD8) - this may cause problems in AutoCAD
copy process ignored ACDB_BLOCKREPRESENTATION_DATA(#53CEA) - this may cause problems in AutoCAD
copy process ignored ACDB_BLOCKREPRESENTATION_DATA(#53AEB) - this may cause problems in AutoCAD
copy process ignored ACDB_BLOCKREPRESENTATION_DATA(#53AFD) - this may cause problems in AutoCAD
copy process ignored ACDB_BLOCKREPRESENTATION_DATA(#53B0F) - this may cause problems in AutoCAD
copy process ignored ACDB_BLOCKREPRESENTATION_DATA(#53B21) - this may cause problems in AutoCAD
copy process ignored ACDB_BLOCKREPRESENTATION_DATA(#53B33) - this may cause problems in AutoCAD
copy process ignored ACDB_BLOCKREPRESENTATION_DATA(#53B45) - this may cause problems in AutoCAD
copy process ignored ACDB_BLOCKREPRESENTATION_DATA(#53B57) - this may cause problems in AutoCAD
copy process ignored ACDB_BLOCKREPRESENTATION_DATA(#53DA6) - this may cause problems in AutoCAD
copy process ignored ACDB_BLOCKREPRESENTATION_DATA(#53DB8) - this may cause problems in AutoCAD
copy process ignored ACDB_BLOCKREPRESENTATION_DATA(#53DCA) - this may cause problems in AutoCAD
copy process ignored ACDB_BLOCKREPRESENTATION_DATA(#53DDC) - this may cause problems in AutoCAD
copy process ignored ACDB_BLOCKREPRESENTATION_DATA(#53DEE) - this may cause problems in AutoCAD
copy process ignored ACDB_BLOCKREPRESENTATION_DATA(#53E00) - this may cause problems in AutoCAD
copy process ignored ACDB_BLOCKREPRESENTATION_DATA(#53E12) - this may cause problems in AutoCAD
copy process ignored ACDB_BLOCKREPRESENTATION_DATA(#53EA2) - this may cause problems in AutoCAD
copy process ignored ACDB_BLOCKREPRESENTATION_DATA(#53EB4) - this may cause problems in AutoCAD
copy process ignored ACDB_BLOCKREPRESENTATION_DATA(#53EC6) - this may cause problems in AutoCAD
copy process ignored ACDB_BLOCKREPRESENTATION_DATA(#53ED8) - this may cause problems in AutoCAD
copy process ignored ACDB_BLOCKREPRESENTATION_DATA(#53EEA) - this may cause problems in AutoCAD
copy process ignored ACDB_BLOCKREPRESENTATION_DATA(#53EFC) - this may cause problems in AutoCAD
copy process ignored ACDB_BLOCKREPRESENTATION_DATA(#53F0E) - this may cause problems in AutoCAD
copy process ignored ACDB_BLOCKREPRESENTATION_DATA(#53F20) - this may cause problems in AutoCAD
copy process ignored ACDB_BLOCKREPRESENTATION_DATA(#53F32) - this may cause problems in AutoCAD
copy process ignored ACDB_BLOCKREPRESENTATION_DATA(#53F44) - this may cause problems in AutoCAD
copy process ignored ACDB_BLOCKREPRESENTATION_DATA(#53F56) - this may cause problems in AutoCAD
copy process ignored ACDB_BLOCKREPRESENTATION_DATA(#53F68) - this may cause problems in AutoCAD
copy process ignored ACDB_BLOCKREPRESENTATION_DATA(#53F7A) - this may cause problems in AutoCAD
copy process ignored ACDB_BLOCKREPRESENTATION_DATA(#53E24) - this may cause problems in AutoCAD
copy process ignored ACDB_BLOCKREPRESENTATION_DATA(#53E36) - this may cause problems in AutoCAD
copy process ignored ACDB_BLOCKREPRESENTATION_DATA(#53E48) - this may cause problems in AutoCAD
copy process ignored ACDB_BLOCKREPRESENTATION_DATA(#53E5A) - this may cause problems in AutoCAD
copy process ignored ACDB_BLOCKREPRESENTATION_DATA(#53E6C) - this may cause problems in AutoCAD
copy process ignored ACDB_BLOCKREPRESENTATION_DATA(#53E7E) - this may cause problems in AutoCAD
copy process ignored ACDB_BLOCKREPRESENTATION_DATA(#53E90) - this may cause problems in AutoCAD
copy process ignored ACDB_BLOCKREPRESENTATION_DATA(#53B6C) - this may cause problems in AutoCAD
copy process ignored ACDB_BLOCKREPRESENTATION_DATA(#53B80) - this may cause problems in AutoCAD
copy process ignored ACDB_BLOCKREPRESENTATION_DATA(#53B94) - this may cause problems in AutoCAD
copy process ignored ACDB_BLOCKREPRESENTATION_DATA(#53BA6) - this may cause problems in AutoCAD
copy process ignored ACDB_BLOCKREPRESENTATION_DATA(#53BB8) - this may cause problems in AutoCAD
copy process ignored ACDB_BLOCKREPRESENTATION_DATA(#53BCA) - this may cause problems in AutoCAD
copy process ignored ACDB_BLOCKREPRESENTATION_DATA(#53A7F) - this may cause problems in AutoCAD
copy process ignored ACDB_BLOCKREPRESENTATION_DATA(#53A91) - this may cause problems in AutoCAD
copy process ignored ACDB_BLOCKREPRESENTATION_DATA(#53AA3) - this may cause problems in AutoCAD
copy process ignored ACDB_BLOCKREPRESENTATION_DATA(#53AB5) - this may cause problems in AutoCAD
copy process ignored ACDB_BLOCKREPRESENTATION_DATA(#53AC7) - this may cause problems in AutoCAD
copy process ignored ACDB_BLOCKREPRESENTATION_DATA(#53AD9) - this may cause problems in AutoCAD
copy process ignored ACDB_BLOCKREPRESENTATION_DATA(#53BDC) - this may cause problems in AutoCAD
copy process ignored ACDB_BLOCKREPRESENTATION_DATA(#53BEE) - this may cause problems in AutoCAD
copy process ignored ACDB_BLOCKREPRESENTATION_DATA(#53C00) - this may cause problems in AutoCAD
copy process ignored ACDB_BLOCKREPRESENTATION_DATA(#53C12) - this may cause problems in AutoCAD
copy process ignored ACDB_BLOCKREPRESENTATION_DATA(#53C24) - this may cause problems in AutoCAD
copy process ignored ACDB_BLOCKREPRESENTATION_DATA(#53C36) - this may cause problems in AutoCAD
copy process ignored ACDB_BLOCKREPRESENTATION_DATA(#53C48) - this may cause problems in AutoCAD
copy process ignored ACDB_BLOCKREPRESENTATION_DATA(#53CFC) - this may cause problems in AutoCAD
copy process ignored ACDB_BLOCKREPRESENTATION_DATA(#53D0E) - this may cause problems in AutoCAD
copy process ignored ACDB_BLOCKREPRESENTATION_DATA(#53D20) - this may cause problems in AutoCAD
copy process ignored ACDB_BLOCKREPRESENTATION_DATA(#53D32) - this may cause problems in AutoCAD
copy process ignored ACDB_BLOCKREPRESENTATION_DATA(#53D44) - this may cause problems in AutoCAD
copy process ignored ACDB_BLOCKREPRESENTATION_DATA(#53D56) - this may cause problems in AutoCAD
copy process ignored ACDB_BLOCKREPRESENTATION_DATA(#53D68) - this may cause problems in AutoCAD
copy process ignored ACDB_BLOCKREPRESENTATION_DATA(#3C0EB) - this may cause problems in AutoCAD
copy process ignored ACDB_BLOCKREPRESENTATION_DATA(#3C219) - this may cause problems in AutoCAD
copy process ignored ACDB_BLOCKREPRESENTATION_DATA(#3C22B) - this may cause problems in AutoCAD
copy process ignored ACDB_BLOCKREPRESENTATION_DATA(#3C23D) - this may cause problems in AutoCAD
copy process ignored ACDB_BLOCKREPRESENTATION_DATA(#3C24F) - this may cause problems in AutoCAD
copy process ignored ACDB_BLOCKREPRESENTATION_DATA(#3C261) - this may cause problems in AutoCAD
copy process ignored ACDB_BLOCKREPRESENTATION_DATA(#3C273) - this may cause problems in AutoCAD
copy process ignored ACDB_BLOCKREPRESENTATION_DATA(#3C285) - this may cause problems in AutoCAD
copy process ignored ACDB_BLOCKREPRESENTATION_DATA(#3C2E4) - this may cause problems in AutoCAD
copy process ignored ACDB_BLOCKREPRESENTATION_DATA(#3C2F6) - this may cause problems in AutoCAD
copy process ignored ACDB_BLOCKREPRESENTATION_DATA(#3C308) - this may cause problems in AutoCAD
copy process ignored ACDB_BLOCKREPRESENTATION_DATA(#3C31A) - this may cause problems in AutoCAD
copy process ignored ACDB_BLOCKREPRESENTATION_DATA(#3C32C) - this may cause problems in AutoCAD
copy process ignored ACDB_BLOCKREPRESENTATION_DATA(#3C33E) - this may cause problems in AutoCAD
copy process ignored ACDB_BLOCKREPRESENTATION_DATA(#3C350) - this may cause problems in AutoCAD
copy process ignored ACDB_BLOCKREPRESENTATION_DATA(#3C3AF) - this may cause problems in AutoCAD
copy process ignored ACDB_BLOCKREPRESENTATION_DATA(#3C3C1) - this may cause problems in AutoCAD
copy process ignored ACDB_BLOCKREPRESENTATION_DATA(#3C3D3) - this may cause problems in AutoCAD
copy process ignored ACDB_BLOCKREPRESENTATION_DATA(#3C3E5) - this may cause problems in AutoCAD
copy process ignored ACDB_BLOCKREPRESENTATION_DATA(#3C3F7) - this may cause problems in AutoCAD
copy process ignored ACDB_BLOCKREPRESENTATION_DATA(#3C409) - this may cause problems in AutoCAD
copy process ignored ACDB_BLOCKREPRESENTATION_DATA(#3C41B) - this may cause problems in AutoCAD
copy process ignored ACDB_BLOCKREPRESENTATION_DATA(#3C42D) - this may cause problems in AutoCAD
copy process ignored ACDB_BLOCKREPRESENTATION_DATA(#3C43F) - this may cause problems in AutoCAD
copy process ignored ACDB_BLOCKREPRESENTATION_DATA(#3C49E) - this may cause problems in AutoCAD
copy process ignored ACDB_BLOCKREPRESENTATION_DATA(#3C4FD) - this may cause problems in AutoCAD
copy process ignored ACDB_BLOCKREPRESENTATION_DATA(#3C50F) - this may cause problems in AutoCAD
copy process ignored ACDB_BLOCKREPRESENTATION_DATA(#3C521) - this may cause problems in AutoCAD
copy process ignored ACDB_BLOCKREPRESENTATION_DATA(#3C533) - this may cause problems in AutoCAD
copy process ignored ACDB_BLOCKREPRESENTATION_DATA(#3C545) - this may cause problems in AutoCAD
copy process ignored ACDB_BLOCKREPRESENTATION_DATA(#3C557) - this may cause problems in AutoCAD
copy process ignored ACDB_BLOCKREPRESENTATION_DATA(#3C5B6) - this may cause problems in AutoCAD
copy process ignored ACDB_BLOCKREPRESENTATION_DATA(#3C5C8) - this may cause problems in AutoCAD
copy process ignored ACDB_BLOCKREPRESENTATION_DATA(#3C5DA) - this may cause problems in AutoCAD
copy process ignored ACDB_BLOCKREPRESENTATION_DATA(#3C5EC) - this may cause problems in AutoCAD
copy process ignored ACDB_BLOCKREPRESENTATION_DATA(#3C5FE) - this may cause problems in AutoCAD
copy process ignored ACDB_BLOCKREPRESENTATION_DATA(#3C65D) - this may cause problems in AutoCAD
copy process ignored ACDB_BLOCKREPRESENTATION_DATA(#3C66F) - this may cause problems in AutoCAD
copy process ignored ACDB_BLOCKREPRESENTATION_DATA(#3C6CE) - this may cause problems in AutoCAD
copy process ignored ACDB_BLOCKREPRESENTATION_DATA(#3C6E0) - this may cause problems in AutoCAD
copy process ignored ACDB_BLOCKREPRESENTATION_DATA(#3C6F2) - this may cause problems in AutoCAD
copy process ignored ACDB_BLOCKREPRESENTATION_DATA(#3C704) - this may cause problems in AutoCAD
copy process ignored ACDB_BLOCKREPRESENTATION_DATA(#3C716) - this may cause problems in AutoCAD
copy process ignored ACDB_BLOCKREPRESENTATION_DATA(#3C728) - this may cause problems in AutoCAD
copy process ignored ACDB_BLOCKREPRESENTATION_DATA(#3C73A) - this may cause problems in AutoCAD
copy process ignored ACDB_BLOCKREPRESENTATION_DATA(#3C74C) - this may cause problems in AutoCAD
copy process ignored ACDB_BLOCKREPRESENTATION_DATA(#3C75E) - this may cause problems in AutoCAD
copy process ignored ACDB_BLOCKREPRESENTATION_DATA(#3C770) - this may cause problems in AutoCAD
copy process ignored ACDB_BLOCKREPRESENTATION_DATA(#3C782) - this may cause problems in AutoCAD
copy process ignored ACDB_BLOCKREPRESENTATION_DATA(#3C794) - this may cause problems in AutoCAD
copy process ignored ACDB_BLOCKREPRESENTATION_DATA(#3C7A6) - this may cause problems in AutoCAD
copy process ignored ACDB_BLOCKREPRESENTATION_DATA(#3C7B8) - this may cause problems in AutoCAD
copy process ignored ACDB_BLOCKREPRESENTATION_DATA(#3C7CA) - this may cause problems in AutoCAD
copy process ignored ACDB_BLOCKREPRESENTATION_DATA(#3C7DC) - this may cause problems in AutoCAD
copy process ignored ACDB_BLOCKREPRESENTATION_DATA(#3C7EE) - this may cause problems in AutoCAD
copy process ignored ACDB_BLOCKREPRESENTATION_DATA(#3C800) - this may cause problems in AutoCAD
copy process ignored ACDB_BLOCKREPRESENTATION_DATA(#3C85F) - this may cause problems in AutoCAD
copy process ignored ACDB_BLOCKREPRESENTATION_DATA(#3C871) - this may cause problems in AutoCAD
copy process ignored ACDB_BLOCKREPRESENTATION_DATA(#3C883) - this may cause problems in AutoCAD
copy process ignored ACDB_BLOCKREPRESENTATION_DATA(#3C895) - this may cause problems in AutoCAD
copy process ignored ACDB_BLOCKREPRESENTATION_DATA(#3C8A7) - this may cause problems in AutoCAD
copy process ignored ACDB_BLOCKREPRESENTATION_DATA(#3C8B9) - this may cause problems in AutoCAD
copy process ignored ACDB_BLOCKREPRESENTATION_DATA(#3C8CB) - this may cause problems in AutoCAD
copy process ignored ACDB_BLOCKREPRESENTATION_DATA(#3C8DD) - this may cause problems in AutoCAD
copy process ignored ACDB_BLOCKREPRESENTATION_DATA(#3C8EF) - this may cause problems in AutoCAD
copy process ignored ACDB_BLOCKREPRESENTATION_DATA(#3C901) - this may cause problems in AutoCAD
copy process ignored ACDB_BLOCKREPRESENTATION_DATA(#3C913) - this may cause problems in AutoCAD
copy process ignored ACDB_BLOCKREPRESENTATION_DATA(#3C925) - this may cause problems in AutoCAD
copy process ignored ACDB_BLOCKREPRESENTATION_DATA(#3C987) - this may cause problems in AutoCAD
copy process ignored ACDB_BLOCKREPRESENTATION_DATA(#3C9F4) - this may cause problems in AutoCAD
copy process ignored ACDB_BLOCKREPRESENTATION_DATA(#3CA14) - this may cause problems in AutoCAD
copy process ignored ACDB_BLOCKREPRESENTATION_DATA(#3CA73) - this may cause problems in AutoCAD
copy process ignored ACDB_BLOCKREPRESENTATION_DATA(#3CA85) - this may cause problems in AutoCAD
copy process ignored ACDB_BLOCKREPRESENTATION_DATA(#3CA97) - this may cause problems in AutoCAD
copy process ignored ACDB_BLOCKREPRESENTATION_DATA(#3C0EB) - this may cause problems in AutoCAD
copy process ignored ACDB_BLOCKREPRESENTATION_DATA(#3C219) - this may cause problems in AutoCAD
copy process ignored ACDB_BLOCKREPRESENTATION_DATA(#3C22B) - this may cause problems in AutoCAD
copy process ignored ACDB_BLOCKREPRESENTATION_DATA(#3C23D) - this may cause problems in AutoCAD
copy process ignored ACDB_BLOCKREPRESENTATION_DATA(#3C24F) - this may cause problems in AutoCAD
copy process ignored ACDB_BLOCKREPRESENTATION_DATA(#3C261) - this may cause problems in AutoCAD
copy process ignored ACDB_BLOCKREPRESENTATION_DATA(#3C273) - this may cause problems in AutoCAD
copy process ignored ACDB_BLOCKREPRESENTATION_DATA(#3C285) - this may cause problems in AutoCAD
copy process ignored ACDB_BLOCKREPRESENTATION_DATA(#3C2E4) - this may cause problems in AutoCAD
copy process ignored ACDB_BLOCKREPRESENTATION_DATA(#3C2F6) - this may cause problems in AutoCAD
copy process ignored ACDB_BLOCKREPRESENTATION_DATA(#3C308) - this may cause problems in AutoCAD
copy process ignored ACDB_BLOCKREPRESENTATION_DATA(#3C31A) - this may cause problems in AutoCAD
copy process ignored ACDB_BLOCKREPRESENTATION_DATA(#3C32C) - this may cause problems in AutoCAD
copy process ignored ACDB_BLOCKREPRESENTATION_DATA(#3C33E) - this may cause problems in AutoCAD
copy process ignored ACDB_BLOCKREPRESENTATION_DATA(#3C350) - this may cause problems in AutoCAD
copy process ignored ACDB_BLOCKREPRESENTATION_DATA(#3C3AF) - this may cause problems in AutoCAD
copy process ignored ACDB_BLOCKREPRESENTATION_DATA(#3C3C1) - this may cause problems in AutoCAD
copy process ignored ACDB_BLOCKREPRESENTATION_DATA(#3C3D3) - this may cause problems in AutoCAD
copy process ignored ACDB_BLOCKREPRESENTATION_DATA(#3C3E5) - this may cause problems in AutoCAD
copy process ignored ACDB_BLOCKREPRESENTATION_DATA(#3C3F7) - this may cause problems in AutoCAD
copy process ignored ACDB_BLOCKREPRESENTATION_DATA(#3C409) - this may cause problems in AutoCAD
copy process ignored ACDB_BLOCKREPRESENTATION_DATA(#3C41B) - this may cause problems in AutoCAD
copy process ignored ACDB_BLOCKREPRESENTATION_DATA(#3C42D) - this may cause problems in AutoCAD
copy process ignored ACDB_BLOCKREPRESENTATION_DATA(#3C43F) - this may cause problems in AutoCAD
copy process ignored ACDB_BLOCKREPRESENTATION_DATA(#3C49E) - this may cause problems in AutoCAD
copy process ignored ACDB_BLOCKREPRESENTATION_DATA(#3C4FD) - this may cause problems in AutoCAD
copy process ignored ACDB_BLOCKREPRESENTATION_DATA(#3C50F) - this may cause problems in AutoCAD
copy process ignored ACDB_BLOCKREPRESENTATION_DATA(#3C521) - this may cause problems in AutoCAD
copy process ignored ACDB_BLOCKREPRESENTATION_DATA(#3C533) - this may cause problems in AutoCAD
copy process ignored ACDB_BLOCKREPRESENTATION_DATA(#3C545) - this may cause problems in AutoCAD
copy process ignored ACDB_BLOCKREPRESENTATION_DATA(#3C557) - this may cause problems in AutoCAD
copy process ignored ACDB_BLOCKREPRESENTATION_DATA(#3C5B6) - this may cause problems in AutoCAD
copy process ignored ACDB_BLOCKREPRESENTATION_DATA(#3C5C8) - this may cause problems in AutoCAD
copy process ignored ACDB_BLOCKREPRESENTATION_DATA(#3C5DA) - this may cause problems in AutoCAD
copy process ignored ACDB_BLOCKREPRESENTATION_DATA(#3C5EC) - this may cause problems in AutoCAD
copy process ignored ACDB_BLOCKREPRESENTATION_DATA(#3C5FE) - this may cause problems in AutoCAD
copy process ignored ACDB_BLOCKREPRESENTATION_DATA(#3C65D) - this may cause problems in AutoCAD
copy process ignored ACDB_BLOCKREPRESENTATION_DATA(#3C66F) - this may cause problems in AutoCAD
copy process ignored ACDB_BLOCKREPRESENTATION_DATA(#3C6CE) - this may cause problems in AutoCAD
copy process ignored ACDB_BLOCKREPRESENTATION_DATA(#3C6E0) - this may cause problems in AutoCAD
copy process ignored ACDB_BLOCKREPRESENTATION_DATA(#3C6F2) - this may cause problems in AutoCAD
copy process ignored ACDB_BLOCKREPRESENTATION_DATA(#3C704) - this may cause problems in AutoCAD
copy process ignored ACDB_BLOCKREPRESENTATION_DATA(#3C716) - this may cause problems in AutoCAD
copy process ignored ACDB_BLOCKREPRESENTATION_DATA(#3C728) - this may cause problems in AutoCAD
copy process ignored ACDB_BLOCKREPRESENTATION_DATA(#3C73A) - this may cause problems in AutoCAD
copy process ignored ACDB_BLOCKREPRESENTATION_DATA(#3C74C) - this may cause problems in AutoCAD
copy process ignored ACDB_BLOCKREPRESENTATION_DATA(#3C75E) - this may cause problems in AutoCAD
copy process ignored ACDB_BLOCKREPRESENTATION_DATA(#3C770) - this may cause problems in AutoCAD
copy process ignored ACDB_BLOCKREPRESENTATION_DATA(#3C782) - this may cause problems in AutoCAD
copy process ignored ACDB_BLOCKREPRESENTATION_DATA(#3C794) - this may cause problems in AutoCAD
copy process ignored ACDB_BLOCKREPRESENTATION_DATA(#3C7A6) - this may cause problems in AutoCAD
copy process ignored ACDB_BLOCKREPRESENTATION_DATA(#3C7B8) - this may cause problems in AutoCAD
copy process ignored ACDB_BLOCKREPRESENTATION_DATA(#3C7CA) - this may cause problems in AutoCAD
copy process ignored ACDB_BLOCKREPRESENTATION_DATA(#3C7DC) - this may cause problems in AutoCAD
copy process ignored ACDB_BLOCKREPRESENTATION_DATA(#3C7EE) - this may cause problems in AutoCAD
copy process ignored ACDB_BLOCKREPRESENTATION_DATA(#3C800) - this may cause problems in AutoCAD
copy process ignored ACDB_BLOCKREPRESENTATION_DATA(#3C85F) - this may cause problems in AutoCAD
copy process ignored ACDB_BLOCKREPRESENTATION_DATA(#3C871) - this may cause problems in AutoCAD
copy process ignored ACDB_BLOCKREPRESENTATION_DATA(#3C883) - this may cause problems in AutoCAD
copy process ignored ACDB_BLOCKREPRESENTATION_DATA(#3C895) - this may cause problems in AutoCAD
copy process ignored ACDB_BLOCKREPRESENTATION_DATA(#3C8A7) - this may cause problems in AutoCAD
copy process ignored ACDB_BLOCKREPRESENTATION_DATA(#3C8B9) - this may cause problems in AutoCAD
copy process ignored ACDB_BLOCKREPRESENTATION_DATA(#3C8CB) - this may cause problems in AutoCAD
copy process ignored ACDB_BLOCKREPRESENTATION_DATA(#3C8DD) - this may cause problems in AutoCAD
copy process ignored ACDB_BLOCKREPRESENTATION_DATA(#3C8EF) - this may cause problems in AutoCAD
copy process ignored ACDB_BLOCKREPRESENTATION_DATA(#3C901) - this may cause problems in AutoCAD
copy process ignored ACDB_BLOCKREPRESENTATION_DATA(#3C913) - this may cause problems in AutoCAD
copy process ignored ACDB_BLOCKREPRESENTATION_DATA(#3C925) - this may cause problems in AutoCAD
copy process ignored ACDB_BLOCKREPRESENTATION_DATA(#3C987) - this may cause problems in AutoCAD
copy process ignored ACDB_BLOCKREPRESENTATION_DATA(#3C9F4) - this may cause problems in AutoCAD
copy process ignored ACDB_BLOCKREPRESENTATION_DATA(#3CA14) - this may cause problems in AutoCAD
copy process ignored ACDB_BLOCKREPRESENTATION_DATA(#3CA73) - this may cause problems in AutoCAD
copy process ignored ACDB_BLOCKREPRESENTATION_DATA(#3CA85) - this may cause problems in AutoCAD
copy process ignored ACDB_BLOCKREPRESENTATION_DATA(#3CA97) - this may cause problems in AutoCAD
copy process ignored ACDB_BLOCKREPRESENTATION_DATA(#3C0EB) - this may cause problems in AutoCAD
copy process ignored ACDB_BLOCKREPRESENTATION_DATA(#3C219) - this may cause problems in AutoCAD
copy process ignored ACDB_BLOCKREPRESENTATION_DATA(#3C22B) - this may cause problems in AutoCAD
copy process ignored ACDB_BLOCKREPRESENTATION_DATA(#3C23D) - this may cause problems in AutoCAD
copy process ignored ACDB_BLOCKREPRESENTATION_DATA(#3C24F) - this may cause problems in AutoCAD
copy process ignored ACDB_BLOCKREPRESENTATION_DATA(#3C261) - this may cause problems in AutoCAD
copy process ignored ACDB_BLOCKREPRESENTATION_DATA(#3C273) - this may cause problems in AutoCAD
copy process ignored ACDB_BLOCKREPRESENTATION_DATA(#3C285) - this may cause problems in AutoCAD
copy process ignored ACDB_BLOCKREPRESENTATION_DATA(#3C2E4) - this may cause problems in AutoCAD
copy process ignored ACDB_BLOCKREPRESENTATION_DATA(#3C2F6) - this may cause problems in AutoCAD
copy process ignored ACDB_BLOCKREPRESENTATION_DATA(#3C308) - this may cause problems in AutoCAD
copy process ignored ACDB_BLOCKREPRESENTATION_DATA(#3C31A) - this may cause problems in AutoCAD
copy process ignored ACDB_BLOCKREPRESENTATION_DATA(#3C32C) - this may cause problems in AutoCAD
copy process ignored ACDB_BLOCKREPRESENTATION_DATA(#3C33E) - this may cause problems in AutoCAD
copy process ignored ACDB_BLOCKREPRESENTATION_DATA(#3C350) - this may cause problems in AutoCAD
copy process ignored ACDB_BLOCKREPRESENTATION_DATA(#3C3AF) - this may cause problems in AutoCAD
copy process ignored ACDB_BLOCKREPRESENTATION_DATA(#3C3C1) - this may cause problems in AutoCAD
copy process ignored ACDB_BLOCKREPRESENTATION_DATA(#3C3D3) - this may cause problems in AutoCAD
copy process ignored ACDB_BLOCKREPRESENTATION_DATA(#3C3E5) - this may cause problems in AutoCAD
copy process ignored ACDB_BLOCKREPRESENTATION_DATA(#3C3F7) - this may cause problems in AutoCAD
copy process ignored ACDB_BLOCKREPRESENTATION_DATA(#3C409) - this may cause problems in AutoCAD
copy process ignored ACDB_BLOCKREPRESENTATION_DATA(#3C41B) - this may cause problems in AutoCAD
copy process ignored ACDB_BLOCKREPRESENTATION_DATA(#3C42D) - this may cause problems in AutoCAD
copy process ignored ACDB_BLOCKREPRESENTATION_DATA(#3C43F) - this may cause problems in AutoCAD
copy process ignored ACDB_BLOCKREPRESENTATION_DATA(#3C49E) - this may cause problems in AutoCAD
copy process ignored ACDB_BLOCKREPRESENTATION_DATA(#3C4FD) - this may cause problems in AutoCAD
copy process ignored ACDB_BLOCKREPRESENTATION_DATA(#3C50F) - this may cause problems in AutoCAD
copy process ignored ACDB_BLOCKREPRESENTATION_DATA(#3C521) - this may cause problems in AutoCAD
copy process ignored ACDB_BLOCKREPRESENTATION_DATA(#3C533) - this may cause problems in AutoCAD
copy process ignored ACDB_BLOCKREPRESENTATION_DATA(#3C545) - this may cause problems in AutoCAD
copy process ignored ACDB_BLOCKREPRESENTATION_DATA(#3C557) - this may cause problems in AutoCAD
copy process ignored ACDB_BLOCKREPRESENTATION_DATA(#3C5B6) - this may cause problems in AutoCAD
copy process ignored ACDB_BLOCKREPRESENTATION_DATA(#3C5C8) - this may cause problems in AutoCAD
copy process ignored ACDB_BLOCKREPRESENTATION_DATA(#3C5DA) - this may cause problems in AutoCAD
copy process ignored ACDB_BLOCKREPRESENTATION_DATA(#3C5EC) - this may cause problems in AutoCAD
copy process ignored ACDB_BLOCKREPRESENTATION_DATA(#3C5FE) - this may cause problems in AutoCAD
copy process ignored ACDB_BLOCKREPRESENTATION_DATA(#3C65D) - this may cause problems in AutoCAD
copy process ignored ACDB_BLOCKREPRESENTATION_DATA(#3C66F) - this may cause problems in AutoCAD
copy process ignored ACDB_BLOCKREPRESENTATION_DATA(#3C6CE) - this may cause problems in AutoCAD
copy process ignored ACDB_BLOCKREPRESENTATION_DATA(#3C6E0) - this may cause problems in AutoCAD
copy process ignored ACDB_BLOCKREPRESENTATION_DATA(#3C6F2) - this may cause problems in AutoCAD
copy process ignored ACDB_BLOCKREPRESENTATION_DATA(#3C704) - this may cause problems in AutoCAD
copy process ignored ACDB_BLOCKREPRESENTATION_DATA(#3C716) - this may cause problems in AutoCAD
copy process ignored ACDB_BLOCKREPRESENTATION_DATA(#3C728) - this may cause problems in AutoCAD
copy process ignored ACDB_BLOCKREPRESENTATION_DATA(#3C73A) - this may cause problems in AutoCAD
copy process ignored ACDB_BLOCKREPRESENTATION_DATA(#3C74C) - this may cause problems in AutoCAD
copy process ignored ACDB_BLOCKREPRESENTATION_DATA(#3C75E) - this may cause problems in AutoCAD
copy process ignored ACDB_BLOCKREPRESENTATION_DATA(#3C770) - this may cause problems in AutoCAD
copy process ignored ACDB_BLOCKREPRESENTATION_DATA(#3C782) - this may cause problems in AutoCAD
copy process ignored ACDB_BLOCKREPRESENTATION_DATA(#3C794) - this may cause problems in AutoCAD
copy process ignored ACDB_BLOCKREPRESENTATION_DATA(#3C7A6) - this may cause problems in AutoCAD
copy process ignored ACDB_BLOCKREPRESENTATION_DATA(#3C7B8) - this may cause problems in AutoCAD
copy process ignored ACDB_BLOCKREPRESENTATION_DATA(#3C7CA) - this may cause problems in AutoCAD
copy process ignored ACDB_BLOCKREPRESENTATION_DATA(#3C7DC) - this may cause problems in AutoCAD
copy process ignored ACDB_BLOCKREPRESENTATION_DATA(#3C7EE) - this may cause problems in AutoCAD
copy process ignored ACDB_BLOCKREPRESENTATION_DATA(#3C800) - this may cause problems in AutoCAD
copy process ignored ACDB_BLOCKREPRESENTATION_DATA(#3C85F) - this may cause problems in AutoCAD
copy process ignored ACDB_BLOCKREPRESENTATION_DATA(#3C871) - this may cause problems in AutoCAD
copy process ignored ACDB_BLOCKREPRESENTATION_DATA(#3C883) - this may cause problems in AutoCAD
copy process ignored ACDB_BLOCKREPRESENTATION_DATA(#3C895) - this may cause problems in AutoCAD
copy process ignored ACDB_BLOCKREPRESENTATION_DATA(#3C8A7) - this may cause problems in AutoCAD
copy process ignored ACDB_BLOCKREPRESENTATION_DATA(#3C8B9) - this may cause problems in AutoCAD
copy process ignored ACDB_BLOCKREPRESENTATION_DATA(#3C8CB) - this may cause problems in AutoCAD
copy process ignored ACDB_BLOCKREPRESENTATION_DATA(#3C8DD) - this may cause problems in AutoCAD
copy process ignored ACDB_BLOCKREPRESENTATION_DATA(#3C8EF) - this may cause problems in AutoCAD
copy process ignored ACDB_BLOCKREPRESENTATION_DATA(#3C901) - this may cause problems in AutoCAD
copy process ignored ACDB_BLOCKREPRESENTATION_DATA(#3C913) - this may cause problems in AutoCAD
copy process ignored ACDB_BLOCKREPRESENTATION_DATA(#3C925) - this may cause problems in AutoCAD
copy process ignored ACDB_BLOCKREPRESENTATION_DATA(#3C987) - this may cause problems in AutoCAD
copy process ignored ACDB_BLOCKREPRESENTATION_DATA(#3C9F4) - this may cause problems in AutoCAD
copy process ignored ACDB_BLOCKREPRESENTATION_DATA(#3CA14) - this may cause problems in AutoCAD
copy process ignored ACDB_BLOCKREPRESENTATION_DATA(#3CA73) - this may cause problems in AutoCAD
copy process ignored ACDB_BLOCKREPRESENTATION_DATA(#3CA85) - this may cause problems in AutoCAD
copy process ignored ACDB_BLOCKREPRESENTATION_DATA(#3CA97) - this may cause problems in AutoCAD
copy process ignored ACDB_BLOCKREPRESENTATION_DATA(#44C7F) - this may cause problems in AutoCAD
copy process ignored ACDB_BLOCKREPRESENTATION_DATA(#44C89) - this may cause problems in AutoCAD
copy process ignored ACDB_BLOCKREPRESENTATION_DATA(#44CD7) - this may cause problems in AutoCAD
copy process ignored ACDB_BLOCKREPRESENTATION_DATA(#44CE2) - this may cause problems in AutoCAD
copy process ignored ACDB_BLOCKREPRESENTATION_DATA(#44CFF) - this may cause problems in AutoCAD
copy process ignored ACDB_BLOCKREPRESENTATION_DATA(#44D09) - this may cause problems in AutoCAD
copy process ignored ACDB_BLOCKREPRESENTATION_DATA(#44D22) - this may cause problems in AutoCAD
copy process ignored ACDB_BLOCKREPRESENTATION_DATA(#44D3A) - this may cause problems in AutoCAD
copy process ignored ACDB_BLOCKREPRESENTATION_DATA(#44D52) - this may cause problems in AutoCAD
copy process ignored ACDB_BLOCKREPRESENTATION_DATA(#44D5C) - this may cause problems in AutoCAD
copy process ignored ACDB_BLOCKREPRESENTATION_DATA(#44D76) - this may cause problems in AutoCAD
copy process ignored ACDB_BLOCKREPRESENTATION_DATA(#44D8D) - this may cause problems in AutoCAD
copy process ignored ACDB_BLOCKREPRESENTATION_DATA(#44D95) - this may cause problems in AutoCAD
copy process ignored ACDB_BLOCKREPRESENTATION_DATA(#44D9F) - this may cause problems in AutoCAD
copy process ignored ACDB_BLOCKREPRESENTATION_DATA(#44DA6) - this may cause problems in AutoCAD
copy process ignored ACDB_BLOCKREPRESENTATION_DATA(#44DE8) - this may cause problems in AutoCAD
copy process ignored ACDB_BLOCKREPRESENTATION_DATA(#44DF9) - this may cause problems in AutoCAD
copy process ignored ACDB_BLOCKREPRESENTATION_DATA(#44E36) - this may cause problems in AutoCAD
copy process ignored ACDB_BLOCKREPRESENTATION_DATA(#44E56) - this may cause problems in AutoCAD
copy process ignored ACDB_BLOCKREPRESENTATION_DATA(#44E60) - this may cause problems in AutoCAD
copy process ignored ACDB_BLOCKREPRESENTATION_DATA(#39B01) - this may cause problems in AutoCAD
copy process ignored ACDB_BLOCKREPRESENTATION_DATA(#39B27) - this may cause problems in AutoCAD
copy process ignored ACDB_BLOCKREPRESENTATION_DATA(#39B54) - this may cause problems in AutoCAD
copy process ignored ACDB_BLOCKREPRESENTATION_DATA(#39B71) - this may cause problems in AutoCAD
copy process ignored ACDB_BLOCKREPRESENTATION_DATA(#39B79) - this may cause problems in AutoCAD
copy process ignored ACDB_BLOCKREPRESENTATION_DATA(#39B81) - this may cause problems in AutoCAD
copy process ignored ACDB_BLOCKREPRESENTATION_DATA(#39B89) - this may cause problems in AutoCAD
copy process ignored ACDB_BLOCKREPRESENTATION_DATA(#39B91) - this may cause problems in AutoCAD
copy process ignored ACDB_BLOCKREPRESENTATION_DATA(#39B99) - this may cause problems in AutoCAD
copy process ignored ACDB_BLOCKREPRESENTATION_DATA(#39BA1) - this may cause problems in AutoCAD
copy process ignored ACDB_BLOCKREPRESENTATION_DATA(#39BB0) - this may cause problems in AutoCAD
copy process ignored ACDB_BLOCKREPRESENTATION_DATA(#39BB8) - this may cause problems in AutoCAD
copy process ignored ACDB_BLOCKREPRESENTATION_DATA(#39BC0) - this may cause problems in AutoCAD
copy process ignored ACDB_BLOCKREPRESENTATION_DATA(#39BC8) - this may cause problems in AutoCAD
copy process ignored ACDB_BLOCKREPRESENTATION_DATA(#39BD0) - this may cause problems in AutoCAD
copy process ignored ACDB_BLOCKREPRESENTATION_DATA(#39BD8) - this may cause problems in AutoCAD
copy process ignored ACDB_BLOCKREPRESENTATION_DATA(#39BE0) - this may cause problems in AutoCAD
copy process ignored ACDB_BLOCKREPRESENTATION_DATA(#39BE8) - this may cause problems in AutoCAD
copy process ignored ACDB_BLOCKREPRESENTATION_DATA(#39BF7) - this may cause problems in AutoCAD
copy process ignored ACDB_BLOCKREPRESENTATION_DATA(#39C06) - this may cause problems in AutoCAD
copy process ignored ACDB_BLOCKREPRESENTATION_DATA(#39C15) - this may cause problems in AutoCAD
copy process ignored ACDB_BLOCKREPRESENTATION_DATA(#39C24) - this may cause problems in AutoCAD
copy process ignored ACDB_BLOCKREPRESENTATION_DATA(#39C33) - this may cause problems in AutoCAD
copy process ignored ACDB_BLOCKREPRESENTATION_DATA(#39C3B) - this may cause problems in AutoCAD
copy process ignored ACDB_BLOCKREPRESENTATION_DATA(#39C43) - this may cause problems in AutoCAD
copy process ignored ACDB_BLOCKREPRESENTATION_DATA(#39C4E) - this may cause problems in AutoCAD
copy process ignored ACDB_BLOCKREPRESENTATION_DATA(#39C59) - this may cause problems in AutoCAD
copy process ignored ACDB_BLOCKREPRESENTATION_DATA(#39C64) - this may cause problems in AutoCAD
copy process ignored ACDB_BLOCKREPRESENTATION_DATA(#39C6F) - this may cause problems in AutoCAD
copy process ignored ACDB_BLOCKREPRESENTATION_DATA(#39C7A) - this may cause problems in AutoCAD
copy process ignored ACDB_BLOCKREPRESENTATION_DATA(#39C85) - this may cause problems in AutoCAD
copy process ignored ACDB_BLOCKREPRESENTATION_DATA(#39C90) - this may cause problems in AutoCAD
copy process ignored ACDB_BLOCKREPRESENTATION_DATA(#39C9B) - this may cause problems in AutoCAD
copy process ignored ACDB_BLOCKREPRESENTATION_DATA(#39CA6) - this may cause problems in AutoCAD
copy process ignored ACDB_BLOCKREPRESENTATION_DATA(#39CB1) - this may cause problems in AutoCAD
copy process ignored ACDB_BLOCKREPRESENTATION_DATA(#39CBC) - this may cause problems in AutoCAD
copy process ignored ACDB_BLOCKREPRESENTATION_DATA(#39CC7) - this may cause problems in AutoCAD
copy process ignored ACDB_BLOCKREPRESENTATION_DATA(#39CD2) - this may cause problems in AutoCAD
copy process ignored ACDB_BLOCKREPRESENTATION_DATA(#39CDD) - this may cause problems in AutoCAD
copy process ignored ACDB_BLOCKREPRESENTATION_DATA(#39CE8) - this may cause problems in AutoCAD
copy process ignored ACDB_BLOCKREPRESENTATION_DATA(#39CF3) - this may cause problems in AutoCAD
copy process ignored ACDB_BLOCKREPRESENTATION_DATA(#39CFE) - this may cause problems in AutoCAD
copy process ignored ACDB_BLOCKREPRESENTATION_DATA(#39D09) - this may cause problems in AutoCAD
copy process ignored ACDB_BLOCKREPRESENTATION_DATA(#39D14) - this may cause problems in AutoCAD
copy process ignored ACDB_BLOCKREPRESENTATION_DATA(#39D1F) - this may cause problems in AutoCAD
copy process ignored ACDB_BLOCKREPRESENTATION_DATA(#39D2A) - this may cause problems in AutoCAD
copy process ignored ACDB_BLOCKREPRESENTATION_DATA(#39D35) - this may cause problems in AutoCAD
copy process ignored ACDB_BLOCKREPRESENTATION_DATA(#39D40) - this may cause problems in AutoCAD
copy process ignored ACDB_BLOCKREPRESENTATION_DATA(#39D4B) - this may cause problems in AutoCAD
copy process ignored ACDB_BLOCKREPRESENTATION_DATA(#39D56) - this may cause problems in AutoCAD
copy process ignored ACDB_BLOCKREPRESENTATION_DATA(#39D61) - this may cause problems in AutoCAD
copy process ignored ACDB_BLOCKREPRESENTATION_DATA(#39D6C) - this may cause problems in AutoCAD
copy process ignored ACDB_BLOCKREPRESENTATION_DATA(#39D77) - this may cause problems in AutoCAD
copy process ignored ACDB_BLOCKREPRESENTATION_DATA(#39D82) - this may cause problems in AutoCAD
copy process ignored ACDB_BLOCKREPRESENTATION_DATA(#39D8D) - this may cause problems in AutoCAD
copy process ignored ACDB_BLOCKREPRESENTATION_DATA(#39D98) - this may cause problems in AutoCAD
copy process ignored ACDB_BLOCKREPRESENTATION_DATA(#39DA3) - this may cause problems in AutoCAD
copy process ignored ACDB_BLOCKREPRESENTATION_DATA(#39DAE) - this may cause problems in AutoCAD
copy process ignored ACDB_BLOCKREPRESENTATION_DATA(#39DB9) - this may cause problems in AutoCAD
copy process ignored ACDB_BLOCKREPRESENTATION_DATA(#39DC4) - this may cause problems in AutoCAD
copy process ignored ACDB_BLOCKREPRESENTATION_DATA(#39DCF) - this may cause problems in AutoCAD
copy process ignored ACDB_BLOCKREPRESENTATION_DATA(#39DDA) - this may cause problems in AutoCAD
copy process ignored ACDB_BLOCKREPRESENTATION_DATA(#39DE5) - this may cause problems in AutoCAD
copy process ignored ACDB_BLOCKREPRESENTATION_DATA(#39DF0) - this may cause problems in AutoCAD
copy process ignored ACDB_BLOCKREPRESENTATION_DATA(#39DFB) - this may cause problems in AutoCAD
copy process ignored ACDB_BLOCKREPRESENTATION_DATA(#39E06) - this may cause problems in AutoCAD
copy process ignored ACDB_BLOCKREPRESENTATION_DATA(#39E11) - this may cause problems in AutoCAD
copy process ignored ACDB_BLOCKREPRESENTATION_DATA(#39E1C) - this may cause problems in AutoCAD
copy process ignored ACDB_BLOCKREPRESENTATION_DATA(#39E27) - this may cause problems in AutoCAD
copy process ignored ACDB_BLOCKREPRESENTATION_DATA(#39E3A) - this may cause problems in AutoCAD
copy process ignored ACDB_BLOCKREPRESENTATION_DATA(#39E45) - this may cause problems in AutoCAD
copy process ignored ACDB_BLOCKREPRESENTATION_DATA(#39E50) - this may cause problems in AutoCAD
copy process ignored ACDB_BLOCKREPRESENTATION_DATA(#39E5B) - this may cause problems in AutoCAD
copy process ignored ACDB_BLOCKREPRESENTATION_DATA(#39E68) - this may cause problems in AutoCAD
copy process ignored ACDB_BLOCKREPRESENTATION_DATA(#39E73) - this may cause problems in AutoCAD
copy process ignored ACDB_BLOCKREPRESENTATION_DATA(#39E7E) - this may cause problems in AutoCAD
copy process ignored ACDB_BLOCKREPRESENTATION_DATA(#39E89) - this may cause problems in AutoCAD
copy process ignored ACDB_BLOCKREPRESENTATION_DATA(#39E94) - this may cause problems in AutoCAD
copy process ignored ACDB_BLOCKREPRESENTATION_DATA(#39EA3) - this may cause problems in AutoCAD
copy process ignored ACDB_BLOCKREPRESENTATION_DATA(#39EB2) - this may cause problems in AutoCAD
copy process ignored ACDB_BLOCKREPRESENTATION_DATA(#39EC1) - this may cause problems in AutoCAD
copy process ignored ACDB_BLOCKREPRESENTATION_DATA(#39ED0) - this may cause problems in AutoCAD
copy process ignored ACDB_BLOCKREPRESENTATION_DATA(#39EE2) - this may cause problems in AutoCAD
copy process ignored ACDB_BLOCKREPRESENTATION_DATA(#39EEA) - this may cause problems in AutoCAD
copy process ignored ACDB_BLOCKREPRESENTATION_DATA(#39EFC) - this may cause problems in AutoCAD
copy process ignored ACDB_BLOCKREPRESENTATION_DATA(#39F0E) - this may cause problems in AutoCAD
copy process ignored ACDB_BLOCKREPRESENTATION_DATA(#39F20) - this may cause problems in AutoCAD
copy process ignored ACDB_BLOCKREPRESENTATION_DATA(#39F28) - this may cause problems in AutoCAD
copy process ignored ACDB_BLOCKREPRESENTATION_DATA(#39F3A) - this may cause problems in AutoCAD
copy process ignored ACDB_BLOCKREPRESENTATION_DATA(#39F42) - this may cause problems in AutoCAD
copy process ignored ACDB_BLOCKREPRESENTATION_DATA(#39F54) - this may cause problems in AutoCAD
copy process ignored ACDB_BLOCKREPRESENTATION_DATA(#39F66) - this may cause problems in AutoCAD
copy process ignored ACDB_BLOCKREPRESENTATION_DATA(#39F6E) - this may cause problems in AutoCAD
copy process ignored ACDB_BLOCKREPRESENTATION_DATA(#39F76) - this may cause problems in AutoCAD
copy process ignored ACDB_BLOCKREPRESENTATION_DATA(#39F88) - this may cause problems in AutoCAD
copy process ignored ACDB_BLOCKREPRESENTATION_DATA(#39F9A) - this may cause problems in AutoCAD
copy process ignored ACDB_BLOCKREPRESENTATION_DATA(#39FA2) - this may cause problems in AutoCAD
copy process ignored ACDB_BLOCKREPRESENTATION_DATA(#39FB4) - this may cause problems in AutoCAD
copy process ignored ACDB_BLOCKREPRESENTATION_DATA(#39FBC) - this may cause problems in AutoCAD
copy process ignored ACDB_BLOCKREPRESENTATION_DATA(#39FCE) - this may cause problems in AutoCAD
copy process ignored ACDB_BLOCKREPRESENTATION_DATA(#39FE0) - this may cause problems in AutoCAD
copy process ignored ACDB_BLOCKREPRESENTATION_DATA(#39FF2) - this may cause problems in AutoCAD
copy process ignored ACDB_BLOCKREPRESENTATION_DATA(#3A004) - this may cause problems in AutoCAD
copy process ignored ACDB_BLOCKREPRESENTATION_DATA(#3A016) - this may cause problems in AutoCAD
copy process ignored ACDB_BLOCKREPRESENTATION_DATA(#3A028) - this may cause problems in AutoCAD
copy process ignored ACDB_BLOCKREPRESENTATION_DATA(#3A03A) - this may cause problems in AutoCAD
copy process ignored ACDB_BLOCKREPRESENTATION_DATA(#3A042) - this may cause problems in AutoCAD
copy process ignored ACDB_BLOCKREPRESENTATION_DATA(#3A054) - this may cause problems in AutoCAD
copy process ignored ACDB_BLOCKREPRESENTATION_DATA(#3A066) - this may cause problems in AutoCAD
copy process ignored ACDB_BLOCKREPRESENTATION_DATA(#3A06E) - this may cause problems in AutoCAD
copy process ignored ACDB_BLOCKREPRESENTATION_DATA(#3A080) - this may cause problems in AutoCAD
copy process ignored ACDB_BLOCKREPRESENTATION_DATA(#3A088) - this may cause problems in AutoCAD
copy process ignored ACDB_BLOCKREPRESENTATION_DATA(#3A090) - this may cause problems in AutoCAD
copy process ignored ACDB_BLOCKREPRESENTATION_DATA(#3A098) - this may cause problems in AutoCAD
copy process ignored ACDB_BLOCKREPRESENTATION_DATA(#3A0AA) - this may cause problems in AutoCAD
copy process ignored ACDB_BLOCKREPRESENTATION_DATA(#3A0BC) - this may cause problems in AutoCAD
copy process ignored ACDB_BLOCKREPRESENTATION_DATA(#3A0C7) - this may cause problems in AutoCAD
copy process ignored ACDB_BLOCKREPRESENTATION_DATA(#3A0D9) - this may cause problems in AutoCAD
copy process ignored ACDB_BLOCKREPRESENTATION_DATA(#3A0EB) - this may cause problems in AutoCAD
copy process ignored ACDB_BLOCKREPRESENTATION_DATA(#3A0FD) - this may cause problems in AutoCAD
copy process ignored ACDB_BLOCKREPRESENTATION_DATA(#3A10F) - this may cause problems in AutoCAD
copy process ignored ACDB_BLOCKREPRESENTATION_DATA(#3A117) - this may cause problems in AutoCAD
copy process ignored ACDB_BLOCKREPRESENTATION_DATA(#3A129) - this may cause problems in AutoCAD
copy process ignored ACDB_BLOCKREPRESENTATION_DATA(#3A13B) - this may cause problems in AutoCAD
copy process ignored ACDB_BLOCKREPRESENTATION_DATA(#3A14D) - this may cause problems in AutoCAD
copy process ignored ACDB_BLOCKREPRESENTATION_DATA(#3A15F) - this may cause problems in AutoCAD
copy process ignored ACDB_BLOCKREPRESENTATION_DATA(#3A171) - this may cause problems in AutoCAD
copy process ignored ACDB_BLOCKREPRESENTATION_DATA(#3A183) - this may cause problems in AutoCAD
copy process ignored ACDB_BLOCKREPRESENTATION_DATA(#3A195) - this may cause problems in AutoCAD
copy process ignored ACDB_BLOCKREPRESENTATION_DATA(#3A1A7) - this may cause problems in AutoCAD
copy process ignored ACDB_BLOCKREPRESENTATION_DATA(#3A1B9) - this may cause problems in AutoCAD
copy process ignored ACDB_BLOCKREPRESENTATION_DATA(#3A1CB) - this may cause problems in AutoCAD
copy process ignored ACDB_BLOCKREPRESENTATION_DATA(#3A1DD) - this may cause problems in AutoCAD
copy process ignored ACDB_BLOCKREPRESENTATION_DATA(#3A1EF) - this may cause problems in AutoCAD
copy process ignored ACDB_BLOCKREPRESENTATION_DATA(#3A289) - this may cause problems in AutoCAD
copy process ignored ACDB_BLOCKREPRESENTATION_DATA(#3A341) - this may cause problems in AutoCAD
copy process ignored ACDB_BLOCKREPRESENTATION_DATA(#3A378) - this may cause problems in AutoCAD
copy process ignored ACDB_BLOCKREPRESENTATION_DATA(#3A389) - this may cause problems in AutoCAD
copy process ignored ACDB_BLOCKREPRESENTATION_DATA(#3A3A4) - this may cause problems in AutoCAD
copy process ignored ACDB_BLOCKREPRESENTATION_DATA(#3A3C7) - this may cause problems in AutoCAD
copy process ignored ACDB_BLOCKREPRESENTATION_DATA(#3A481) - this may cause problems in AutoCAD
copy process ignored ACDB_BLOCKREPRESENTATION_DATA(#44EA2) - this may cause problems in AutoCAD
copy process ignored ACDB_BLOCKREPRESENTATION_DATA(#44EB3) - this may cause problems in AutoCAD
copy process ignored ACDB_BLOCKREPRESENTATION_DATA(#44EF0) - this may cause problems in AutoCAD
copy process ignored ACDB_BLOCKREPRESENTATION_DATA(#44F10) - this may cause problems in AutoCAD
copy process ignored ACDB_BLOCKREPRESENTATION_DATA(#44F1A) - this may cause problems in AutoCAD
copy process ignored ACDB_BLOCKREPRESENTATION_DATA(#44F5B) - this may cause problems in AutoCAD
copy process ignored ACDB_BLOCKREPRESENTATION_DATA(#44F6C) - this may cause problems in AutoCAD
copy process ignored ACDB_BLOCKREPRESENTATION_DATA(#44FA9) - this may cause problems in AutoCAD
copy process ignored ACDB_BLOCKREPRESENTATION_DATA(#44FC9) - this may cause problems in AutoCAD
copy process ignored ACDB_BLOCKREPRESENTATION_DATA(#44FD3) - this may cause problems in AutoCAD
copy process ignored ACDB_BLOCKREPRESENTATION_DATA(#45014) - this may cause problems in AutoCAD
copy process ignored ACDB_BLOCKREPRESENTATION_DATA(#45025) - this may cause problems in AutoCAD
copy process ignored ACDB_BLOCKREPRESENTATION_DATA(#45062) - this may cause problems in AutoCAD
copy process ignored ACDB_BLOCKREPRESENTATION_DATA(#45082) - this may cause problems in AutoCAD
copy process ignored ACDB_BLOCKREPRESENTATION_DATA(#4508C) - this may cause problems in AutoCAD
copy process ignored ACDB_BLOCKREPRESENTATION_DATA(#450CD) - this may cause problems in AutoCAD
copy process ignored ACDB_BLOCKREPRESENTATION_DATA(#450DE) - this may cause problems in AutoCAD
copy process ignored ACDB_BLOCKREPRESENTATION_DATA(#4511B) - this may cause problems in AutoCAD
copy process ignored ACDB_BLOCKREPRESENTATION_DATA(#4513B) - this may cause problems in AutoCAD
copy process ignored ACDB_BLOCKREPRESENTATION_DATA(#45145) - this may cause problems in AutoCAD
copy process ignored ACDB_BLOCKREPRESENTATION_DATA(#45186) - this may cause problems in AutoCAD
copy process ignored ACDB_BLOCKREPRESENTATION_DATA(#45197) - this may cause problems in AutoCAD
copy process ignored ACDB_BLOCKREPRESENTATION_DATA(#451D4) - this may cause problems in AutoCAD
copy process ignored ACDB_BLOCKREPRESENTATION_DATA(#451F4) - this may cause problems in AutoCAD
copy process ignored ACDB_BLOCKREPRESENTATION_DATA(#451FE) - this may cause problems in AutoCAD
copy process ignored ACDB_BLOCKREPRESENTATION_DATA(#4523F) - this may cause problems in AutoCAD
copy process ignored ACDB_BLOCKREPRESENTATION_DATA(#45250) - this may cause problems in AutoCAD
copy process ignored ACDB_BLOCKREPRESENTATION_DATA(#4528D) - this may cause problems in AutoCAD
copy process ignored ACDB_BLOCKREPRESENTATION_DATA(#452AD) - this may cause problems in AutoCAD
copy process ignored ACDB_BLOCKREPRESENTATION_DATA(#452B7) - this may cause problems in AutoCAD
copy process ignored ACDB_BLOCKREPRESENTATION_DATA(#452F8) - this may cause problems in AutoCAD
copy process ignored ACDB_BLOCKREPRESENTATION_DATA(#45309) - this may cause problems in AutoCAD
copy process ignored ACDB_BLOCKREPRESENTATION_DATA(#45346) - this may cause problems in AutoCAD
copy process ignored ACDB_BLOCKREPRESENTATION_DATA(#45366) - this may cause problems in AutoCAD
copy process ignored ACDB_BLOCKREPRESENTATION_DATA(#45370) - this may cause problems in AutoCAD
copy process ignored ACDB_BLOCKREPRESENTATION_DATA(#42F78) - this may cause problems in AutoCAD
copy process ignored ACDB_BLOCKREPRESENTATION_DATA(#42F89) - this may cause problems in AutoCAD
copy process ignored ACDB_BLOCKREPRESENTATION_DATA(#42FC6) - this may cause problems in AutoCAD
copy process ignored ACDB_BLOCKREPRESENTATION_DATA(#42FE6) - this may cause problems in AutoCAD
copy process ignored ACDB_BLOCKREPRESENTATION_DATA(#42FF0) - this may cause problems in AutoCAD
copy process ignored ACDB_BLOCKREPRESENTATION_DATA(#453C1) - this may cause problems in AutoCAD
copy process ignored ACDB_BLOCKREPRESENTATION_DATA(#453D2) - this may cause problems in AutoCAD
copy process ignored ACDB_BLOCKREPRESENTATION_DATA(#4540F) - this may cause problems in AutoCAD
copy process ignored ACDB_BLOCKREPRESENTATION_DATA(#4542F) - this may cause problems in AutoCAD
copy process ignored ACDB_BLOCKREPRESENTATION_DATA(#45439) - this may cause problems in AutoCAD
copy process ignored ACDB_BLOCKREPRESENTATION_DATA(#4546E) - this may cause problems in AutoCAD
copy process ignored ACDB_BLOCKREPRESENTATION_DATA(#45484) - this may cause problems in AutoCAD
copy process ignored ACDB_BLOCKREPRESENTATION_DATA(#4549D) - this may cause problems in AutoCAD
copy process ignored ACDB_BLOCKREPRESENTATION_DATA(#454AC) - this may cause problems in AutoCAD
copy process ignored ACDB_BLOCKREPRESENTATION_DATA(#454C7) - this may cause problems in AutoCAD
copy process ignored ACDB_BLOCKREPRESENTATION_DATA(#454CE) - this may cause problems in AutoCAD
copy process ignored ACDB_BLOCKREPRESENTATION_DATA(#454EE) - this may cause problems in AutoCAD
copy process ignored ACDB_BLOCKREPRESENTATION_DATA(#45506) - this may cause problems in AutoCAD
copy process ignored ACDB_BLOCKREPRESENTATION_DATA(#4551F) - this may cause problems in AutoCAD
copy process ignored ACDB_BLOCKREPRESENTATION_DATA(#4553A) - this may cause problems in AutoCAD
copy process ignored ACDB_BLOCKREPRESENTATION_DATA(#45557) - this may cause problems in AutoCAD
copy process ignored ACDB_BLOCKREPRESENTATION_DATA(#45561) - this may cause problems in AutoCAD
copy process ignored ACDB_BLOCKREPRESENTATION_DATA(#455A2) - this may cause problems in AutoCAD
copy process ignored ACDB_BLOCKREPRESENTATION_DATA(#455B8) - this may cause problems in AutoCAD
copy process ignored ACDB_BLOCKREPRESENTATION_DATA(#455D1) - this may cause problems in AutoCAD
copy process ignored ACDB_BLOCKREPRESENTATION_DATA(#455E0) - this may cause problems in AutoCAD
copy process ignored ACDB_BLOCKREPRESENTATION_DATA(#455FB) - this may cause problems in AutoCAD
copy process ignored ACDB_BLOCKREPRESENTATION_DATA(#45602) - this may cause problems in AutoCAD
copy process ignored ACDB_BLOCKREPRESENTATION_DATA(#45622) - this may cause problems in AutoCAD
copy process ignored ACDB_BLOCKREPRESENTATION_DATA(#4563A) - this may cause problems in AutoCAD
copy process ignored ACDB_BLOCKREPRESENTATION_DATA(#45653) - this may cause problems in AutoCAD
copy process ignored ACDB_BLOCKREPRESENTATION_DATA(#4566E) - this may cause problems in AutoCAD
copy process ignored ACDB_BLOCKREPRESENTATION_DATA(#4568B) - this may cause problems in AutoCAD
copy process ignored ACDB_BLOCKREPRESENTATION_DATA(#45695) - this may cause problems in AutoCAD
copy process ignored ACDB_BLOCKREPRESENTATION_DATA(#413A5) - this may cause problems in AutoCAD
copy process ignored ACDB_BLOCKREPRESENTATION_DATA(#413B6) - this may cause problems in AutoCAD
copy process ignored ACDB_BLOCKREPRESENTATION_DATA(#413F3) - this may cause problems in AutoCAD
copy process ignored ACDB_BLOCKREPRESENTATION_DATA(#41413) - this may cause problems in AutoCAD
copy process ignored ACDB_BLOCKREPRESENTATION_DATA(#4141D) - this may cause problems in AutoCAD
copy process ignored ACDB_BLOCKREPRESENTATION_DATA(#3AFFB) - this may cause problems in AutoCAD
copy process ignored ACDB_BLOCKREPRESENTATION_DATA(#3B05F) - this may cause problems in AutoCAD
copy process ignored ACDB_BLOCKREPRESENTATION_DATA(#3B143) - this may cause problems in AutoCAD
copy process ignored ACDB_BLOCKREPRESENTATION_DATA(#3B152) - this may cause problems in AutoCAD
copy process ignored ACDB_BLOCKREPRESENTATION_DATA(#3B173) - this may cause problems in AutoCAD
copy process ignored ACDB_BLOCKREPRESENTATION_DATA(#3B1B7) - this may cause problems in AutoCAD
copy process ignored ACDB_BLOCKREPRESENTATION_DATA(#4570A) - this may cause problems in AutoCAD
copy process ignored ACDB_BLOCKREPRESENTATION_DATA(#45723) - this may cause problems in AutoCAD
copy process ignored ACDB_BLOCKREPRESENTATION_DATA(#4572B) - this may cause problems in AutoCAD
copy process ignored ACDB_BLOCKREPRESENTATION_DATA(#45752) - this may cause problems in AutoCAD
copy process ignored ACDB_BLOCKREPRESENTATION_DATA(#4576F) - this may cause problems in AutoCAD
copy process ignored ACDB_BLOCKREPRESENTATION_DATA(#4578C) - this may cause problems in AutoCAD
copy process ignored ACDB_BLOCKREPRESENTATION_DATA(#45796) - this may cause problems in AutoCAD
copy process ignored ACDB_BLOCKREPRESENTATION_DATA(#457AE) - this may cause problems in AutoCAD
copy process ignored ACDB_BLOCKREPRESENTATION_DATA(#457B8) - this may cause problems in AutoCAD
copy process ignored ACDB_BLOCKREPRESENTATION_DATA(#457D1) - this may cause problems in AutoCAD
copy process ignored ACDB_BLOCKREPRESENTATION_DATA(#457EB) - this may cause problems in AutoCAD
copy process ignored ACDB_BLOCKREPRESENTATION_DATA(#4580A) - this may cause problems in AutoCAD
copy process ignored ACDB_BLOCKREPRESENTATION_DATA(#45818) - this may cause problems in AutoCAD
copy process ignored ACDB_BLOCKREPRESENTATION_DATA(#45822) - this may cause problems in AutoCAD
copy process ignored ACDB_BLOCKREPRESENTATION_DATA(#4585A) - this may cause problems in AutoCAD
copy process ignored ACDB_BLOCKREPRESENTATION_DATA(#45862) - this may cause problems in AutoCAD
copy process ignored ACDB_BLOCKREPRESENTATION_DATA(#4586A) - this may cause problems in AutoCAD
copy process ignored ACDB_BLOCKREPRESENTATION_DATA(#45898) - this may cause problems in AutoCAD
copy process ignored ACDB_BLOCKREPRESENTATION_DATA(#458A6) - this may cause problems in AutoCAD
copy process ignored ACDB_BLOCKREPRESENTATION_DATA(#458E1) - this may cause problems in AutoCAD
copy process ignored ACDB_BLOCKREPRESENTATION_DATA(#4594A) - this may cause problems in AutoCAD
copy process ignored ACDB_BLOCKREPRESENTATION_DATA(#45967) - this may cause problems in AutoCAD
copy process ignored ACDB_BLOCKREPRESENTATION_DATA(#45975) - this may cause problems in AutoCAD
copy process ignored ACDB_BLOCKREPRESENTATION_DATA(#4597F) - this may cause problems in AutoCAD
copy process ignored ACDB_BLOCKREPRESENTATION_DATA(#459B7) - this may cause problems in AutoCAD
copy process ignored ACDB_BLOCKREPRESENTATION_DATA(#459BF) - this may cause problems in AutoCAD
copy process ignored ACDB_BLOCKREPRESENTATION_DATA(#459C7) - this may cause problems in AutoCAD
copy process ignored ACDB_BLOCKREPRESENTATION_DATA(#459F5) - this may cause problems in AutoCAD
copy process ignored ACDB_BLOCKREPRESENTATION_DATA(#45A03) - this may cause problems in AutoCAD
copy process ignored ACDB_BLOCKREPRESENTATION_DATA(#45A3E) - this may cause problems in AutoCAD
copy process ignored ACDB_BLOCKREPRESENTATION_DATA(#45AA7) - this may cause problems in AutoCAD
copy process ignored ACDB_BLOCKREPRESENTATION_DATA(#45AE8) - this may cause problems in AutoCAD
copy process ignored ACDB_BLOCKREPRESENTATION_DATA(#45B01) - this may cause problems in AutoCAD
copy process ignored ACDB_BLOCKREPRESENTATION_DATA(#45B09) - this may cause problems in AutoCAD
copy process ignored ACDB_BLOCKREPRESENTATION_DATA(#45B30) - this may cause problems in AutoCAD
copy process ignored ACDB_BLOCKREPRESENTATION_DATA(#45B4D) - this may cause problems in AutoCAD
copy process ignored ACDB_BLOCKREPRESENTATION_DATA(#45B6A) - this may cause problems in AutoCAD
copy process ignored ACDB_BLOCKREPRESENTATION_DATA(#45B74) - this may cause problems in AutoCAD
copy process ignored ACDB_BLOCKREPRESENTATION_DATA(#45B8C) - this may cause problems in AutoCAD
copy process ignored ACDB_BLOCKREPRESENTATION_DATA(#45B96) - this may cause problems in AutoCAD
copy process ignored ACDB_BLOCKREPRESENTATION_DATA(#45BAF) - this may cause problems in AutoCAD
copy process ignored ACDB_BLOCKREPRESENTATION_DATA(#45BC9) - this may cause problems in AutoCAD
copy process ignored ACDB_BLOCKREPRESENTATION_DATA(#3BCBD) - this may cause problems in AutoCAD
copy process ignored ACDB_BLOCKREPRESENTATION_DATA(#3BCC4) - this may cause problems in AutoCAD
copy process ignored ACDB_BLOCKREPRESENTATION_DATA(#3BCDB) - this may cause problems in AutoCAD
copy process ignored ACDB_BLOCKREPRESENTATION_DATA(#3BD0D) - this may cause problems in AutoCAD
copy process ignored ACDB_BLOCKREPRESENTATION_DATA(#3BD2F) - this may cause problems in AutoCAD
copy process ignored ACDB_BLOCKREPRESENTATION_DATA(#3BD76) - this may cause problems in AutoCAD
copy process ignored ACDB_BLOCKREPRESENTATION_DATA(#3BDA7) - this may cause problems in AutoCAD
copy process ignored ACDB_BLOCKREPRESENTATION_DATA(#3BDC4) - this may cause problems in AutoCAD
copy process ignored ACDB_BLOCKREPRESENTATION_DATA(#3BDD7) - this may cause problems in AutoCAD
copy process ignored ACDB_BLOCKREPRESENTATION_DATA(#3BE18) - this may cause problems in AutoCAD
copy process ignored ACDB_BLOCKREPRESENTATION_DATA(#3BE2C) - this may cause problems in AutoCAD
copy process ignored ACDB_BLOCKREPRESENTATION_DATA(#45C05) - this may cause problems in AutoCAD
copy process ignored ACDB_BLOCKREPRESENTATION_DATA(#45C0C) - this may cause problems in AutoCAD
copy process ignored ACDB_BLOCKREPRESENTATION_DATA(#45C23) - this may cause problems in AutoCAD
copy process ignored ACDB_BLOCKREPRESENTATION_DATA(#45C3C) - this may cause problems in AutoCAD
copy process ignored ACDB_BLOCKREPRESENTATION_DATA(#45C4B) - this may cause problems in AutoCAD
copy process ignored ACDB_BLOCKREPRESENTATION_DATA(#45C79) - this may cause problems in AutoCAD
copy process ignored ACDB_BLOCKREPRESENTATION_DATA(#45C91) - this may cause problems in AutoCAD
copy process ignored ACDB_BLOCKREPRESENTATION_DATA(#45CAE) - this may cause problems in AutoCAD
copy process ignored ACDB_BLOCKREPRESENTATION_DATA(#45CC1) - this may cause problems in AutoCAD
copy process ignored ACDB_BLOCKREPRESENTATION_DATA(#45CE9) - this may cause problems in AutoCAD
copy process ignored ACDB_BLOCKREPRESENTATION_DATA(#45CFD) - this may cause problems in AutoCAD
copy process ignored ACDB_BLOCKREPRESENTATION_DATA(#45D4D) - this may cause problems in AutoCAD
copy process ignored ACDB_BLOCKREPRESENTATION_DATA(#45D5E) - this may cause problems in AutoCAD
copy process ignored ACDB_BLOCKREPRESENTATION_DATA(#45D67) - this may cause problems in AutoCAD
copy process ignored ACDB_BLOCKREPRESENTATION_DATA(#45DA3) - this may cause problems in AutoCAD
copy process ignored ACDB_BLOCKREPRESENTATION_DATA(#45DC3) - this may cause problems in AutoCAD
copy process ignored ACDB_BLOCKREPRESENTATION_DATA(#45DCD) - this may cause problems in AutoCAD
copy process ignored ACDB_BLOCKREPRESENTATION_DATA(#45E0D) - this may cause problems in AutoCAD
copy process ignored ACDB_BLOCKREPRESENTATION_DATA(#45E26) - this may cause problems in AutoCAD
copy process ignored ACDB_BLOCKREPRESENTATION_DATA(#45E2E) - this may cause problems in AutoCAD
copy process ignored ACDB_BLOCKREPRESENTATION_DATA(#45E55) - this may cause problems in AutoCAD
copy process ignored ACDB_BLOCKREPRESENTATION_DATA(#45E72) - this may cause problems in AutoCAD
copy process ignored ACDB_BLOCKREPRESENTATION_DATA(#45E8F) - this may cause problems in AutoCAD
copy process ignored ACDB_BLOCKREPRESENTATION_DATA(#45E99) - this may cause problems in AutoCAD
copy process ignored ACDB_BLOCKREPRESENTATION_DATA(#45EB1) - this may cause problems in AutoCAD
copy process ignored ACDB_BLOCKREPRESENTATION_DATA(#45EBB) - this may cause problems in AutoCAD
copy process ignored ACDB_BLOCKREPRESENTATION_DATA(#45ED4) - this may cause problems in AutoCAD
copy process ignored ACDB_BLOCKREPRESENTATION_DATA(#45EEE) - this may cause problems in AutoCAD
copy process ignored ACDB_BLOCKREPRESENTATION_DATA(#45F1B) - this may cause problems in AutoCAD
copy process ignored ACDB_BLOCKREPRESENTATION_DATA(#45F2C) - this may cause problems in AutoCAD
copy process ignored ACDB_BLOCKREPRESENTATION_DATA(#45F69) - this may cause problems in AutoCAD
copy process ignored ACDB_BLOCKREPRESENTATION_DATA(#45F89) - this may cause problems in AutoCAD
copy process ignored ACDB_BLOCKREPRESENTATION_DATA(#45F93) - this may cause problems in AutoCAD
copy process ignored ACDB_BLOCKREPRESENTATION_DATA(#45FD4) - this may cause problems in AutoCAD
copy process ignored ACDB_BLOCKREPRESENTATION_DATA(#45FE5) - this may cause problems in AutoCAD
copy process ignored ACDB_BLOCKREPRESENTATION_DATA(#46022) - this may cause problems in AutoCAD
copy process ignored ACDB_BLOCKREPRESENTATION_DATA(#46042) - this may cause problems in AutoCAD
copy process ignored ACDB_BLOCKREPRESENTATION_DATA(#4604C) - this may cause problems in AutoCAD
copy process ignored ACDB_BLOCKREPRESENTATION_DATA(#39666) - this may cause problems in AutoCAD
copy process ignored ACDB_BLOCKREPRESENTATION_DATA(#39670) - this may cause problems in AutoCAD
copy process ignored ACDB_BLOCKREPRESENTATION_DATA(#396BE) - this may cause problems in AutoCAD
copy process ignored ACDB_BLOCKREPRESENTATION_DATA(#396C9) - this may cause problems in AutoCAD
copy process ignored ACDB_BLOCKREPRESENTATION_DATA(#396E6) - this may cause problems in AutoCAD
copy process ignored ACDB_BLOCKREPRESENTATION_DATA(#396F0) - this may cause problems in AutoCAD
copy process ignored ACDB_BLOCKREPRESENTATION_DATA(#39709) - this may cause problems in AutoCAD
copy process ignored ACDB_BLOCKREPRESENTATION_DATA(#39721) - this may cause problems in AutoCAD
copy process ignored ACDB_BLOCKREPRESENTATION_DATA(#39739) - this may cause problems in AutoCAD
copy process ignored ACDB_BLOCKREPRESENTATION_DATA(#39743) - this may cause problems in AutoCAD
copy process ignored ACDB_BLOCKREPRESENTATION_DATA(#3975D) - this may cause problems in AutoCAD
copy process ignored ACDB_BLOCKREPRESENTATION_DATA(#39774) - this may cause problems in AutoCAD
copy process ignored ACDB_BLOCKREPRESENTATION_DATA(#3977C) - this may cause problems in AutoCAD
copy process ignored ACDB_BLOCKREPRESENTATION_DATA(#39786) - this may cause problems in AutoCAD
copy process ignored ACDB_BLOCKREPRESENTATION_DATA(#3978D) - this may cause problems in AutoCAD
copy process ignored ACDB_BLOCKREPRESENTATION_DATA(#42F78) - this may cause problems in AutoCAD
copy process ignored ACDB_BLOCKREPRESENTATION_DATA(#42F89) - this may cause problems in AutoCAD
copy process ignored ACDB_BLOCKREPRESENTATION_DATA(#42FC6) - this may cause problems in AutoCAD
copy process ignored ACDB_BLOCKREPRESENTATION_DATA(#42FE6) - this may cause problems in AutoCAD
copy process ignored ACDB_BLOCKREPRESENTATION_DATA(#42FF0) - this may cause problems in AutoCAD
copy process ignored ACDB_BLOCKREPRESENTATION_DATA(#39B01) - this may cause problems in AutoCAD
copy process ignored ACDB_BLOCKREPRESENTATION_DATA(#39B27) - this may cause problems in AutoCAD
copy process ignored ACDB_BLOCKREPRESENTATION_DATA(#39B54) - this may cause problems in AutoCAD
copy process ignored ACDB_BLOCKREPRESENTATION_DATA(#39B71) - this may cause problems in AutoCAD
copy process ignored ACDB_BLOCKREPRESENTATION_DATA(#39B79) - this may cause problems in AutoCAD
copy process ignored ACDB_BLOCKREPRESENTATION_DATA(#39B81) - this may cause problems in AutoCAD
copy process ignored ACDB_BLOCKREPRESENTATION_DATA(#39B89) - this may cause problems in AutoCAD
copy process ignored ACDB_BLOCKREPRESENTATION_DATA(#39B91) - this may cause problems in AutoCAD
copy process ignored ACDB_BLOCKREPRESENTATION_DATA(#39B99) - this may cause problems in AutoCAD
copy process ignored ACDB_BLOCKREPRESENTATION_DATA(#39BA1) - this may cause problems in AutoCAD
copy process ignored ACDB_BLOCKREPRESENTATION_DATA(#39BB0) - this may cause problems in AutoCAD
copy process ignored ACDB_BLOCKREPRESENTATION_DATA(#39BB8) - this may cause problems in AutoCAD
copy process ignored ACDB_BLOCKREPRESENTATION_DATA(#39BC0) - this may cause problems in AutoCAD
copy process ignored ACDB_BLOCKREPRESENTATION_DATA(#39BC8) - this may cause problems in AutoCAD
copy process ignored ACDB_BLOCKREPRESENTATION_DATA(#39BD0) - this may cause problems in AutoCAD
copy process ignored ACDB_BLOCKREPRESENTATION_DATA(#39BD8) - this may cause problems in AutoCAD
copy process ignored ACDB_BLOCKREPRESENTATION_DATA(#39BE0) - this may cause problems in AutoCAD
copy process ignored ACDB_BLOCKREPRESENTATION_DATA(#39BE8) - this may cause problems in AutoCAD
copy process ignored ACDB_BLOCKREPRESENTATION_DATA(#39BF7) - this may cause problems in AutoCAD
copy process ignored ACDB_BLOCKREPRESENTATION_DATA(#39C06) - this may cause problems in AutoCAD
copy process ignored ACDB_BLOCKREPRESENTATION_DATA(#39C15) - this may cause problems in AutoCAD
copy process ignored ACDB_BLOCKREPRESENTATION_DATA(#39C24) - this may cause problems in AutoCAD
copy process ignored ACDB_BLOCKREPRESENTATION_DATA(#39C33) - this may cause problems in AutoCAD
copy process ignored ACDB_BLOCKREPRESENTATION_DATA(#39C3B) - this may cause problems in AutoCAD
copy process ignored ACDB_BLOCKREPRESENTATION_DATA(#39C43) - this may cause problems in AutoCAD
copy process ignored ACDB_BLOCKREPRESENTATION_DATA(#39C4E) - this may cause problems in AutoCAD
copy process ignored ACDB_BLOCKREPRESENTATION_DATA(#39C59) - this may cause problems in AutoCAD
copy process ignored ACDB_BLOCKREPRESENTATION_DATA(#39C64) - this may cause problems in AutoCAD
copy process ignored ACDB_BLOCKREPRESENTATION_DATA(#39C6F) - this may cause problems in AutoCAD
copy process ignored ACDB_BLOCKREPRESENTATION_DATA(#39C7A) - this may cause problems in AutoCAD
copy process ignored ACDB_BLOCKREPRESENTATION_DATA(#39C85) - this may cause problems in AutoCAD
copy process ignored ACDB_BLOCKREPRESENTATION_DATA(#39C90) - this may cause problems in AutoCAD
copy process ignored ACDB_BLOCKREPRESENTATION_DATA(#39C9B) - this may cause problems in AutoCAD
copy process ignored ACDB_BLOCKREPRESENTATION_DATA(#39CA6) - this may cause problems in AutoCAD
copy process ignored ACDB_BLOCKREPRESENTATION_DATA(#39CB1) - this may cause problems in AutoCAD
copy process ignored ACDB_BLOCKREPRESENTATION_DATA(#39CBC) - this may cause problems in AutoCAD
copy process ignored ACDB_BLOCKREPRESENTATION_DATA(#39CC7) - this may cause problems in AutoCAD
copy process ignored ACDB_BLOCKREPRESENTATION_DATA(#39CD2) - this may cause problems in AutoCAD
copy process ignored ACDB_BLOCKREPRESENTATION_DATA(#39CDD) - this may cause problems in AutoCAD
copy process ignored ACDB_BLOCKREPRESENTATION_DATA(#39CE8) - this may cause problems in AutoCAD
copy process ignored ACDB_BLOCKREPRESENTATION_DATA(#39CF3) - this may cause problems in AutoCAD
copy process ignored ACDB_BLOCKREPRESENTATION_DATA(#39CFE) - this may cause problems in AutoCAD
copy process ignored ACDB_BLOCKREPRESENTATION_DATA(#39D09) - this may cause problems in AutoCAD
copy process ignored ACDB_BLOCKREPRESENTATION_DATA(#39D14) - this may cause problems in AutoCAD
copy process ignored ACDB_BLOCKREPRESENTATION_DATA(#39D1F) - this may cause problems in AutoCAD
copy process ignored ACDB_BLOCKREPRESENTATION_DATA(#39D2A) - this may cause problems in AutoCAD
copy process ignored ACDB_BLOCKREPRESENTATION_DATA(#39D35) - this may cause problems in AutoCAD
copy process ignored ACDB_BLOCKREPRESENTATION_DATA(#39D40) - this may cause problems in AutoCAD
copy process ignored ACDB_BLOCKREPRESENTATION_DATA(#39D4B) - this may cause problems in AutoCAD
copy process ignored ACDB_BLOCKREPRESENTATION_DATA(#39D56) - this may cause problems in AutoCAD
copy process ignored ACDB_BLOCKREPRESENTATION_DATA(#39D61) - this may cause problems in AutoCAD
copy process ignored ACDB_BLOCKREPRESENTATION_DATA(#39D6C) - this may cause problems in AutoCAD
copy process ignored ACDB_BLOCKREPRESENTATION_DATA(#39D77) - this may cause problems in AutoCAD
copy process ignored ACDB_BLOCKREPRESENTATION_DATA(#39D82) - this may cause problems in AutoCAD
copy process ignored ACDB_BLOCKREPRESENTATION_DATA(#39D8D) - this may cause problems in AutoCAD
copy process ignored ACDB_BLOCKREPRESENTATION_DATA(#39D98) - this may cause problems in AutoCAD
copy process ignored ACDB_BLOCKREPRESENTATION_DATA(#39DA3) - this may cause problems in AutoCAD
copy process ignored ACDB_BLOCKREPRESENTATION_DATA(#39DAE) - this may cause problems in AutoCAD
copy process ignored ACDB_BLOCKREPRESENTATION_DATA(#39DB9) - this may cause problems in AutoCAD
copy process ignored ACDB_BLOCKREPRESENTATION_DATA(#39DC4) - this may cause problems in AutoCAD
copy process ignored ACDB_BLOCKREPRESENTATION_DATA(#39DCF) - this may cause problems in AutoCAD
copy process ignored ACDB_BLOCKREPRESENTATION_DATA(#39DDA) - this may cause problems in AutoCAD
copy process ignored ACDB_BLOCKREPRESENTATION_DATA(#39DE5) - this may cause problems in AutoCAD
copy process ignored ACDB_BLOCKREPRESENTATION_DATA(#39DF0) - this may cause problems in AutoCAD
copy process ignored ACDB_BLOCKREPRESENTATION_DATA(#39DFB) - this may cause problems in AutoCAD
copy process ignored ACDB_BLOCKREPRESENTATION_DATA(#39E06) - this may cause problems in AutoCAD
copy process ignored ACDB_BLOCKREPRESENTATION_DATA(#39E11) - this may cause problems in AutoCAD
copy process ignored ACDB_BLOCKREPRESENTATION_DATA(#39E1C) - this may cause problems in AutoCAD
copy process ignored ACDB_BLOCKREPRESENTATION_DATA(#39E27) - this may cause problems in AutoCAD
copy process ignored ACDB_BLOCKREPRESENTATION_DATA(#39E3A) - this may cause problems in AutoCAD
copy process ignored ACDB_BLOCKREPRESENTATION_DATA(#39E45) - this may cause problems in AutoCAD
copy process ignored ACDB_BLOCKREPRESENTATION_DATA(#39E50) - this may cause problems in AutoCAD
copy process ignored ACDB_BLOCKREPRESENTATION_DATA(#39E5B) - this may cause problems in AutoCAD
copy process ignored ACDB_BLOCKREPRESENTATION_DATA(#39E68) - this may cause problems in AutoCAD
copy process ignored ACDB_BLOCKREPRESENTATION_DATA(#39E73) - this may cause problems in AutoCAD
copy process ignored ACDB_BLOCKREPRESENTATION_DATA(#39E7E) - this may cause problems in AutoCAD
copy process ignored ACDB_BLOCKREPRESENTATION_DATA(#39E89) - this may cause problems in AutoCAD
copy process ignored ACDB_BLOCKREPRESENTATION_DATA(#39E94) - this may cause problems in AutoCAD
copy process ignored ACDB_BLOCKREPRESENTATION_DATA(#39EA3) - this may cause problems in AutoCAD
copy process ignored ACDB_BLOCKREPRESENTATION_DATA(#39EB2) - this may cause problems in AutoCAD
copy process ignored ACDB_BLOCKREPRESENTATION_DATA(#39EC1) - this may cause problems in AutoCAD
copy process ignored ACDB_BLOCKREPRESENTATION_DATA(#39ED0) - this may cause problems in AutoCAD
copy process ignored ACDB_BLOCKREPRESENTATION_DATA(#39EE2) - this may cause problems in AutoCAD
copy process ignored ACDB_BLOCKREPRESENTATION_DATA(#39EEA) - this may cause problems in AutoCAD
copy process ignored ACDB_BLOCKREPRESENTATION_DATA(#39EFC) - this may cause problems in AutoCAD
copy process ignored ACDB_BLOCKREPRESENTATION_DATA(#39F0E) - this may cause problems in AutoCAD
copy process ignored ACDB_BLOCKREPRESENTATION_DATA(#39F20) - this may cause problems in AutoCAD
copy process ignored ACDB_BLOCKREPRESENTATION_DATA(#39F28) - this may cause problems in AutoCAD
copy process ignored ACDB_BLOCKREPRESENTATION_DATA(#39F3A) - this may cause problems in AutoCAD
copy process ignored ACDB_BLOCKREPRESENTATION_DATA(#39F42) - this may cause problems in AutoCAD
copy process ignored ACDB_BLOCKREPRESENTATION_DATA(#39F54) - this may cause problems in AutoCAD
copy process ignored ACDB_BLOCKREPRESENTATION_DATA(#39F66) - this may cause problems in AutoCAD
copy process ignored ACDB_BLOCKREPRESENTATION_DATA(#39F6E) - this may cause problems in AutoCAD
copy process ignored ACDB_BLOCKREPRESENTATION_DATA(#39F76) - this may cause problems in AutoCAD
copy process ignored ACDB_BLOCKREPRESENTATION_DATA(#39F88) - this may cause problems in AutoCAD
copy process ignored ACDB_BLOCKREPRESENTATION_DATA(#39F9A) - this may cause problems in AutoCAD
copy process ignored ACDB_BLOCKREPRESENTATION_DATA(#39FA2) - this may cause problems in AutoCAD
copy process ignored ACDB_BLOCKREPRESENTATION_DATA(#39FB4) - this may cause problems in AutoCAD
copy process ignored ACDB_BLOCKREPRESENTATION_DATA(#39FBC) - this may cause problems in AutoCAD
copy process ignored ACDB_BLOCKREPRESENTATION_DATA(#39FCE) - this may cause problems in AutoCAD
copy process ignored ACDB_BLOCKREPRESENTATION_DATA(#39FE0) - this may cause problems in AutoCAD
copy process ignored ACDB_BLOCKREPRESENTATION_DATA(#39FF2) - this may cause problems in AutoCAD
copy process ignored ACDB_BLOCKREPRESENTATION_DATA(#3A004) - this may cause problems in AutoCAD
copy process ignored ACDB_BLOCKREPRESENTATION_DATA(#3A016) - this may cause problems in AutoCAD
copy process ignored ACDB_BLOCKREPRESENTATION_DATA(#3A028) - this may cause problems in AutoCAD
copy process ignored ACDB_BLOCKREPRESENTATION_DATA(#3A03A) - this may cause problems in AutoCAD
copy process ignored ACDB_BLOCKREPRESENTATION_DATA(#3A042) - this may cause problems in AutoCAD
copy process ignored ACDB_BLOCKREPRESENTATION_DATA(#3A054) - this may cause problems in AutoCAD
copy process ignored ACDB_BLOCKREPRESENTATION_DATA(#3A066) - this may cause problems in AutoCAD
copy process ignored ACDB_BLOCKREPRESENTATION_DATA(#3A06E) - this may cause problems in AutoCAD
copy process ignored ACDB_BLOCKREPRESENTATION_DATA(#3A080) - this may cause problems in AutoCAD
copy process ignored ACDB_BLOCKREPRESENTATION_DATA(#3A088) - this may cause problems in AutoCAD
copy process ignored ACDB_BLOCKREPRESENTATION_DATA(#3A090) - this may cause problems in AutoCAD
copy process ignored ACDB_BLOCKREPRESENTATION_DATA(#3A098) - this may cause problems in AutoCAD
copy process ignored ACDB_BLOCKREPRESENTATION_DATA(#3A0AA) - this may cause problems in AutoCAD
copy process ignored ACDB_BLOCKREPRESENTATION_DATA(#3A0BC) - this may cause problems in AutoCAD
copy process ignored ACDB_BLOCKREPRESENTATION_DATA(#3A0C7) - this may cause problems in AutoCAD
copy process ignored ACDB_BLOCKREPRESENTATION_DATA(#3A0D9) - this may cause problems in AutoCAD
copy process ignored ACDB_BLOCKREPRESENTATION_DATA(#3A0EB) - this may cause problems in AutoCAD
copy process ignored ACDB_BLOCKREPRESENTATION_DATA(#3A0FD) - this may cause problems in AutoCAD
copy process ignored ACDB_BLOCKREPRESENTATION_DATA(#3A10F) - this may cause problems in AutoCAD
copy process ignored ACDB_BLOCKREPRESENTATION_DATA(#3A117) - this may cause problems in AutoCAD
copy process ignored ACDB_BLOCKREPRESENTATION_DATA(#3A129) - this may cause problems in AutoCAD
copy process ignored ACDB_BLOCKREPRESENTATION_DATA(#3A13B) - this may cause problems in AutoCAD
copy process ignored ACDB_BLOCKREPRESENTATION_DATA(#3A14D) - this may cause problems in AutoCAD
copy process ignored ACDB_BLOCKREPRESENTATION_DATA(#3A15F) - this may cause problems in AutoCAD
copy process ignored ACDB_BLOCKREPRESENTATION_DATA(#3A171) - this may cause problems in AutoCAD
copy process ignored ACDB_BLOCKREPRESENTATION_DATA(#3A183) - this may cause problems in AutoCAD
copy process ignored ACDB_BLOCKREPRESENTATION_DATA(#3A195) - this may cause problems in AutoCAD
copy process ignored ACDB_BLOCKREPRESENTATION_DATA(#3A1A7) - this may cause problems in AutoCAD
copy process ignored ACDB_BLOCKREPRESENTATION_DATA(#3A1B9) - this may cause problems in AutoCAD
copy process ignored ACDB_BLOCKREPRESENTATION_DATA(#3A1CB) - this may cause problems in AutoCAD
copy process ignored ACDB_BLOCKREPRESENTATION_DATA(#3A1DD) - this may cause problems in AutoCAD
copy process ignored ACDB_BLOCKREPRESENTATION_DATA(#3A1EF) - this may cause problems in AutoCAD
copy process ignored ACDB_BLOCKREPRESENTATION_DATA(#3A289) - this may cause problems in AutoCAD
copy process ignored ACDB_BLOCKREPRESENTATION_DATA(#3A341) - this may cause problems in AutoCAD
copy process ignored ACDB_BLOCKREPRESENTATION_DATA(#3A378) - this may cause problems in AutoCAD
copy process ignored ACDB_BLOCKREPRESENTATION_DATA(#3A389) - this may cause problems in AutoCAD
copy process ignored ACDB_BLOCKREPRESENTATION_DATA(#3A3A4) - this may cause problems in AutoCAD
copy process ignored ACDB_BLOCKREPRESENTATION_DATA(#3A3C7) - this may cause problems in AutoCAD
copy process ignored ACDB_BLOCKREPRESENTATION_DATA(#3A481) - this may cause problems in AutoCAD
copy process ignored ACDB_BLOCKREPRESENTATION_DATA(#42F78) - this may cause problems in AutoCAD
copy process ignored ACDB_BLOCKREPRESENTATION_DATA(#42F89) - this may cause problems in AutoCAD
copy process ignored ACDB_BLOCKREPRESENTATION_DATA(#42FC6) - this may cause problems in AutoCAD
copy process ignored ACDB_BLOCKREPRESENTATION_DATA(#42FE6) - this may cause problems in AutoCAD
copy process ignored ACDB_BLOCKREPRESENTATION_DATA(#42FF0) - this may cause problems in AutoCAD
copy process ignored ACDB_BLOCKREPRESENTATION_DATA(#42F78) - this may cause problems in AutoCAD
copy process ignored ACDB_BLOCKREPRESENTATION_DATA(#42F89) - this may cause problems in AutoCAD
copy process ignored ACDB_BLOCKREPRESENTATION_DATA(#42FC6) - this may cause problems in AutoCAD
copy process ignored ACDB_BLOCKREPRESENTATION_DATA(#42FE6) - this may cause problems in AutoCAD
copy process ignored ACDB_BLOCKREPRESENTATION_DATA(#42FF0) - this may cause problems in AutoCAD
copy process ignored ACDB_BLOCKREPRESENTATION_DATA(#42F78) - this may cause problems in AutoCAD
copy process ignored ACDB_BLOCKREPRESENTATION_DATA(#42F89) - this may cause problems in AutoCAD
copy process ignored ACDB_BLOCKREPRESENTATION_DATA(#42FC6) - this may cause problems in AutoCAD
copy process ignored ACDB_BLOCKREPRESENTATION_DATA(#42FE6) - this may cause problems in AutoCAD
copy process ignored ACDB_BLOCKREPRESENTATION_DATA(#42FF0) - this may cause problems in AutoCAD
copy process ignored ACDB_BLOCKREPRESENTATION_DATA(#3A530) - this may cause problems in AutoCAD
copy process ignored ACDB_BLOCKREPRESENTATION_DATA(#3A541) - this may cause problems in AutoCAD
copy process ignored ACDB_BLOCKREPRESENTATION_DATA(#3A57E) - this may cause problems in AutoCAD
copy process ignored ACDB_BLOCKREPRESENTATION_DATA(#3A59E) - this may cause problems in AutoCAD
copy process ignored ACDB_BLOCKREPRESENTATION_DATA(#3A5A8) - this may cause problems in AutoCAD
copy process ignored ACDB_BLOCKREPRESENTATION_DATA(#3A5E9) - this may cause problems in AutoCAD
copy process ignored ACDB_BLOCKREPRESENTATION_DATA(#3A5FA) - this may cause problems in AutoCAD
copy process ignored ACDB_BLOCKREPRESENTATION_DATA(#3A637) - this may cause problems in AutoCAD
copy process ignored ACDB_BLOCKREPRESENTATION_DATA(#3A657) - this may cause problems in AutoCAD
copy process ignored ACDB_BLOCKREPRESENTATION_DATA(#3A661) - this may cause problems in AutoCAD
copy process ignored ACDB_BLOCKREPRESENTATION_DATA(#46117) - this may cause problems in AutoCAD
copy process ignored ACDB_BLOCKREPRESENTATION_DATA(#46128) - this may cause problems in AutoCAD
copy process ignored ACDB_BLOCKREPRESENTATION_DATA(#46165) - this may cause problems in AutoCAD
copy process ignored ACDB_BLOCKREPRESENTATION_DATA(#46185) - this may cause problems in AutoCAD
copy process ignored ACDB_BLOCKREPRESENTATION_DATA(#4618F) - this may cause problems in AutoCAD
copy process ignored ACDB_BLOCKREPRESENTATION_DATA(#42F78) - this may cause problems in AutoCAD
copy process ignored ACDB_BLOCKREPRESENTATION_DATA(#42F89) - this may cause problems in AutoCAD
copy process ignored ACDB_BLOCKREPRESENTATION_DATA(#42FC6) - this may cause problems in AutoCAD
copy process ignored ACDB_BLOCKREPRESENTATION_DATA(#42FE6) - this may cause problems in AutoCAD
copy process ignored ACDB_BLOCKREPRESENTATION_DATA(#42FF0) - this may cause problems in AutoCAD
copy process ignored ACDB_BLOCKREPRESENTATION_DATA(#42F78) - this may cause problems in AutoCAD
copy process ignored ACDB_BLOCKREPRESENTATION_DATA(#42F89) - this may cause problems in AutoCAD
copy process ignored ACDB_BLOCKREPRESENTATION_DATA(#42FC6) - this may cause problems in AutoCAD
copy process ignored ACDB_BLOCKREPRESENTATION_DATA(#42FE6) - this may cause problems in AutoCAD
copy process ignored ACDB_BLOCKREPRESENTATION_DATA(#42FF0) - this may cause problems in AutoCAD
copy process ignored ACDB_BLOCKREPRESENTATION_DATA(#3A77B) - this may cause problems in AutoCAD
copy process ignored ACDB_BLOCKREPRESENTATION_DATA(#3A78C) - this may cause problems in AutoCAD
copy process ignored ACDB_BLOCKREPRESENTATION_DATA(#3A7C9) - this may cause problems in AutoCAD
copy process ignored ACDB_BLOCKREPRESENTATION_DATA(#3A7E9) - this may cause problems in AutoCAD
copy process ignored ACDB_BLOCKREPRESENTATION_DATA(#3A7F3) - this may cause problems in AutoCAD
copy process ignored ACDB_BLOCKREPRESENTATION_DATA(#3AB01) - this may cause problems in AutoCAD
copy process ignored ACDB_BLOCKREPRESENTATION_DATA(#3AB30) - this may cause problems in AutoCAD
copy process ignored ACDB_BLOCKREPRESENTATION_DATA(#3AB62) - this may cause problems in AutoCAD
copy process ignored ACDB_BLOCKREPRESENTATION_DATA(#3AB84) - this may cause problems in AutoCAD
copy process ignored ACDB_BLOCKREPRESENTATION_DATA(#3ABB8) - this may cause problems in AutoCAD
copy process ignored ACDB_BLOCKREPRESENTATION_DATA(#3ABCC) - this may cause problems in AutoCAD
copy process ignored ACDB_BLOCKREPRESENTATION_DATA(#3ABEC) - this may cause problems in AutoCAD
copy process ignored ACDB_BLOCKREPRESENTATION_DATA(#3AC1D) - this may cause problems in AutoCAD
copy process ignored ACDB_BLOCKREPRESENTATION_DATA(#3AC36) - this may cause problems in AutoCAD
copy process ignored ACDB_BLOCKREPRESENTATION_DATA(#3AC6A) - this may cause problems in AutoCAD
copy process ignored ACDB_BLOCKREPRESENTATION_DATA(#3AC87) - this may cause problems in AutoCAD
copy process ignored ACDB_BLOCKREPRESENTATION_DATA(#3AC91) - this may cause problems in AutoCAD
copy process ignored ACDB_BLOCKREPRESENTATION_DATA(#3ACDD) - this may cause problems in AutoCAD
copy process ignored ACDB_BLOCKREPRESENTATION_DATA(#3ACF3) - this may cause problems in AutoCAD
copy process ignored ACDB_BLOCKREPRESENTATION_DATA(#3AD0C) - this may cause problems in AutoCAD
copy process ignored ACDB_BLOCKREPRESENTATION_DATA(#3AD1B) - this may cause problems in AutoCAD
copy process ignored ACDB_BLOCKREPRESENTATION_DATA(#3AD36) - this may cause problems in AutoCAD
copy process ignored ACDB_BLOCKREPRESENTATION_DATA(#3AD3D) - this may cause problems in AutoCAD
copy process ignored ACDB_BLOCKREPRESENTATION_DATA(#3AD5D) - this may cause problems in AutoCAD
copy process ignored ACDB_BLOCKREPRESENTATION_DATA(#3AD75) - this may cause problems in AutoCAD
copy process ignored ACDB_BLOCKREPRESENTATION_DATA(#3AD8E) - this may cause problems in AutoCAD
copy process ignored ACDB_BLOCKREPRESENTATION_DATA(#3ADA9) - this may cause problems in AutoCAD
copy process ignored ACDB_BLOCKREPRESENTATION_DATA(#3ADC6) - this may cause problems in AutoCAD
copy process ignored ACDB_BLOCKREPRESENTATION_DATA(#3ADD0) - this may cause problems in AutoCAD
copy process ignored ACDB_BLOCKREPRESENTATION_DATA(#3AE1D) - this may cause problems in AutoCAD
copy process ignored ACDB_BLOCKREPRESENTATION_DATA(#3AE2E) - this may cause problems in AutoCAD
copy process ignored ACDB_BLOCKREPRESENTATION_DATA(#3AE6B) - this may cause problems in AutoCAD
copy process ignored ACDB_BLOCKREPRESENTATION_DATA(#3AE8B) - this may cause problems in AutoCAD
copy process ignored ACDB_BLOCKREPRESENTATION_DATA(#3AE95) - this may cause problems in AutoCAD
copy process ignored ACDB_BLOCKREPRESENTATION_DATA(#3AFFB) - this may cause problems in AutoCAD
copy process ignored ACDB_BLOCKREPRESENTATION_DATA(#3B05F) - this may cause problems in AutoCAD
copy process ignored ACDB_BLOCKREPRESENTATION_DATA(#3B143) - this may cause problems in AutoCAD
copy process ignored ACDB_BLOCKREPRESENTATION_DATA(#3B152) - this may cause problems in AutoCAD
copy process ignored ACDB_BLOCKREPRESENTATION_DATA(#3B173) - this may cause problems in AutoCAD
copy process ignored ACDB_BLOCKREPRESENTATION_DATA(#3B1B7) - this may cause problems in AutoCAD
copy process ignored ACDB_BLOCKREPRESENTATION_DATA(#3B55F) - this may cause problems in AutoCAD
copy process ignored ACDB_BLOCKREPRESENTATION_DATA(#3B591) - this may cause problems in AutoCAD
copy process ignored ACDB_BLOCKREPRESENTATION_DATA(#3B599) - this may cause problems in AutoCAD
copy process ignored ACDB_BLOCKREPRESENTATION_DATA(#3B5C0) - this may cause problems in AutoCAD
copy process ignored ACDB_BLOCKREPRESENTATION_DATA(#3B5F6) - this may cause problems in AutoCAD
copy process ignored ACDB_BLOCKREPRESENTATION_DATA(#3B613) - this may cause problems in AutoCAD
copy process ignored ACDB_BLOCKREPRESENTATION_DATA(#3B61D) - this may cause problems in AutoCAD
copy process ignored ACDB_BLOCKREPRESENTATION_DATA(#3B64E) - this may cause problems in AutoCAD
copy process ignored ACDB_BLOCKREPRESENTATION_DATA(#3B671) - this may cause problems in AutoCAD
copy process ignored ACDB_BLOCKREPRESENTATION_DATA(#3B68A) - this may cause problems in AutoCAD
copy process ignored ACDB_BLOCKREPRESENTATION_DATA(#3B6B7) - this may cause problems in AutoCAD
copy process ignored ACDB_BLOCKREPRESENTATION_DATA(#3B6D9) - this may cause problems in AutoCAD
copy process ignored ACDB_BLOCKREPRESENTATION_DATA(#3B71E) - this may cause problems in AutoCAD
copy process ignored ACDB_BLOCKREPRESENTATION_DATA(#3B76E) - this may cause problems in AutoCAD
copy process ignored ACDB_BLOCKREPRESENTATION_DATA(#3B7CC) - this may cause problems in AutoCAD
copy process ignored ACDB_BLOCKREPRESENTATION_DATA(#3B812) - this may cause problems in AutoCAD
copy process ignored ACDB_BLOCKREPRESENTATION_DATA(#3B81A) - this may cause problems in AutoCAD
copy process ignored ACDB_BLOCKREPRESENTATION_DATA(#3B878) - this may cause problems in AutoCAD
copy process ignored ACDB_BLOCKREPRESENTATION_DATA(#3B891) - this may cause problems in AutoCAD
copy process ignored ACDB_BLOCKREPRESENTATION_DATA(#3B8F8) - this may cause problems in AutoCAD
copy process ignored ACDB_BLOCKREPRESENTATION_DATA(#3B974) - this may cause problems in AutoCAD
copy process ignored ACDB_BLOCKREPRESENTATION_DATA(#3B6D9) - this may cause problems in AutoCAD
copy process ignored ACDB_BLOCKREPRESENTATION_DATA(#3B71E) - this may cause problems in AutoCAD
copy process ignored ACDB_BLOCKREPRESENTATION_DATA(#3B76E) - this may cause problems in AutoCAD
copy process ignored ACDB_BLOCKREPRESENTATION_DATA(#3B7CC) - this may cause problems in AutoCAD
copy process ignored ACDB_BLOCKREPRESENTATION_DATA(#3B812) - this may cause problems in AutoCAD
copy process ignored ACDB_BLOCKREPRESENTATION_DATA(#3B81A) - this may cause problems in AutoCAD
copy process ignored ACDB_BLOCKREPRESENTATION_DATA(#3B878) - this may cause problems in AutoCAD
copy process ignored ACDB_BLOCKREPRESENTATION_DATA(#3B891) - this may cause problems in AutoCAD
copy process ignored ACDB_BLOCKREPRESENTATION_DATA(#3B8F8) - this may cause problems in AutoCAD
copy process ignored ACDB_BLOCKREPRESENTATION_DATA(#3B974) - this may cause problems in AutoCAD
copy process ignored ACDB_BLOCKREPRESENTATION_DATA(#41487) - this may cause problems in AutoCAD
copy process ignored ACDB_BLOCKREPRESENTATION_DATA(#414A0) - this may cause problems in AutoCAD
copy process ignored ACDB_BLOCKREPRESENTATION_DATA(#414A8) - this may cause problems in AutoCAD
copy process ignored ACDB_BLOCKREPRESENTATION_DATA(#414CF) - this may cause problems in AutoCAD
copy process ignored ACDB_BLOCKREPRESENTATION_DATA(#414EC) - this may cause problems in AutoCAD
copy process ignored ACDB_BLOCKREPRESENTATION_DATA(#41509) - this may cause problems in AutoCAD
copy process ignored ACDB_BLOCKREPRESENTATION_DATA(#41513) - this may cause problems in AutoCAD
copy process ignored ACDB_BLOCKREPRESENTATION_DATA(#4152B) - this may cause problems in AutoCAD
copy process ignored ACDB_BLOCKREPRESENTATION_DATA(#41535) - this may cause problems in AutoCAD
copy process ignored ACDB_BLOCKREPRESENTATION_DATA(#4154E) - this may cause problems in AutoCAD
copy process ignored ACDB_BLOCKREPRESENTATION_DATA(#41568) - this may cause problems in AutoCAD
copy process ignored ACDB_BLOCKREPRESENTATION_DATA(#3BCBD) - this may cause problems in AutoCAD
copy process ignored ACDB_BLOCKREPRESENTATION_DATA(#3BCC4) - this may cause problems in AutoCAD
copy process ignored ACDB_BLOCKREPRESENTATION_DATA(#3BCDB) - this may cause problems in AutoCAD
copy process ignored ACDB_BLOCKREPRESENTATION_DATA(#3BD0D) - this may cause problems in AutoCAD
copy process ignored ACDB_BLOCKREPRESENTATION_DATA(#3BD2F) - this may cause problems in AutoCAD
copy process ignored ACDB_BLOCKREPRESENTATION_DATA(#3BD76) - this may cause problems in AutoCAD
copy process ignored ACDB_BLOCKREPRESENTATION_DATA(#3BDA7) - this may cause problems in AutoCAD
copy process ignored ACDB_BLOCKREPRESENTATION_DATA(#3BDC4) - this may cause problems in AutoCAD
copy process ignored ACDB_BLOCKREPRESENTATION_DATA(#3BDD7) - this may cause problems in AutoCAD
copy process ignored ACDB_BLOCKREPRESENTATION_DATA(#3BE18) - this may cause problems in AutoCAD
copy process ignored ACDB_BLOCKREPRESENTATION_DATA(#3BE2C) - this may cause problems in AutoCAD
copy process ignored ACDB_BLOCKREPRESENTATION_DATA(#3BE9C) - this may cause problems in AutoCAD
copy process ignored ACDB_BLOCKREPRESENTATION_DATA(#3BEA3) - this may cause problems in AutoCAD
copy process ignored ACDB_BLOCKREPRESENTATION_DATA(#3BEBA) - this may cause problems in AutoCAD
copy process ignored ACDB_BLOCKREPRESENTATION_DATA(#3BED3) - this may cause problems in AutoCAD
copy process ignored ACDB_BLOCKREPRESENTATION_DATA(#3BEE2) - this may cause problems in AutoCAD
copy process ignored ACDB_BLOCKREPRESENTATION_DATA(#3BF10) - this may cause problems in AutoCAD
copy process ignored ACDB_BLOCKREPRESENTATION_DATA(#3BF28) - this may cause problems in AutoCAD
copy process ignored ACDB_BLOCKREPRESENTATION_DATA(#3BF45) - this may cause problems in AutoCAD
copy process ignored ACDB_BLOCKREPRESENTATION_DATA(#3BF58) - this may cause problems in AutoCAD
copy process ignored ACDB_BLOCKREPRESENTATION_DATA(#3BF80) - this may cause problems in AutoCAD
copy process ignored ACDB_BLOCKREPRESENTATION_DATA(#3BF94) - this may cause problems in AutoCAD
copy process ignored ACDB_BLOCKREPRESENTATION_DATA(#3BFE7) - this may cause problems in AutoCAD
copy process ignored ACDB_BLOCKREPRESENTATION_DATA(#3C00B) - this may cause problems in AutoCAD
copy process ignored ACDB_BLOCKREPRESENTATION_DATA(#3C02D) - this may cause problems in AutoCAD
copy process ignored ACDB_BLOCKREPRESENTATION_DATA(#3C069) - this may cause problems in AutoCAD
copy process ignored ACDB_BLOCKREPRESENTATION_DATA(#3C0A2) - this may cause problems in AutoCAD
copy process ignored ACDB_BLOCKREPRESENTATION_DATA(#3C0AC) - this may cause problems in AutoCAD
copy process ignored ACDB_BLOCKREPRESENTATION_DATA(#3B55F) - this may cause problems in AutoCAD
copy process ignored ACDB_BLOCKREPRESENTATION_DATA(#3B591) - this may cause problems in AutoCAD
copy process ignored ACDB_BLOCKREPRESENTATION_DATA(#3B599) - this may cause problems in AutoCAD
copy process ignored ACDB_BLOCKREPRESENTATION_DATA(#3B5C0) - this may cause problems in AutoCAD
copy process ignored ACDB_BLOCKREPRESENTATION_DATA(#3B5F6) - this may cause problems in AutoCAD
copy process ignored ACDB_BLOCKREPRESENTATION_DATA(#3B613) - this may cause problems in AutoCAD
copy process ignored ACDB_BLOCKREPRESENTATION_DATA(#3B61D) - this may cause problems in AutoCAD
copy process ignored ACDB_BLOCKREPRESENTATION_DATA(#3B64E) - this may cause problems in AutoCAD
copy process ignored ACDB_BLOCKREPRESENTATION_DATA(#3B671) - this may cause problems in AutoCAD
copy process ignored ACDB_BLOCKREPRESENTATION_DATA(#3B68A) - this may cause problems in AutoCAD
copy process ignored ACDB_BLOCKREPRESENTATION_DATA(#3B6B7) - this may cause problems in AutoCAD
copy process ignored ACDB_BLOCKREPRESENTATION_DATA(#42F78) - this may cause problems in AutoCAD
copy process ignored ACDB_BLOCKREPRESENTATION_DATA(#42F89) - this may cause problems in AutoCAD
copy process ignored ACDB_BLOCKREPRESENTATION_DATA(#42FC6) - this may cause problems in AutoCAD
copy process ignored ACDB_BLOCKREPRESENTATION_DATA(#42FE6) - this may cause problems in AutoCAD
copy process ignored ACDB_BLOCKREPRESENTATION_DATA(#42FF0) - this may cause problems in AutoCAD
copy process ignored ACDB_BLOCKREPRESENTATION_DATA(#42F78) - this may cause problems in AutoCAD
copy process ignored ACDB_BLOCKREPRESENTATION_DATA(#42F89) - this may cause problems in AutoCAD
copy process ignored ACDB_BLOCKREPRESENTATION_DATA(#42FC6) - this may cause problems in AutoCAD
copy process ignored ACDB_BLOCKREPRESENTATION_DATA(#42FE6) - this may cause problems in AutoCAD
copy process ignored ACDB_BLOCKREPRESENTATION_DATA(#42FF0) - this may cause problems in AutoCAD
copy process ignored ACDB_BLOCKREPRESENTATION_DATA(#467E0) - this may cause problems in AutoCAD
copy process ignored ACDB_BLOCKREPRESENTATION_DATA(#467EB) - this may cause problems in AutoCAD
copy process ignored ACDB_BLOCKREPRESENTATION_DATA(#467F6) - this may cause problems in AutoCAD
copy process ignored ACDB_BLOCKREPRESENTATION_DATA(#46801) - this may cause problems in AutoCAD
copy process ignored ACDB_BLOCKREPRESENTATION_DATA(#4680C) - this may cause problems in AutoCAD
copy process ignored ACDB_BLOCKREPRESENTATION_DATA(#46817) - this may cause problems in AutoCAD
copy process ignored ACDB_BLOCKREPRESENTATION_DATA(#46822) - this may cause problems in AutoCAD
copy process ignored ACDB_BLOCKREPRESENTATION_DATA(#4682D) - this may cause problems in AutoCAD
copy process ignored ACDB_BLOCKREPRESENTATION_DATA(#46838) - this may cause problems in AutoCAD
copy process ignored ACDB_BLOCKREPRESENTATION_DATA(#46843) - this may cause problems in AutoCAD
copy process ignored ACDB_BLOCKREPRESENTATION_DATA(#4684E) - this may cause problems in AutoCAD
copy process ignored ACDB_BLOCKREPRESENTATION_DATA(#46859) - this may cause problems in AutoCAD
copy process ignored ACDB_BLOCKREPRESENTATION_DATA(#46864) - this may cause problems in AutoCAD
copy process ignored ACDB_BLOCKREPRESENTATION_DATA(#4686F) - this may cause problems in AutoCAD
copy process ignored ACDB_BLOCKREPRESENTATION_DATA(#4687A) - this may cause problems in AutoCAD
copy process ignored ACDB_BLOCKREPRESENTATION_DATA(#46885) - this may cause problems in AutoCAD
copy process ignored ACDB_BLOCKREPRESENTATION_DATA(#46890) - this may cause problems in AutoCAD
copy process ignored ACDB_BLOCKREPRESENTATION_DATA(#4689B) - this may cause problems in AutoCAD
copy process ignored ACDB_BLOCKREPRESENTATION_DATA(#468A6) - this may cause problems in AutoCAD
copy process ignored ACDB_BLOCKREPRESENTATION_DATA(#468B1) - this may cause problems in AutoCAD
copy process ignored ACDB_BLOCKREPRESENTATION_DATA(#468BC) - this may cause problems in AutoCAD
copy process ignored ACDB_BLOCKREPRESENTATION_DATA(#468C7) - this may cause problems in AutoCAD
copy process ignored ACDB_BLOCKREPRESENTATION_DATA(#468D2) - this may cause problems in AutoCAD
copy process ignored ACDB_BLOCKREPRESENTATION_DATA(#468DD) - this may cause problems in AutoCAD
copy process ignored ACDB_BLOCKREPRESENTATION_DATA(#468E8) - this may cause problems in AutoCAD
copy process ignored ACDB_BLOCKREPRESENTATION_DATA(#468F3) - this may cause problems in AutoCAD
copy process ignored ACDB_BLOCKREPRESENTATION_DATA(#468FE) - this may cause problems in AutoCAD
copy process ignored ACDB_BLOCKREPRESENTATION_DATA(#46909) - this may cause problems in AutoCAD
copy process ignored ACDB_BLOCKREPRESENTATION_DATA(#46914) - this may cause problems in AutoCAD
copy process ignored ACDB_BLOCKREPRESENTATION_DATA(#4691F) - this may cause problems in AutoCAD
copy process ignored ACDB_BLOCKREPRESENTATION_DATA(#4692A) - this may cause problems in AutoCAD
copy process ignored ACDB_BLOCKREPRESENTATION_DATA(#46935) - this may cause problems in AutoCAD
copy process ignored ACDB_BLOCKREPRESENTATION_DATA(#46940) - this may cause problems in AutoCAD
copy process ignored ACDB_BLOCKREPRESENTATION_DATA(#46957) - this may cause problems in AutoCAD
copy process ignored ACDB_BLOCKREPRESENTATION_DATA(#46962) - this may cause problems in AutoCAD
copy process ignored ACDB_BLOCKREPRESENTATION_DATA(#4696D) - this may cause problems in AutoCAD
copy process ignored ACDB_BLOCKREPRESENTATION_DATA(#46978) - this may cause problems in AutoCAD
copy process ignored ACDB_BLOCKREPRESENTATION_DATA(#46983) - this may cause problems in AutoCAD
copy process ignored FIELD(#469A0) - this may cause problems in AutoCAD
copy process ignored FIELD(#469A5) - this may cause problems in AutoCAD
copy process ignored FIELD(#469AA) - this may cause problems in AutoCAD
copy process ignored FIELD(#469AF) - this may cause problems in AutoCAD
copy process ignored FIELD(#469B4) - this may cause problems in AutoCAD
copy process ignored FIELD(#469BD) - this may cause problems in AutoCAD
copy process ignored FIELD(#469C5) - this may cause problems in AutoCAD
copy process ignored ACDB_BLOCKREPRESENTATION_DATA(#39B01) - this may cause problems in AutoCAD
copy process ignored ACDB_BLOCKREPRESENTATION_DATA(#39B27) - this may cause problems in AutoCAD
copy process ignored ACDB_BLOCKREPRESENTATION_DATA(#39B54) - this may cause problems in AutoCAD
copy process ignored ACDB_BLOCKREPRESENTATION_DATA(#39B71) - this may cause problems in AutoCAD
copy process ignored ACDB_BLOCKREPRESENTATION_DATA(#39B79) - this may cause problems in AutoCAD
copy process ignored ACDB_BLOCKREPRESENTATION_DATA(#39B81) - this may cause problems in AutoCAD
copy process ignored ACDB_BLOCKREPRESENTATION_DATA(#39B89) - this may cause problems in AutoCAD
copy process ignored ACDB_BLOCKREPRESENTATION_DATA(#39B91) - this may cause problems in AutoCAD
copy process ignored ACDB_BLOCKREPRESENTATION_DATA(#39B99) - this may cause problems in AutoCAD
copy process ignored ACDB_BLOCKREPRESENTATION_DATA(#39BA1) - this may cause problems in AutoCAD
copy process ignored ACDB_BLOCKREPRESENTATION_DATA(#39BB0) - this may cause problems in AutoCAD
copy process ignored ACDB_BLOCKREPRESENTATION_DATA(#39BB8) - this may cause problems in AutoCAD
copy process ignored ACDB_BLOCKREPRESENTATION_DATA(#39BC0) - this may cause problems in AutoCAD
copy process ignored ACDB_BLOCKREPRESENTATION_DATA(#39BC8) - this may cause problems in AutoCAD
copy process ignored ACDB_BLOCKREPRESENTATION_DATA(#39BD0) - this may cause problems in AutoCAD
copy process ignored ACDB_BLOCKREPRESENTATION_DATA(#39BD8) - this may cause problems in AutoCAD
copy process ignored ACDB_BLOCKREPRESENTATION_DATA(#39BE0) - this may cause problems in AutoCAD
copy process ignored ACDB_BLOCKREPRESENTATION_DATA(#39BE8) - this may cause problems in AutoCAD
copy process ignored ACDB_BLOCKREPRESENTATION_DATA(#39BF7) - this may cause problems in AutoCAD
copy process ignored ACDB_BLOCKREPRESENTATION_DATA(#39C06) - this may cause problems in AutoCAD
copy process ignored ACDB_BLOCKREPRESENTATION_DATA(#39C15) - this may cause problems in AutoCAD
copy process ignored ACDB_BLOCKREPRESENTATION_DATA(#39C24) - this may cause problems in AutoCAD
copy process ignored ACDB_BLOCKREPRESENTATION_DATA(#39C33) - this may cause problems in AutoCAD
copy process ignored ACDB_BLOCKREPRESENTATION_DATA(#39C3B) - this may cause problems in AutoCAD
copy process ignored ACDB_BLOCKREPRESENTATION_DATA(#39C43) - this may cause problems in AutoCAD
copy process ignored ACDB_BLOCKREPRESENTATION_DATA(#39C4E) - this may cause problems in AutoCAD
copy process ignored ACDB_BLOCKREPRESENTATION_DATA(#39C59) - this may cause problems in AutoCAD
copy process ignored ACDB_BLOCKREPRESENTATION_DATA(#39C64) - this may cause problems in AutoCAD
copy process ignored ACDB_BLOCKREPRESENTATION_DATA(#39C6F) - this may cause problems in AutoCAD
copy process ignored ACDB_BLOCKREPRESENTATION_DATA(#39C7A) - this may cause problems in AutoCAD
copy process ignored ACDB_BLOCKREPRESENTATION_DATA(#39C85) - this may cause problems in AutoCAD
copy process ignored ACDB_BLOCKREPRESENTATION_DATA(#39C90) - this may cause problems in AutoCAD
copy process ignored ACDB_BLOCKREPRESENTATION_DATA(#39C9B) - this may cause problems in AutoCAD
copy process ignored ACDB_BLOCKREPRESENTATION_DATA(#39CA6) - this may cause problems in AutoCAD
copy process ignored ACDB_BLOCKREPRESENTATION_DATA(#39CB1) - this may cause problems in AutoCAD
copy process ignored ACDB_BLOCKREPRESENTATION_DATA(#39CBC) - this may cause problems in AutoCAD
copy process ignored ACDB_BLOCKREPRESENTATION_DATA(#39CC7) - this may cause problems in AutoCAD
copy process ignored ACDB_BLOCKREPRESENTATION_DATA(#39CD2) - this may cause problems in AutoCAD
copy process ignored ACDB_BLOCKREPRESENTATION_DATA(#39CDD) - this may cause problems in AutoCAD
copy process ignored ACDB_BLOCKREPRESENTATION_DATA(#39CE8) - this may cause problems in AutoCAD
copy process ignored ACDB_BLOCKREPRESENTATION_DATA(#39CF3) - this may cause problems in AutoCAD
copy process ignored ACDB_BLOCKREPRESENTATION_DATA(#39CFE) - this may cause problems in AutoCAD
copy process ignored ACDB_BLOCKREPRESENTATION_DATA(#39D09) - this may cause problems in AutoCAD
copy process ignored ACDB_BLOCKREPRESENTATION_DATA(#39D14) - this may cause problems in AutoCAD
copy process ignored ACDB_BLOCKREPRESENTATION_DATA(#39D1F) - this may cause problems in AutoCAD
copy process ignored ACDB_BLOCKREPRESENTATION_DATA(#39D2A) - this may cause problems in AutoCAD
copy process ignored ACDB_BLOCKREPRESENTATION_DATA(#39D35) - this may cause problems in AutoCAD
copy process ignored ACDB_BLOCKREPRESENTATION_DATA(#39D40) - this may cause problems in AutoCAD
copy process ignored ACDB_BLOCKREPRESENTATION_DATA(#39D4B) - this may cause problems in AutoCAD
copy process ignored ACDB_BLOCKREPRESENTATION_DATA(#39D56) - this may cause problems in AutoCAD
copy process ignored ACDB_BLOCKREPRESENTATION_DATA(#39D61) - this may cause problems in AutoCAD
copy process ignored ACDB_BLOCKREPRESENTATION_DATA(#39D6C) - this may cause problems in AutoCAD
copy process ignored ACDB_BLOCKREPRESENTATION_DATA(#39D77) - this may cause problems in AutoCAD
copy process ignored ACDB_BLOCKREPRESENTATION_DATA(#39D82) - this may cause problems in AutoCAD
copy process ignored ACDB_BLOCKREPRESENTATION_DATA(#39D8D) - this may cause problems in AutoCAD
copy process ignored ACDB_BLOCKREPRESENTATION_DATA(#39D98) - this may cause problems in AutoCAD
copy process ignored ACDB_BLOCKREPRESENTATION_DATA(#39DA3) - this may cause problems in AutoCAD
copy process ignored ACDB_BLOCKREPRESENTATION_DATA(#39DAE) - this may cause problems in AutoCAD
copy process ignored ACDB_BLOCKREPRESENTATION_DATA(#39DB9) - this may cause problems in AutoCAD
copy process ignored ACDB_BLOCKREPRESENTATION_DATA(#39DC4) - this may cause problems in AutoCAD
copy process ignored ACDB_BLOCKREPRESENTATION_DATA(#39DCF) - this may cause problems in AutoCAD
copy process ignored ACDB_BLOCKREPRESENTATION_DATA(#39DDA) - this may cause problems in AutoCAD
copy process ignored ACDB_BLOCKREPRESENTATION_DATA(#39DE5) - this may cause problems in AutoCAD
copy process ignored ACDB_BLOCKREPRESENTATION_DATA(#39DF0) - this may cause problems in AutoCAD
copy process ignored ACDB_BLOCKREPRESENTATION_DATA(#39DFB) - this may cause problems in AutoCAD
copy process ignored ACDB_BLOCKREPRESENTATION_DATA(#39E06) - this may cause problems in AutoCAD
copy process ignored ACDB_BLOCKREPRESENTATION_DATA(#39E11) - this may cause problems in AutoCAD
copy process ignored ACDB_BLOCKREPRESENTATION_DATA(#39E1C) - this may cause problems in AutoCAD
copy process ignored ACDB_BLOCKREPRESENTATION_DATA(#39E27) - this may cause problems in AutoCAD
copy process ignored ACDB_BLOCKREPRESENTATION_DATA(#39E3A) - this may cause problems in AutoCAD
copy process ignored ACDB_BLOCKREPRESENTATION_DATA(#39E45) - this may cause problems in AutoCAD
copy process ignored ACDB_BLOCKREPRESENTATION_DATA(#39E50) - this may cause problems in AutoCAD
copy process ignored ACDB_BLOCKREPRESENTATION_DATA(#39E5B) - this may cause problems in AutoCAD
copy process ignored ACDB_BLOCKREPRESENTATION_DATA(#39E68) - this may cause problems in AutoCAD
copy process ignored ACDB_BLOCKREPRESENTATION_DATA(#39E73) - this may cause problems in AutoCAD
copy process ignored ACDB_BLOCKREPRESENTATION_DATA(#39E7E) - this may cause problems in AutoCAD
copy process ignored ACDB_BLOCKREPRESENTATION_DATA(#39E89) - this may cause problems in AutoCAD
copy process ignored ACDB_BLOCKREPRESENTATION_DATA(#39E94) - this may cause problems in AutoCAD
copy process ignored ACDB_BLOCKREPRESENTATION_DATA(#39EA3) - this may cause problems in AutoCAD
copy process ignored ACDB_BLOCKREPRESENTATION_DATA(#39EB2) - this may cause problems in AutoCAD
copy process ignored ACDB_BLOCKREPRESENTATION_DATA(#39EC1) - this may cause problems in AutoCAD
copy process ignored ACDB_BLOCKREPRESENTATION_DATA(#39ED0) - this may cause problems in AutoCAD
copy process ignored ACDB_BLOCKREPRESENTATION_DATA(#39EE2) - this may cause problems in AutoCAD
copy process ignored ACDB_BLOCKREPRESENTATION_DATA(#39EEA) - this may cause problems in AutoCAD
copy process ignored ACDB_BLOCKREPRESENTATION_DATA(#39EFC) - this may cause problems in AutoCAD
copy process ignored ACDB_BLOCKREPRESENTATION_DATA(#39F0E) - this may cause problems in AutoCAD
copy process ignored ACDB_BLOCKREPRESENTATION_DATA(#39F20) - this may cause problems in AutoCAD
copy process ignored ACDB_BLOCKREPRESENTATION_DATA(#39F28) - this may cause problems in AutoCAD
copy process ignored ACDB_BLOCKREPRESENTATION_DATA(#39F3A) - this may cause problems in AutoCAD
copy process ignored ACDB_BLOCKREPRESENTATION_DATA(#39F42) - this may cause problems in AutoCAD
copy process ignored ACDB_BLOCKREPRESENTATION_DATA(#39F54) - this may cause problems in AutoCAD
copy process ignored ACDB_BLOCKREPRESENTATION_DATA(#39F66) - this may cause problems in AutoCAD
copy process ignored ACDB_BLOCKREPRESENTATION_DATA(#39F6E) - this may cause problems in AutoCAD
copy process ignored ACDB_BLOCKREPRESENTATION_DATA(#39F76) - this may cause problems in AutoCAD
copy process ignored ACDB_BLOCKREPRESENTATION_DATA(#39F88) - this may cause problems in AutoCAD
copy process ignored ACDB_BLOCKREPRESENTATION_DATA(#39F9A) - this may cause problems in AutoCAD
copy process ignored ACDB_BLOCKREPRESENTATION_DATA(#39FA2) - this may cause problems in AutoCAD
copy process ignored ACDB_BLOCKREPRESENTATION_DATA(#39FB4) - this may cause problems in AutoCAD
copy process ignored ACDB_BLOCKREPRESENTATION_DATA(#39FBC) - this may cause problems in AutoCAD
copy process ignored ACDB_BLOCKREPRESENTATION_DATA(#39FCE) - this may cause problems in AutoCAD
copy process ignored ACDB_BLOCKREPRESENTATION_DATA(#39FE0) - this may cause problems in AutoCAD
copy process ignored ACDB_BLOCKREPRESENTATION_DATA(#39FF2) - this may cause problems in AutoCAD
copy process ignored ACDB_BLOCKREPRESENTATION_DATA(#3A004) - this may cause problems in AutoCAD
copy process ignored ACDB_BLOCKREPRESENTATION_DATA(#3A016) - this may cause problems in AutoCAD
copy process ignored ACDB_BLOCKREPRESENTATION_DATA(#3A028) - this may cause problems in AutoCAD
copy process ignored ACDB_BLOCKREPRESENTATION_DATA(#3A03A) - this may cause problems in AutoCAD
copy process ignored ACDB_BLOCKREPRESENTATION_DATA(#3A042) - this may cause problems in AutoCAD
copy process ignored ACDB_BLOCKREPRESENTATION_DATA(#3A054) - this may cause problems in AutoCAD
copy process ignored ACDB_BLOCKREPRESENTATION_DATA(#3A066) - this may cause problems in AutoCAD
copy process ignored ACDB_BLOCKREPRESENTATION_DATA(#3A06E) - this may cause problems in AutoCAD
copy process ignored ACDB_BLOCKREPRESENTATION_DATA(#3A080) - this may cause problems in AutoCAD
copy process ignored ACDB_BLOCKREPRESENTATION_DATA(#3A088) - this may cause problems in AutoCAD
copy process ignored ACDB_BLOCKREPRESENTATION_DATA(#3A090) - this may cause problems in AutoCAD
copy process ignored ACDB_BLOCKREPRESENTATION_DATA(#3A098) - this may cause problems in AutoCAD
copy process ignored ACDB_BLOCKREPRESENTATION_DATA(#3A0AA) - this may cause problems in AutoCAD
copy process ignored ACDB_BLOCKREPRESENTATION_DATA(#3A0BC) - this may cause problems in AutoCAD
copy process ignored ACDB_BLOCKREPRESENTATION_DATA(#3A0C7) - this may cause problems in AutoCAD
copy process ignored ACDB_BLOCKREPRESENTATION_DATA(#3A0D9) - this may cause problems in AutoCAD
copy process ignored ACDB_BLOCKREPRESENTATION_DATA(#3A0EB) - this may cause problems in AutoCAD
copy process ignored ACDB_BLOCKREPRESENTATION_DATA(#3A0FD) - this may cause problems in AutoCAD
copy process ignored ACDB_BLOCKREPRESENTATION_DATA(#3A10F) - this may cause problems in AutoCAD
copy process ignored ACDB_BLOCKREPRESENTATION_DATA(#3A117) - this may cause problems in AutoCAD
copy process ignored ACDB_BLOCKREPRESENTATION_DATA(#3A129) - this may cause problems in AutoCAD
copy process ignored ACDB_BLOCKREPRESENTATION_DATA(#3A13B) - this may cause problems in AutoCAD
copy process ignored ACDB_BLOCKREPRESENTATION_DATA(#3A14D) - this may cause problems in AutoCAD
copy process ignored ACDB_BLOCKREPRESENTATION_DATA(#3A15F) - this may cause problems in AutoCAD
copy process ignored ACDB_BLOCKREPRESENTATION_DATA(#3A171) - this may cause problems in AutoCAD
copy process ignored ACDB_BLOCKREPRESENTATION_DATA(#3A183) - this may cause problems in AutoCAD
copy process ignored ACDB_BLOCKREPRESENTATION_DATA(#3A195) - this may cause problems in AutoCAD
copy process ignored ACDB_BLOCKREPRESENTATION_DATA(#3A1A7) - this may cause problems in AutoCAD
copy process ignored ACDB_BLOCKREPRESENTATION_DATA(#3A1B9) - this may cause problems in AutoCAD
copy process ignored ACDB_BLOCKREPRESENTATION_DATA(#3A1CB) - this may cause problems in AutoCAD
copy process ignored ACDB_BLOCKREPRESENTATION_DATA(#3A1DD) - this may cause problems in AutoCAD
copy process ignored ACDB_BLOCKREPRESENTATION_DATA(#3A1EF) - this may cause problems in AutoCAD
copy process ignored ACDB_BLOCKREPRESENTATION_DATA(#3A289) - this may cause problems in AutoCAD
copy process ignored ACDB_BLOCKREPRESENTATION_DATA(#3A341) - this may cause problems in AutoCAD
copy process ignored ACDB_BLOCKREPRESENTATION_DATA(#3A378) - this may cause problems in AutoCAD
copy process ignored ACDB_BLOCKREPRESENTATION_DATA(#3A389) - this may cause problems in AutoCAD
copy process ignored ACDB_BLOCKREPRESENTATION_DATA(#3A3A4) - this may cause problems in AutoCAD
copy process ignored ACDB_BLOCKREPRESENTATION_DATA(#3A3C7) - this may cause problems in AutoCAD
copy process ignored ACDB_BLOCKREPRESENTATION_DATA(#3A481) - this may cause problems in AutoCAD
copy process ignored ACDB_BLOCKREPRESENTATION_DATA(#46BFA) - this may cause problems in AutoCAD
copy process ignored ACDB_BLOCKREPRESENTATION_DATA(#46C4B) - this may cause problems in AutoCAD
copy process ignored ACDB_BLOCKREPRESENTATION_DATA(#46C56) - this may cause problems in AutoCAD
copy process ignored ACDB_BLOCKREPRESENTATION_DATA(#46C61) - this may cause problems in AutoCAD
copy process ignored ACDB_BLOCKREPRESENTATION_DATA(#46E20) - this may cause problems in AutoCAD
copy process ignored ACDB_BLOCKREPRESENTATION_DATA(#46E89) - this may cause problems in AutoCAD
copy process ignored ACDB_BLOCKREPRESENTATION_DATA(#46FEB) - this may cause problems in AutoCAD
copy process ignored ACDB_BLOCKREPRESENTATION_DATA(#470BA) - this may cause problems in AutoCAD
copy process ignored ACDB_BLOCKREPRESENTATION_DATA(#472B6) - this may cause problems in AutoCAD
copy process ignored ACDB_BLOCKREPRESENTATION_DATA(#472C6) - this may cause problems in AutoCAD
copy process ignored ACDB_BLOCKREPRESENTATION_DATA(#472D9) - this may cause problems in AutoCAD
copy process ignored ACDB_BLOCKREPRESENTATION_DATA(#4730A) - this may cause problems in AutoCAD
copy process ignored ACDB_BLOCKREPRESENTATION_DATA(#47328) - this may cause problems in AutoCAD
copy process ignored ACDB_BLOCKREPRESENTATION_DATA(#4736E) - this may cause problems in AutoCAD
copy process ignored FIELD(#473A9) - this may cause problems in AutoCAD
copy process ignored FIELD(#473B1) - this may cause problems in AutoCAD
copy process ignored FIELD(#473B7) - this may cause problems in AutoCAD
copy process ignored FIELD(#473C0) - this may cause problems in AutoCAD
copy process ignored ACDB_BLOCKREPRESENTATION_DATA(#4741D) - this may cause problems in AutoCAD
copy process ignored ACDB_BLOCKREPRESENTATION_DATA(#47441) - this may cause problems in AutoCAD
copy process ignored ACDB_BLOCKREPRESENTATION_DATA(#47592) - this may cause problems in AutoCAD
copy process ignored ACDB_BLOCKREPRESENTATION_DATA(#4759A) - this may cause problems in AutoCAD
copy process ignored ACDB_BLOCKREPRESENTATION_DATA(#475A2) - this may cause problems in AutoCAD
copy process ignored ACDB_BLOCKREPRESENTATION_DATA(#475AA) - this may cause problems in AutoCAD
copy process ignored ACDB_BLOCKREPRESENTATION_DATA(#475B2) - this may cause problems in AutoCAD
copy process ignored ACDB_BLOCKREPRESENTATION_DATA(#475BA) - this may cause problems in AutoCAD
copy process ignored ACDB_BLOCKREPRESENTATION_DATA(#475C2) - this may cause problems in AutoCAD
copy process ignored ACDB_BLOCKREPRESENTATION_DATA(#475CA) - this may cause problems in AutoCAD
copy process ignored ACDB_BLOCKREPRESENTATION_DATA(#475D2) - this may cause problems in AutoCAD
copy process ignored ACDB_BLOCKREPRESENTATION_DATA(#475DA) - this may cause problems in AutoCAD
copy process ignored ACDB_BLOCKREPRESENTATION_DATA(#475E2) - this may cause problems in AutoCAD
copy process ignored ACDB_BLOCKREPRESENTATION_DATA(#475EA) - this may cause problems in AutoCAD
copy process ignored ACDB_BLOCKREPRESENTATION_DATA(#475F2) - this may cause problems in AutoCAD
copy process ignored ACDB_BLOCKREPRESENTATION_DATA(#475FA) - this may cause problems in AutoCAD
copy process ignored ACDB_BLOCKREPRESENTATION_DATA(#47602) - this may cause problems in AutoCAD
copy process ignored ACDB_BLOCKREPRESENTATION_DATA(#4760A) - this may cause problems in AutoCAD
copy process ignored ACDB_BLOCKREPRESENTATION_DATA(#47612) - this may cause problems in AutoCAD
copy process ignored ACDB_BLOCKREPRESENTATION_DATA(#4761A) - this may cause problems in AutoCAD
copy process ignored ACDB_BLOCKREPRESENTATION_DATA(#47622) - this may cause problems in AutoCAD
copy process ignored ACDB_BLOCKREPRESENTATION_DATA(#4762A) - this may cause problems in AutoCAD
copy process ignored ACDB_BLOCKREPRESENTATION_DATA(#47632) - this may cause problems in AutoCAD
copy process ignored ACDB_BLOCKREPRESENTATION_DATA(#47644) - this may cause problems in AutoCAD
copy process ignored ACDB_BLOCKREPRESENTATION_DATA(#4764C) - this may cause problems in AutoCAD
copy process ignored ACDB_BLOCKREPRESENTATION_DATA(#47657) - this may cause problems in AutoCAD
copy process ignored ACDB_BLOCKREPRESENTATION_DATA(#47662) - this may cause problems in AutoCAD
copy process ignored ACDB_BLOCKREPRESENTATION_DATA(#4766D) - this may cause problems in AutoCAD
copy process ignored ACDB_BLOCKREPRESENTATION_DATA(#47678) - this may cause problems in AutoCAD
copy process ignored ACDB_BLOCKREPRESENTATION_DATA(#47683) - this may cause problems in AutoCAD
copy process ignored ACDB_BLOCKREPRESENTATION_DATA(#4768E) - this may cause problems in AutoCAD
copy process ignored ACDB_BLOCKREPRESENTATION_DATA(#47699) - this may cause problems in AutoCAD
copy process ignored ACDB_BLOCKREPRESENTATION_DATA(#476A4) - this may cause problems in AutoCAD
copy process ignored ACDB_BLOCKREPRESENTATION_DATA(#476AF) - this may cause problems in AutoCAD
copy process ignored ACDB_BLOCKREPRESENTATION_DATA(#476BA) - this may cause problems in AutoCAD
copy process ignored ACDB_BLOCKREPRESENTATION_DATA(#476C5) - this may cause problems in AutoCAD
copy process ignored ACDB_BLOCKREPRESENTATION_DATA(#476D0) - this may cause problems in AutoCAD
copy process ignored ACDB_BLOCKREPRESENTATION_DATA(#476DB) - this may cause problems in AutoCAD
copy process ignored ACDB_BLOCKREPRESENTATION_DATA(#476E6) - this may cause problems in AutoCAD
copy process ignored ACDB_BLOCKREPRESENTATION_DATA(#476F1) - this may cause problems in AutoCAD
copy process ignored ACDB_BLOCKREPRESENTATION_DATA(#476FC) - this may cause problems in AutoCAD
copy process ignored ACDB_BLOCKREPRESENTATION_DATA(#47707) - this may cause problems in AutoCAD
copy process ignored ACDB_BLOCKREPRESENTATION_DATA(#47712) - this may cause problems in AutoCAD
copy process ignored ACDB_BLOCKREPRESENTATION_DATA(#4771D) - this may cause problems in AutoCAD
copy process ignored ACDB_BLOCKREPRESENTATION_DATA(#47728) - this may cause problems in AutoCAD
copy process ignored ACDB_BLOCKREPRESENTATION_DATA(#47733) - this may cause problems in AutoCAD
copy process ignored ACDB_BLOCKREPRESENTATION_DATA(#4773E) - this may cause problems in AutoCAD
copy process ignored ACDB_BLOCKREPRESENTATION_DATA(#47749) - this may cause problems in AutoCAD
copy process ignored ACDB_BLOCKREPRESENTATION_DATA(#47754) - this may cause problems in AutoCAD
copy process ignored ACDB_BLOCKREPRESENTATION_DATA(#4775F) - this may cause problems in AutoCAD
copy process ignored ACDB_BLOCKREPRESENTATION_DATA(#4776A) - this may cause problems in AutoCAD
copy process ignored ACDB_BLOCKREPRESENTATION_DATA(#47775) - this may cause problems in AutoCAD
copy process ignored ACDB_BLOCKREPRESENTATION_DATA(#47780) - this may cause problems in AutoCAD
copy process ignored ACDB_BLOCKREPRESENTATION_DATA(#4778B) - this may cause problems in AutoCAD
copy process ignored ACDB_BLOCKREPRESENTATION_DATA(#47796) - this may cause problems in AutoCAD
copy process ignored ACDB_BLOCKREPRESENTATION_DATA(#477A1) - this may cause problems in AutoCAD
copy process ignored ACDB_BLOCKREPRESENTATION_DATA(#477AC) - this may cause problems in AutoCAD
copy process ignored ACDB_BLOCKREPRESENTATION_DATA(#477B7) - this may cause problems in AutoCAD
copy process ignored ACDB_BLOCKREPRESENTATION_DATA(#477C2) - this may cause problems in AutoCAD
copy process ignored ACDB_BLOCKREPRESENTATION_DATA(#477CD) - this may cause problems in AutoCAD
copy process ignored ACDB_BLOCKREPRESENTATION_DATA(#477D8) - this may cause problems in AutoCAD
copy process ignored ACDB_BLOCKREPRESENTATION_DATA(#477E3) - this may cause problems in AutoCAD
copy process ignored ACDB_BLOCKREPRESENTATION_DATA(#477EE) - this may cause problems in AutoCAD
copy process ignored ACDB_BLOCKREPRESENTATION_DATA(#477F9) - this may cause problems in AutoCAD
copy process ignored ACDB_BLOCKREPRESENTATION_DATA(#47804) - this may cause problems in AutoCAD
copy process ignored ACDB_BLOCKREPRESENTATION_DATA(#4780F) - this may cause problems in AutoCAD
copy process ignored ACDB_BLOCKREPRESENTATION_DATA(#4781A) - this may cause problems in AutoCAD
copy process ignored ACDB_BLOCKREPRESENTATION_DATA(#47825) - this may cause problems in AutoCAD
copy process ignored ACDB_BLOCKREPRESENTATION_DATA(#47830) - this may cause problems in AutoCAD
copy process ignored ACDB_BLOCKREPRESENTATION_DATA(#4783B) - this may cause problems in AutoCAD
copy process ignored ACDB_BLOCKREPRESENTATION_DATA(#47846) - this may cause problems in AutoCAD
copy process ignored ACDB_BLOCKREPRESENTATION_DATA(#47851) - this may cause problems in AutoCAD
copy process ignored ACDB_BLOCKREPRESENTATION_DATA(#4785C) - this may cause problems in AutoCAD
copy process ignored ACDB_BLOCKREPRESENTATION_DATA(#47867) - this may cause problems in AutoCAD
copy process ignored ACDB_BLOCKREPRESENTATION_DATA(#47874) - this may cause problems in AutoCAD
copy process ignored ACDB_BLOCKREPRESENTATION_DATA(#4787F) - this may cause problems in AutoCAD
copy process ignored ACDB_BLOCKREPRESENTATION_DATA(#4788A) - this may cause problems in AutoCAD
copy process ignored ACDB_BLOCKREPRESENTATION_DATA(#47895) - this may cause problems in AutoCAD
copy process ignored ACDB_BLOCKREPRESENTATION_DATA(#478A0) - this may cause problems in AutoCAD
copy process ignored ACDB_BLOCKREPRESENTATION_DATA(#478A8) - this may cause problems in AutoCAD
copy process ignored ACDB_BLOCKREPRESENTATION_DATA(#478B0) - this may cause problems in AutoCAD
copy process ignored ACDB_BLOCKREPRESENTATION_DATA(#478B8) - this may cause problems in AutoCAD
copy process ignored ACDB_BLOCKREPRESENTATION_DATA(#478C0) - this may cause problems in AutoCAD
copy process ignored ACDB_BLOCKREPRESENTATION_DATA(#478C8) - this may cause problems in AutoCAD
copy process ignored ACDB_BLOCKREPRESENTATION_DATA(#478D0) - this may cause problems in AutoCAD
copy process ignored ACDB_BLOCKREPRESENTATION_DATA(#478D8) - this may cause problems in AutoCAD
copy process ignored ACDB_BLOCKREPRESENTATION_DATA(#478E0) - this may cause problems in AutoCAD
copy process ignored ACDB_BLOCKREPRESENTATION_DATA(#478E8) - this may cause problems in AutoCAD
copy process ignored ACDB_BLOCKREPRESENTATION_DATA(#478F0) - this may cause problems in AutoCAD
copy process ignored ACDB_BLOCKREPRESENTATION_DATA(#478F8) - this may cause problems in AutoCAD
copy process ignored ACDB_BLOCKREPRESENTATION_DATA(#47900) - this may cause problems in AutoCAD
copy process ignored ACDB_BLOCKREPRESENTATION_DATA(#47908) - this may cause problems in AutoCAD
copy process ignored ACDB_BLOCKREPRESENTATION_DATA(#47910) - this may cause problems in AutoCAD
copy process ignored ACDB_BLOCKREPRESENTATION_DATA(#47918) - this may cause problems in AutoCAD
copy process ignored ACDB_BLOCKREPRESENTATION_DATA(#47920) - this may cause problems in AutoCAD
copy process ignored ACDB_BLOCKREPRESENTATION_DATA(#47928) - this may cause problems in AutoCAD
copy process ignored ACDB_BLOCKREPRESENTATION_DATA(#47930) - this may cause problems in AutoCAD
copy process ignored ACDB_BLOCKREPRESENTATION_DATA(#47938) - this may cause problems in AutoCAD
copy process ignored ACDB_BLOCKREPRESENTATION_DATA(#47940) - this may cause problems in AutoCAD
copy process ignored ACDB_BLOCKREPRESENTATION_DATA(#47948) - this may cause problems in AutoCAD
copy process ignored ACDB_BLOCKREPRESENTATION_DATA(#47950) - this may cause problems in AutoCAD
copy process ignored ACDB_BLOCKREPRESENTATION_DATA(#47958) - this may cause problems in AutoCAD
copy process ignored ACDB_BLOCKREPRESENTATION_DATA(#47960) - this may cause problems in AutoCAD
copy process ignored ACDB_BLOCKREPRESENTATION_DATA(#47968) - this may cause problems in AutoCAD
copy process ignored ACDB_BLOCKREPRESENTATION_DATA(#47970) - this may cause problems in AutoCAD
copy process ignored ACDB_BLOCKREPRESENTATION_DATA(#47978) - this may cause problems in AutoCAD
copy process ignored ACDB_BLOCKREPRESENTATION_DATA(#47980) - this may cause problems in AutoCAD
copy process ignored ACDB_BLOCKREPRESENTATION_DATA(#47988) - this may cause problems in AutoCAD
copy process ignored ACDB_BLOCKREPRESENTATION_DATA(#47990) - this may cause problems in AutoCAD
copy process ignored ACDB_BLOCKREPRESENTATION_DATA(#47998) - this may cause problems in AutoCAD
copy process ignored ACDB_BLOCKREPRESENTATION_DATA(#479A0) - this may cause problems in AutoCAD
copy process ignored ACDB_BLOCKREPRESENTATION_DATA(#479A8) - this may cause problems in AutoCAD
copy process ignored ACDB_BLOCKREPRESENTATION_DATA(#479B0) - this may cause problems in AutoCAD
copy process ignored ACDB_BLOCKREPRESENTATION_DATA(#479BB) - this may cause problems in AutoCAD
copy process ignored ACDB_BLOCKREPRESENTATION_DATA(#479C3) - this may cause problems in AutoCAD
copy process ignored ACDB_BLOCKREPRESENTATION_DATA(#479CB) - this may cause problems in AutoCAD
copy process ignored ACDB_BLOCKREPRESENTATION_DATA(#479D3) - this may cause problems in AutoCAD
copy process ignored ACDB_BLOCKREPRESENTATION_DATA(#479DB) - this may cause problems in AutoCAD
copy process ignored ACDB_BLOCKREPRESENTATION_DATA(#479E3) - this may cause problems in AutoCAD
copy process ignored ACDB_BLOCKREPRESENTATION_DATA(#479EB) - this may cause problems in AutoCAD
copy process ignored ACDB_BLOCKREPRESENTATION_DATA(#479F3) - this may cause problems in AutoCAD
copy process ignored ACDB_BLOCKREPRESENTATION_DATA(#479FB) - this may cause problems in AutoCAD
copy process ignored ACDB_BLOCKREPRESENTATION_DATA(#47A03) - this may cause problems in AutoCAD
copy process ignored ACDB_BLOCKREPRESENTATION_DATA(#47A0B) - this may cause problems in AutoCAD
copy process ignored ACDB_BLOCKREPRESENTATION_DATA(#47A13) - this may cause problems in AutoCAD
copy process ignored ACDB_BLOCKREPRESENTATION_DATA(#47A1B) - this may cause problems in AutoCAD
copy process ignored ACDB_BLOCKREPRESENTATION_DATA(#47A23) - this may cause problems in AutoCAD
copy process ignored ACDB_BLOCKREPRESENTATION_DATA(#47A2B) - this may cause problems in AutoCAD
copy process ignored ACDB_BLOCKREPRESENTATION_DATA(#47A33) - this may cause problems in AutoCAD
copy process ignored ACDB_BLOCKREPRESENTATION_DATA(#47A3B) - this may cause problems in AutoCAD
copy process ignored ACDB_BLOCKREPRESENTATION_DATA(#47A43) - this may cause problems in AutoCAD
copy process ignored ACDB_BLOCKREPRESENTATION_DATA(#47A55) - this may cause problems in AutoCAD
copy process ignored ACDB_BLOCKREPRESENTATION_DATA(#47A6A) - this may cause problems in AutoCAD
copy process ignored ACDB_BLOCKREPRESENTATION_DATA(#47A9B) - this may cause problems in AutoCAD
copy process ignored ACDB_BLOCKREPRESENTATION_DATA(#47AAA) - this may cause problems in AutoCAD
copy process ignored ACDB_BLOCKREPRESENTATION_DATA(#47ABB) - this may cause problems in AutoCAD
copy process ignored ACDB_BLOCKREPRESENTATION_DATA(#47AF2) - this may cause problems in AutoCAD
copy process ignored ACDB_BLOCKREPRESENTATION_DATA(#47B3B) - this may cause problems in AutoCAD
copy process ignored ACDB_BLOCKREPRESENTATION_DATA(#47B4D) - this may cause problems in AutoCAD
copy process ignored ACDB_BLOCKREPRESENTATION_DATA(#47B5F) - this may cause problems in AutoCAD
copy process ignored ACDB_BLOCKREPRESENTATION_DATA(#47B71) - this may cause problems in AutoCAD
copy process ignored ACDB_BLOCKREPRESENTATION_DATA(#47B83) - this may cause problems in AutoCAD
copy process ignored ACDB_BLOCKREPRESENTATION_DATA(#47B95) - this may cause problems in AutoCAD
copy process ignored ACDB_BLOCKREPRESENTATION_DATA(#47BA7) - this may cause problems in AutoCAD
copy process ignored ACDB_BLOCKREPRESENTATION_DATA(#47BB9) - this may cause problems in AutoCAD
copy process ignored ACDB_BLOCKREPRESENTATION_DATA(#47BCB) - this may cause problems in AutoCAD
copy process ignored ACDB_BLOCKREPRESENTATION_DATA(#47BDD) - this may cause problems in AutoCAD
copy process ignored ACDB_BLOCKREPRESENTATION_DATA(#47BEF) - this may cause problems in AutoCAD
copy process ignored ACDB_BLOCKREPRESENTATION_DATA(#47C01) - this may cause problems in AutoCAD
copy process ignored ACDB_BLOCKREPRESENTATION_DATA(#47C13) - this may cause problems in AutoCAD
copy process ignored ACDB_BLOCKREPRESENTATION_DATA(#47C25) - this may cause problems in AutoCAD
copy process ignored ACDB_BLOCKREPRESENTATION_DATA(#47C37) - this may cause problems in AutoCAD
copy process ignored ACDB_BLOCKREPRESENTATION_DATA(#47C49) - this may cause problems in AutoCAD
copy process ignored ACDB_BLOCKREPRESENTATION_DATA(#47C5B) - this may cause problems in AutoCAD
copy process ignored ACDB_BLOCKREPRESENTATION_DATA(#47C6D) - this may cause problems in AutoCAD
copy process ignored ACDB_BLOCKREPRESENTATION_DATA(#47C7F) - this may cause problems in AutoCAD
copy process ignored ACDB_BLOCKREPRESENTATION_DATA(#47C91) - this may cause problems in AutoCAD
copy process ignored ACDB_BLOCKREPRESENTATION_DATA(#47CA3) - this may cause problems in AutoCAD
copy process ignored ACDB_BLOCKREPRESENTATION_DATA(#47D7D) - this may cause problems in AutoCAD
copy process ignored ACDB_BLOCKREPRESENTATION_DATA(#47D8F) - this may cause problems in AutoCAD
copy process ignored ACDB_BLOCKREPRESENTATION_DATA(#47DA1) - this may cause problems in AutoCAD
copy process ignored ACDB_BLOCKREPRESENTATION_DATA(#47DD1) - this may cause problems in AutoCAD
copy process ignored ACDB_BLOCKREPRESENTATION_DATA(#47DFF) - this may cause problems in AutoCAD
copy process ignored ACDB_BLOCKREPRESENTATION_DATA(#47E11) - this may cause problems in AutoCAD
copy process ignored ACDB_BLOCKREPRESENTATION_DATA(#47E23) - this may cause problems in AutoCAD
copy process ignored ACDB_BLOCKREPRESENTATION_DATA(#47E44) - this may cause problems in AutoCAD
copy process ignored ACDB_BLOCKREPRESENTATION_DATA(#47E56) - this may cause problems in AutoCAD
copy process ignored ACDB_BLOCKREPRESENTATION_DATA(#47E69) - this may cause problems in AutoCAD
copy process ignored ACDB_BLOCKREPRESENTATION_DATA(#47E7B) - this may cause problems in AutoCAD
copy process ignored ACDB_BLOCKREPRESENTATION_DATA(#47E9B) - this may cause problems in AutoCAD
copy process ignored ACDB_BLOCKREPRESENTATION_DATA(#47EAD) - this may cause problems in AutoCAD
copy process ignored ACDB_BLOCKREPRESENTATION_DATA(#4803B) - this may cause problems in AutoCAD
copy process ignored ACDB_BLOCKREPRESENTATION_DATA(#4804E) - this may cause problems in AutoCAD
copy process ignored ACDB_BLOCKREPRESENTATION_DATA(#480BF) - this may cause problems in AutoCAD
copy process ignored ACDB_BLOCKREPRESENTATION_DATA(#480D1) - this may cause problems in AutoCAD
copy process ignored ACDB_BLOCKREPRESENTATION_DATA(#480E3) - this may cause problems in AutoCAD
copy process ignored ACDB_BLOCKREPRESENTATION_DATA(#480F5) - this may cause problems in AutoCAD
copy process ignored ACDB_BLOCKREPRESENTATION_DATA(#48107) - this may cause problems in AutoCAD
copy process ignored ACDB_BLOCKREPRESENTATION_DATA(#48119) - this may cause problems in AutoCAD
copy process ignored ACDB_BLOCKREPRESENTATION_DATA(#4812B) - this may cause problems in AutoCAD
copy process ignored ACDB_BLOCKREPRESENTATION_DATA(#4813D) - this may cause problems in AutoCAD
copy process ignored ACDB_BLOCKREPRESENTATION_DATA(#4814F) - this may cause problems in AutoCAD
copy process ignored ACDB_BLOCKREPRESENTATION_DATA(#48161) - this may cause problems in AutoCAD
copy process ignored ACDB_BLOCKREPRESENTATION_DATA(#48173) - this may cause problems in AutoCAD
copy process ignored ACDB_BLOCKREPRESENTATION_DATA(#48185) - this may cause problems in AutoCAD
copy process ignored ACDB_BLOCKREPRESENTATION_DATA(#48197) - this may cause problems in AutoCAD
copy process ignored ACDB_BLOCKREPRESENTATION_DATA(#481A9) - this may cause problems in AutoCAD
copy process ignored ACDB_BLOCKREPRESENTATION_DATA(#481BB) - this may cause problems in AutoCAD
copy process ignored ACDB_BLOCKREPRESENTATION_DATA(#481CD) - this may cause problems in AutoCAD
copy process ignored ACDB_BLOCKREPRESENTATION_DATA(#481DF) - this may cause problems in AutoCAD
copy process ignored ACDB_BLOCKREPRESENTATION_DATA(#481F1) - this may cause problems in AutoCAD
copy process ignored ACDB_BLOCKREPRESENTATION_DATA(#48203) - this may cause problems in AutoCAD
copy process ignored ACDB_BLOCKREPRESENTATION_DATA(#48215) - this may cause problems in AutoCAD
copy process ignored ACDB_BLOCKREPRESENTATION_DATA(#48227) - this may cause problems in AutoCAD
copy process ignored ACDB_BLOCKREPRESENTATION_DATA(#48239) - this may cause problems in AutoCAD
copy process ignored ACDB_BLOCKREPRESENTATION_DATA(#4824B) - this may cause problems in AutoCAD
copy process ignored ACDB_BLOCKREPRESENTATION_DATA(#4825D) - this may cause problems in AutoCAD
copy process ignored ACDB_BLOCKREPRESENTATION_DATA(#4826F) - this may cause problems in AutoCAD
copy process ignored ACDB_BLOCKREPRESENTATION_DATA(#48281) - this may cause problems in AutoCAD
copy process ignored ACDB_BLOCKREPRESENTATION_DATA(#48293) - this may cause problems in AutoCAD
copy process ignored ACDB_BLOCKREPRESENTATION_DATA(#482A5) - this may cause problems in AutoCAD
copy process ignored ACDB_BLOCKREPRESENTATION_DATA(#482B7) - this may cause problems in AutoCAD
copy process ignored ACDB_BLOCKREPRESENTATION_DATA(#482C9) - this may cause problems in AutoCAD
copy process ignored ACDB_BLOCKREPRESENTATION_DATA(#482DB) - this may cause problems in AutoCAD
copy process ignored ACDB_BLOCKREPRESENTATION_DATA(#482ED) - this may cause problems in AutoCAD
copy process ignored ACDB_BLOCKREPRESENTATION_DATA(#482FF) - this may cause problems in AutoCAD
copy process ignored ACDB_BLOCKREPRESENTATION_DATA(#48311) - this may cause problems in AutoCAD
copy process ignored ACDB_BLOCKREPRESENTATION_DATA(#48323) - this may cause problems in AutoCAD
copy process ignored ACDB_BLOCKREPRESENTATION_DATA(#48335) - this may cause problems in AutoCAD
copy process ignored ACDB_BLOCKREPRESENTATION_DATA(#48347) - this may cause problems in AutoCAD
copy process ignored ACDB_BLOCKREPRESENTATION_DATA(#48359) - this may cause problems in AutoCAD
copy process ignored ACDB_BLOCKREPRESENTATION_DATA(#4836B) - this may cause problems in AutoCAD
copy process ignored ACDB_BLOCKREPRESENTATION_DATA(#4837D) - this may cause problems in AutoCAD
copy process ignored ACDB_BLOCKREPRESENTATION_DATA(#4838F) - this may cause problems in AutoCAD
copy process ignored ACDB_BLOCKREPRESENTATION_DATA(#483A1) - this may cause problems in AutoCAD
copy process ignored ACDB_BLOCKREPRESENTATION_DATA(#483B3) - this may cause problems in AutoCAD
copy process ignored ACDB_BLOCKREPRESENTATION_DATA(#483C5) - this may cause problems in AutoCAD
copy process ignored ACDB_BLOCKREPRESENTATION_DATA(#483D7) - this may cause problems in AutoCAD
copy process ignored ACDB_BLOCKREPRESENTATION_DATA(#483E9) - this may cause problems in AutoCAD
copy process ignored ACDB_BLOCKREPRESENTATION_DATA(#483FB) - this may cause problems in AutoCAD
copy process ignored ACDB_BLOCKREPRESENTATION_DATA(#4840D) - this may cause problems in AutoCAD
copy process ignored ACDB_BLOCKREPRESENTATION_DATA(#4841F) - this may cause problems in AutoCAD
copy process ignored ACDB_BLOCKREPRESENTATION_DATA(#48431) - this may cause problems in AutoCAD
copy process ignored ACDB_BLOCKREPRESENTATION_DATA(#48443) - this may cause problems in AutoCAD
copy process ignored ACDB_BLOCKREPRESENTATION_DATA(#48455) - this may cause problems in AutoCAD
copy process ignored ACDB_BLOCKREPRESENTATION_DATA(#48467) - this may cause problems in AutoCAD
copy process ignored ACDB_BLOCKREPRESENTATION_DATA(#48479) - this may cause problems in AutoCAD
copy process ignored ACDB_BLOCKREPRESENTATION_DATA(#4848B) - this may cause problems in AutoCAD
copy process ignored ACDB_BLOCKREPRESENTATION_DATA(#4849D) - this may cause problems in AutoCAD
copy process ignored ACDB_BLOCKREPRESENTATION_DATA(#484AF) - this may cause problems in AutoCAD
copy process ignored ACDB_BLOCKREPRESENTATION_DATA(#484C1) - this may cause problems in AutoCAD
copy process ignored ACDB_BLOCKREPRESENTATION_DATA(#484D3) - this may cause problems in AutoCAD
copy process ignored ACDB_BLOCKREPRESENTATION_DATA(#484E5) - this may cause problems in AutoCAD
copy process ignored ACDB_BLOCKREPRESENTATION_DATA(#484F7) - this may cause problems in AutoCAD
copy process ignored ACDB_BLOCKREPRESENTATION_DATA(#48509) - this may cause problems in AutoCAD
copy process ignored ACDB_BLOCKREPRESENTATION_DATA(#4851B) - this may cause problems in AutoCAD
copy process ignored ACDB_BLOCKREPRESENTATION_DATA(#4852D) - this may cause problems in AutoCAD
copy process ignored ACDB_BLOCKREPRESENTATION_DATA(#4853F) - this may cause problems in AutoCAD
copy process ignored ACDB_BLOCKREPRESENTATION_DATA(#48551) - this may cause problems in AutoCAD
copy process ignored ACDB_BLOCKREPRESENTATION_DATA(#48563) - this may cause problems in AutoCAD
copy process ignored ACDB_BLOCKREPRESENTATION_DATA(#48575) - this may cause problems in AutoCAD
copy process ignored ACDB_BLOCKREPRESENTATION_DATA(#48587) - this may cause problems in AutoCAD
copy process ignored ACDB_BLOCKREPRESENTATION_DATA(#48599) - this may cause problems in AutoCAD
copy process ignored ACDB_BLOCKREPRESENTATION_DATA(#485AB) - this may cause problems in AutoCAD
copy process ignored ACDB_BLOCKREPRESENTATION_DATA(#485BD) - this may cause problems in AutoCAD
copy process ignored ACDB_BLOCKREPRESENTATION_DATA(#485CF) - this may cause problems in AutoCAD
copy process ignored ACDB_BLOCKREPRESENTATION_DATA(#485E1) - this may cause problems in AutoCAD
copy process ignored ACDB_BLOCKREPRESENTATION_DATA(#485F3) - this may cause problems in AutoCAD
copy process ignored ACDB_BLOCKREPRESENTATION_DATA(#48605) - this may cause problems in AutoCAD
copy process ignored ACDB_BLOCKREPRESENTATION_DATA(#48617) - this may cause problems in AutoCAD
copy process ignored ACDB_BLOCKREPRESENTATION_DATA(#48629) - this may cause problems in AutoCAD
copy process ignored ACDB_BLOCKREPRESENTATION_DATA(#4863B) - this may cause problems in AutoCAD
copy process ignored ACDB_BLOCKREPRESENTATION_DATA(#4864D) - this may cause problems in AutoCAD
copy process ignored ACDB_BLOCKREPRESENTATION_DATA(#4865F) - this may cause problems in AutoCAD
copy process ignored ACDB_BLOCKREPRESENTATION_DATA(#48671) - this may cause problems in AutoCAD
copy process ignored ACDB_BLOCKREPRESENTATION_DATA(#48683) - this may cause problems in AutoCAD
copy process ignored ACDB_BLOCKREPRESENTATION_DATA(#48695) - this may cause problems in AutoCAD
copy process ignored ACDB_BLOCKREPRESENTATION_DATA(#486A7) - this may cause problems in AutoCAD
copy process ignored ACDB_BLOCKREPRESENTATION_DATA(#486B9) - this may cause problems in AutoCAD
copy process ignored ACDB_BLOCKREPRESENTATION_DATA(#486CB) - this may cause problems in AutoCAD
copy process ignored ACDB_BLOCKREPRESENTATION_DATA(#486DD) - this may cause problems in AutoCAD
copy process ignored ACDB_BLOCKREPRESENTATION_DATA(#486EF) - this may cause problems in AutoCAD
copy process ignored ACDB_BLOCKREPRESENTATION_DATA(#48701) - this may cause problems in AutoCAD
copy process ignored ACDB_BLOCKREPRESENTATION_DATA(#48713) - this may cause problems in AutoCAD
copy process ignored ACDB_BLOCKREPRESENTATION_DATA(#48725) - this may cause problems in AutoCAD
copy process ignored ACDB_BLOCKREPRESENTATION_DATA(#48737) - this may cause problems in AutoCAD
copy process ignored ACDB_BLOCKREPRESENTATION_DATA(#48749) - this may cause problems in AutoCAD
copy process ignored ACDB_BLOCKREPRESENTATION_DATA(#4875B) - this may cause problems in AutoCAD
copy process ignored ACDB_BLOCKREPRESENTATION_DATA(#4876D) - this may cause problems in AutoCAD
copy process ignored ACDB_BLOCKREPRESENTATION_DATA(#4877F) - this may cause problems in AutoCAD
copy process ignored ACDB_BLOCKREPRESENTATION_DATA(#48791) - this may cause problems in AutoCAD
copy process ignored ACDB_BLOCKREPRESENTATION_DATA(#487A3) - this may cause problems in AutoCAD
copy process ignored ACDB_BLOCKREPRESENTATION_DATA(#487B5) - this may cause problems in AutoCAD
copy process ignored ACDB_BLOCKREPRESENTATION_DATA(#487C7) - this may cause problems in AutoCAD
copy process ignored ACDB_BLOCKREPRESENTATION_DATA(#487D9) - this may cause problems in AutoCAD
copy process ignored ACDB_BLOCKREPRESENTATION_DATA(#487EB) - this may cause problems in AutoCAD
copy process ignored ACDB_BLOCKREPRESENTATION_DATA(#487FD) - this may cause problems in AutoCAD
copy process ignored ACDB_BLOCKREPRESENTATION_DATA(#4880F) - this may cause problems in AutoCAD
copy process ignored ACDB_BLOCKREPRESENTATION_DATA(#48821) - this may cause problems in AutoCAD
copy process ignored ACDB_BLOCKREPRESENTATION_DATA(#48833) - this may cause problems in AutoCAD
copy process ignored ACDB_BLOCKREPRESENTATION_DATA(#48845) - this may cause problems in AutoCAD
copy process ignored ACDB_BLOCKREPRESENTATION_DATA(#48857) - this may cause problems in AutoCAD
copy process ignored ACDB_BLOCKREPRESENTATION_DATA(#48869) - this may cause problems in AutoCAD
copy process ignored ACDB_BLOCKREPRESENTATION_DATA(#4887B) - this may cause problems in AutoCAD
copy process ignored ACDB_BLOCKREPRESENTATION_DATA(#4888D) - this may cause problems in AutoCAD
copy process ignored ACDB_BLOCKREPRESENTATION_DATA(#4889F) - this may cause problems in AutoCAD
copy process ignored ACDB_BLOCKREPRESENTATION_DATA(#488B1) - this may cause problems in AutoCAD
copy process ignored ACDB_BLOCKREPRESENTATION_DATA(#488C3) - this may cause problems in AutoCAD
copy process ignored ACDB_BLOCKREPRESENTATION_DATA(#488D6) - this may cause problems in AutoCAD
copy process ignored ACDB_BLOCKREPRESENTATION_DATA(#488E8) - this may cause problems in AutoCAD
copy process ignored ACDB_BLOCKREPRESENTATION_DATA(#488FA) - this may cause problems in AutoCAD
copy process ignored ACDB_BLOCKREPRESENTATION_DATA(#4890C) - this may cause problems in AutoCAD
copy process ignored ACDB_BLOCKREPRESENTATION_DATA(#48924) - this may cause problems in AutoCAD
copy process ignored ACDB_BLOCKREPRESENTATION_DATA(#4892F) - this may cause problems in AutoCAD
copy process ignored ACDB_BLOCKREPRESENTATION_DATA(#4893A) - this may cause problems in AutoCAD
copy process ignored ACDB_BLOCKREPRESENTATION_DATA(#48945) - this may cause problems in AutoCAD
copy process ignored ACDB_BLOCKREPRESENTATION_DATA(#48950) - this may cause problems in AutoCAD
copy process ignored ACDB_BLOCKREPRESENTATION_DATA(#4895B) - this may cause problems in AutoCAD
copy process ignored ACDB_BLOCKREPRESENTATION_DATA(#48966) - this may cause problems in AutoCAD
copy process ignored ACDB_BLOCKREPRESENTATION_DATA(#48971) - this may cause problems in AutoCAD
copy process ignored ACDB_BLOCKREPRESENTATION_DATA(#4897C) - this may cause problems in AutoCAD
copy process ignored ACDB_BLOCKREPRESENTATION_DATA(#48987) - this may cause problems in AutoCAD
copy process ignored ACDB_BLOCKREPRESENTATION_DATA(#48992) - this may cause problems in AutoCAD
copy process ignored ACDB_BLOCKREPRESENTATION_DATA(#4899D) - this may cause problems in AutoCAD
copy process ignored ACDB_BLOCKREPRESENTATION_DATA(#489A8) - this may cause problems in AutoCAD
copy process ignored ACDB_BLOCKREPRESENTATION_DATA(#489B3) - this may cause problems in AutoCAD
copy process ignored ACDB_BLOCKREPRESENTATION_DATA(#489BE) - this may cause problems in AutoCAD
copy process ignored ACDB_BLOCKREPRESENTATION_DATA(#489C9) - this may cause problems in AutoCAD
copy process ignored ACDB_BLOCKREPRESENTATION_DATA(#4DF6B) - this may cause problems in AutoCAD
copy process ignored ACDB_BLOCKREPRESENTATION_DATA(#4DF8F) - this may cause problems in AutoCAD
copy process ignored ACDB_BLOCKREPRESENTATION_DATA(#4DF99) - this may cause problems in AutoCAD
copy process ignored ACDB_BLOCKREPRESENTATION_DATA(#4DFA3) - this may cause problems in AutoCAD
copy process ignored ACDB_BLOCKREPRESENTATION_DATA(#4DFAD) - this may cause problems in AutoCAD
copy process ignored ACDB_BLOCKREPRESENTATION_DATA(#4DFC0) - this may cause problems in AutoCAD
copy process ignored ACDB_BLOCKREPRESENTATION_DATA(#4DFCA) - this may cause problems in AutoCAD
copy process ignored ACDB_BLOCKREPRESENTATION_DATA(#4DFD4) - this may cause problems in AutoCAD
copy process ignored ACDB_BLOCKREPRESENTATION_DATA(#4DFDE) - this may cause problems in AutoCAD
copy process ignored ACDB_BLOCKREPRESENTATION_DATA(#4DFE8) - this may cause problems in AutoCAD
copy process ignored ACDB_BLOCKREPRESENTATION_DATA(#4DFF2) - this may cause problems in AutoCAD
copy process ignored ACDB_BLOCKREPRESENTATION_DATA(#4DFFC) - this may cause problems in AutoCAD
copy process ignored ACDB_BLOCKREPRESENTATION_DATA(#4E006) - this may cause problems in AutoCAD
copy process ignored ACDB_BLOCKREPRESENTATION_DATA(#4E010) - this may cause problems in AutoCAD
copy process ignored ACDB_BLOCKREPRESENTATION_DATA(#4E01A) - this may cause problems in AutoCAD
copy process ignored ACDB_BLOCKREPRESENTATION_DATA(#4E024) - this may cause problems in AutoCAD
copy process ignored ACDB_BLOCKREPRESENTATION_DATA(#4E037) - this may cause problems in AutoCAD
copy process ignored ACDB_BLOCKREPRESENTATION_DATA(#4E041) - this may cause problems in AutoCAD
copy process ignored ACDB_BLOCKREPRESENTATION_DATA(#4E04B) - this may cause problems in AutoCAD
copy process ignored ACDB_BLOCKREPRESENTATION_DATA(#4E055) - this may cause problems in AutoCAD
copy process ignored ACDB_BLOCKREPRESENTATION_DATA(#4E05F) - this may cause problems in AutoCAD
copy process ignored ACDB_BLOCKREPRESENTATION_DATA(#4E069) - this may cause problems in AutoCAD
copy process ignored ACDB_BLOCKREPRESENTATION_DATA(#4E07C) - this may cause problems in AutoCAD
copy process ignored ACDB_BLOCKREPRESENTATION_DATA(#4E086) - this may cause problems in AutoCAD
copy process ignored ACDB_BLOCKREPRESENTATION_DATA(#4E090) - this may cause problems in AutoCAD
copy process ignored ACDB_BLOCKREPRESENTATION_DATA(#4E0A1) - this may cause problems in AutoCAD
copy process ignored ACDB_BLOCKREPRESENTATION_DATA(#4E0AB) - this may cause problems in AutoCAD
copy process ignored ACDB_BLOCKREPRESENTATION_DATA(#4E0B5) - this may cause problems in AutoCAD
copy process ignored ACDB_BLOCKREPRESENTATION_DATA(#4E0BF) - this may cause problems in AutoCAD
copy process ignored ACDB_BLOCKREPRESENTATION_DATA(#4E0C9) - this may cause problems in AutoCAD
copy process ignored ACDB_BLOCKREPRESENTATION_DATA(#4E0D3) - this may cause problems in AutoCAD
copy process ignored ACDB_BLOCKREPRESENTATION_DATA(#4E0DD) - this may cause problems in AutoCAD
copy process ignored ACDB_BLOCKREPRESENTATION_DATA(#4E0E7) - this may cause problems in AutoCAD
copy process ignored ACDB_BLOCKREPRESENTATION_DATA(#4E0F1) - this may cause problems in AutoCAD
copy process ignored ACDB_BLOCKREPRESENTATION_DATA(#4E0FB) - this may cause problems in AutoCAD
copy process ignored ACDB_BLOCKREPRESENTATION_DATA(#4E105) - this may cause problems in AutoCAD
copy process ignored ACDB_BLOCKREPRESENTATION_DATA(#4E10F) - this may cause problems in AutoCAD
copy process ignored ACDB_BLOCKREPRESENTATION_DATA(#4E119) - this may cause problems in AutoCAD
copy process ignored ACDB_BLOCKREPRESENTATION_DATA(#4E123) - this may cause problems in AutoCAD
copy process ignored ACDB_BLOCKREPRESENTATION_DATA(#4E12D) - this may cause problems in AutoCAD
copy process ignored ACDB_BLOCKREPRESENTATION_DATA(#4E137) - this may cause problems in AutoCAD
copy process ignored ACDB_BLOCKREPRESENTATION_DATA(#4E141) - this may cause problems in AutoCAD
copy process ignored ACDB_BLOCKREPRESENTATION_DATA(#4E14B) - this may cause problems in AutoCAD
copy process ignored ACDB_BLOCKREPRESENTATION_DATA(#4E15B) - this may cause problems in AutoCAD
copy process ignored ACDB_BLOCKREPRESENTATION_DATA(#4E165) - this may cause problems in AutoCAD
copy process ignored ACDB_BLOCKREPRESENTATION_DATA(#4E16F) - this may cause problems in AutoCAD
copy process ignored ACDB_BLOCKREPRESENTATION_DATA(#4E179) - this may cause problems in AutoCAD
copy process ignored ACDB_BLOCKREPRESENTATION_DATA(#4E183) - this may cause problems in AutoCAD
copy process ignored ACDB_BLOCKREPRESENTATION_DATA(#4E18D) - this may cause problems in AutoCAD
copy process ignored ACDB_BLOCKREPRESENTATION_DATA(#4E197) - this may cause problems in AutoCAD
copy process ignored ACDB_BLOCKREPRESENTATION_DATA(#4E1A1) - this may cause problems in AutoCAD
copy process ignored ACDB_BLOCKREPRESENTATION_DATA(#4E1AB) - this may cause problems in AutoCAD
copy process ignored ACDB_BLOCKREPRESENTATION_DATA(#4E1B5) - this may cause problems in AutoCAD
copy process ignored ACDB_BLOCKREPRESENTATION_DATA(#4E1BF) - this may cause problems in AutoCAD
copy process ignored ACDB_BLOCKREPRESENTATION_DATA(#4E1C9) - this may cause problems in AutoCAD
copy process ignored ACDB_BLOCKREPRESENTATION_DATA(#4E1D3) - this may cause problems in AutoCAD
copy process ignored ACDB_BLOCKREPRESENTATION_DATA(#4E1DD) - this may cause problems in AutoCAD
copy process ignored ACDB_BLOCKREPRESENTATION_DATA(#4E1E7) - this may cause problems in AutoCAD
copy process ignored ACDB_BLOCKREPRESENTATION_DATA(#4E1F1) - this may cause problems in AutoCAD
copy process ignored ACDB_BLOCKREPRESENTATION_DATA(#4E1FB) - this may cause problems in AutoCAD
copy process ignored ACDB_BLOCKREPRESENTATION_DATA(#4E205) - this may cause problems in AutoCAD
copy process ignored ACDB_BLOCKREPRESENTATION_DATA(#4E20F) - this may cause problems in AutoCAD
copy process ignored ACDB_BLOCKREPRESENTATION_DATA(#4E219) - this may cause problems in AutoCAD
copy process ignored ACDB_BLOCKREPRESENTATION_DATA(#4E223) - this may cause problems in AutoCAD
copy process ignored ACDB_BLOCKREPRESENTATION_DATA(#4DF6B) - this may cause problems in AutoCAD
copy process ignored ACDB_BLOCKREPRESENTATION_DATA(#4DF8F) - this may cause problems in AutoCAD
copy process ignored ACDB_BLOCKREPRESENTATION_DATA(#4DF99) - this may cause problems in AutoCAD
copy process ignored ACDB_BLOCKREPRESENTATION_DATA(#4DFA3) - this may cause problems in AutoCAD
copy process ignored ACDB_BLOCKREPRESENTATION_DATA(#4DFAD) - this may cause problems in AutoCAD
copy process ignored ACDB_BLOCKREPRESENTATION_DATA(#4DFC0) - this may cause problems in AutoCAD
copy process ignored ACDB_BLOCKREPRESENTATION_DATA(#4DFCA) - this may cause problems in AutoCAD
copy process ignored ACDB_BLOCKREPRESENTATION_DATA(#4DFD4) - this may cause problems in AutoCAD
copy process ignored ACDB_BLOCKREPRESENTATION_DATA(#4DFDE) - this may cause problems in AutoCAD
copy process ignored ACDB_BLOCKREPRESENTATION_DATA(#4DFE8) - this may cause problems in AutoCAD
copy process ignored ACDB_BLOCKREPRESENTATION_DATA(#4DFF2) - this may cause problems in AutoCAD
copy process ignored ACDB_BLOCKREPRESENTATION_DATA(#4DFFC) - this may cause problems in AutoCAD
copy process ignored ACDB_BLOCKREPRESENTATION_DATA(#4E006) - this may cause problems in AutoCAD
copy process ignored ACDB_BLOCKREPRESENTATION_DATA(#4E010) - this may cause problems in AutoCAD
copy process ignored ACDB_BLOCKREPRESENTATION_DATA(#4E01A) - this may cause problems in AutoCAD
copy process ignored ACDB_BLOCKREPRESENTATION_DATA(#4E024) - this may cause problems in AutoCAD
copy process ignored ACDB_BLOCKREPRESENTATION_DATA(#4E037) - this may cause problems in AutoCAD
copy process ignored ACDB_BLOCKREPRESENTATION_DATA(#4E041) - this may cause problems in AutoCAD
copy process ignored ACDB_BLOCKREPRESENTATION_DATA(#4E04B) - this may cause problems in AutoCAD
copy process ignored ACDB_BLOCKREPRESENTATION_DATA(#4E055) - this may cause problems in AutoCAD
copy process ignored ACDB_BLOCKREPRESENTATION_DATA(#4E05F) - this may cause problems in AutoCAD
copy process ignored ACDB_BLOCKREPRESENTATION_DATA(#4E069) - this may cause problems in AutoCAD
copy process ignored ACDB_BLOCKREPRESENTATION_DATA(#4E07C) - this may cause problems in AutoCAD
copy process ignored ACDB_BLOCKREPRESENTATION_DATA(#4E086) - this may cause problems in AutoCAD
copy process ignored ACDB_BLOCKREPRESENTATION_DATA(#4E090) - this may cause problems in AutoCAD
copy process ignored ACDB_BLOCKREPRESENTATION_DATA(#4DF6B) - this may cause problems in AutoCAD
copy process ignored ACDB_BLOCKREPRESENTATION_DATA(#4DF8F) - this may cause problems in AutoCAD
copy process ignored ACDB_BLOCKREPRESENTATION_DATA(#4DF99) - this may cause problems in AutoCAD
copy process ignored ACDB_BLOCKREPRESENTATION_DATA(#4DFA3) - this may cause problems in AutoCAD
copy process ignored ACDB_BLOCKREPRESENTATION_DATA(#4DFAD) - this may cause problems in AutoCAD
copy process ignored ACDB_BLOCKREPRESENTATION_DATA(#4DFC0) - this may cause problems in AutoCAD
copy process ignored ACDB_BLOCKREPRESENTATION_DATA(#4DFCA) - this may cause problems in AutoCAD
copy process ignored ACDB_BLOCKREPRESENTATION_DATA(#4DFD4) - this may cause problems in AutoCAD
copy process ignored ACDB_BLOCKREPRESENTATION_DATA(#4DFDE) - this may cause problems in AutoCAD
copy process ignored ACDB_BLOCKREPRESENTATION_DATA(#4DFE8) - this may cause problems in AutoCAD
copy process ignored ACDB_BLOCKREPRESENTATION_DATA(#4DFF2) - this may cause problems in AutoCAD
copy process ignored ACDB_BLOCKREPRESENTATION_DATA(#4DFFC) - this may cause problems in AutoCAD
copy process ignored ACDB_BLOCKREPRESENTATION_DATA(#4E006) - this may cause problems in AutoCAD
copy process ignored ACDB_BLOCKREPRESENTATION_DATA(#4E010) - this may cause problems in AutoCAD
copy process ignored ACDB_BLOCKREPRESENTATION_DATA(#4E01A) - this may cause problems in AutoCAD
copy process ignored ACDB_BLOCKREPRESENTATION_DATA(#4E024) - this may cause problems in AutoCAD
copy process ignored ACDB_BLOCKREPRESENTATION_DATA(#4E037) - this may cause problems in AutoCAD
copy process ignored ACDB_BLOCKREPRESENTATION_DATA(#4E041) - this may cause problems in AutoCAD
copy process ignored ACDB_BLOCKREPRESENTATION_DATA(#4E04B) - this may cause problems in AutoCAD
copy process ignored ACDB_BLOCKREPRESENTATION_DATA(#4E055) - this may cause problems in AutoCAD
copy process ignored ACDB_BLOCKREPRESENTATION_DATA(#4E05F) - this may cause problems in AutoCAD
copy process ignored ACDB_BLOCKREPRESENTATION_DATA(#4E069) - this may cause problems in AutoCAD
copy process ignored ACDB_BLOCKREPRESENTATION_DATA(#4E07C) - this may cause problems in AutoCAD
copy process ignored ACDB_BLOCKREPRESENTATION_DATA(#4E086) - this may cause problems in AutoCAD
copy process ignored ACDB_BLOCKREPRESENTATION_DATA(#4E090) - this may cause problems in AutoCAD
copy process ignored ACDB_BLOCKREPRESENTATION_DATA(#4DF6B) - this may cause problems in AutoCAD
copy process ignored ACDB_BLOCKREPRESENTATION_DATA(#4DF8F) - this may cause problems in AutoCAD
copy process ignored ACDB_BLOCKREPRESENTATION_DATA(#4DF99) - this may cause problems in AutoCAD
copy process ignored ACDB_BLOCKREPRESENTATION_DATA(#4DFA3) - this may cause problems in AutoCAD
copy process ignored ACDB_BLOCKREPRESENTATION_DATA(#4DFAD) - this may cause problems in AutoCAD
copy process ignored ACDB_BLOCKREPRESENTATION_DATA(#4DFC0) - this may cause problems in AutoCAD
copy process ignored ACDB_BLOCKREPRESENTATION_DATA(#4DFCA) - this may cause problems in AutoCAD
copy process ignored ACDB_BLOCKREPRESENTATION_DATA(#4DFD4) - this may cause problems in AutoCAD
copy process ignored ACDB_BLOCKREPRESENTATION_DATA(#4DFDE) - this may cause problems in AutoCAD
copy process ignored ACDB_BLOCKREPRESENTATION_DATA(#4DFE8) - this may cause problems in AutoCAD
copy process ignored ACDB_BLOCKREPRESENTATION_DATA(#4DFF2) - this may cause problems in AutoCAD
copy process ignored ACDB_BLOCKREPRESENTATION_DATA(#4DFFC) - this may cause problems in AutoCAD
copy process ignored ACDB_BLOCKREPRESENTATION_DATA(#4E006) - this may cause problems in AutoCAD
copy process ignored ACDB_BLOCKREPRESENTATION_DATA(#4E010) - this may cause problems in AutoCAD
copy process ignored ACDB_BLOCKREPRESENTATION_DATA(#4E01A) - this may cause problems in AutoCAD
copy process ignored ACDB_BLOCKREPRESENTATION_DATA(#4E024) - this may cause problems in AutoCAD
copy process ignored ACDB_BLOCKREPRESENTATION_DATA(#4E037) - this may cause problems in AutoCAD
copy process ignored ACDB_BLOCKREPRESENTATION_DATA(#4E041) - this may cause problems in AutoCAD
copy process ignored ACDB_BLOCKREPRESENTATION_DATA(#4E04B) - this may cause problems in AutoCAD
copy process ignored ACDB_BLOCKREPRESENTATION_DATA(#4E055) - this may cause problems in AutoCAD
copy process ignored ACDB_BLOCKREPRESENTATION_DATA(#4E05F) - this may cause problems in AutoCAD
copy process ignored ACDB_BLOCKREPRESENTATION_DATA(#4E069) - this may cause problems in AutoCAD
copy process ignored ACDB_BLOCKREPRESENTATION_DATA(#4E07C) - this may cause problems in AutoCAD
copy process ignored ACDB_BLOCKREPRESENTATION_DATA(#4E086) - this may cause problems in AutoCAD
copy process ignored ACDB_BLOCKREPRESENTATION_DATA(#4E090) - this may cause problems in AutoCAD
copy process ignored FIELD(#546A1) - this may cause problems in AutoCAD
copy process ignored FIELD(#546A3) - this may cause problems in AutoCAD
copy process ignored FIELD(#546A6) - this may cause problems in AutoCAD
copy process ignored FIELD(#546A9) - this may cause problems in AutoCAD
copy process ignored FIELD(#546AC) - this may cause problems in AutoCAD
copy process ignored FIELD(#546E1) - this may cause problems in AutoCAD
copy process ignored FIELD(#546E3) - this may cause problems in AutoCAD
copy process ignored FIELD(#546E6) - this may cause problems in AutoCAD
copy process ignored FIELD(#546E9) - this may cause problems in AutoCAD
copy process ignored FIELD(#546EC) - this may cause problems in AutoCAD
copy process ignored FIELD(#54721) - this may cause problems in AutoCAD
copy process ignored FIELD(#54723) - this may cause problems in AutoCAD
copy process ignored FIELD(#54726) - this may cause problems in AutoCAD
copy process ignored FIELD(#54729) - this may cause problems in AutoCAD
copy process ignored FIELD(#5472C) - this may cause problems in AutoCAD
copy process ignored FIELD(#54761) - this may cause problems in AutoCAD
copy process ignored FIELD(#54763) - this may cause problems in AutoCAD
copy process ignored FIELD(#54766) - this may cause problems in AutoCAD
copy process ignored FIELD(#54769) - this may cause problems in AutoCAD
copy process ignored FIELD(#5476C) - this may cause problems in AutoCAD
copy process ignored FIELD(#547A1) - this may cause problems in AutoCAD
copy process ignored FIELD(#547A3) - this may cause problems in AutoCAD
copy process ignored FIELD(#547A6) - this may cause problems in AutoCAD
copy process ignored FIELD(#547A9) - this may cause problems in AutoCAD
copy process ignored FIELD(#547AC) - this may cause problems in AutoCAD
copy process ignored FIELD(#547E1) - this may cause problems in AutoCAD
copy process ignored FIELD(#547E3) - this may cause problems in AutoCAD
copy process ignored FIELD(#547E6) - this may cause problems in AutoCAD
copy process ignored FIELD(#547E9) - this may cause problems in AutoCAD
copy process ignored FIELD(#547EC) - this may cause problems in AutoCAD
copy process ignored ACDB_BLOCKREPRESENTATION_DATA(#49D2E) - this may cause problems in AutoCAD
copy process ignored ACDB_BLOCKREPRESENTATION_DATA(#49E19) - this may cause problems in AutoCAD
copy process ignored ACDB_BLOCKREPRESENTATION_DATA(#49E84) - this may cause problems in AutoCAD
copy process ignored ACDB_BLOCKREPRESENTATION_DATA(#49EF0) - this may cause problems in AutoCAD
copy process ignored ACDB_BLOCKREPRESENTATION_DATA(#49F01) - this may cause problems in AutoCAD
copy process ignored ACDB_BLOCKREPRESENTATION_DATA(#49F6D) - this may cause problems in AutoCAD
copy process ignored ACDB_BLOCKREPRESENTATION_DATA(#49FD8) - this may cause problems in AutoCAD
copy process ignored ACDB_BLOCKREPRESENTATION_DATA(#49FE9) - this may cause problems in AutoCAD
copy process ignored ACDB_BLOCKREPRESENTATION_DATA(#4A0EA) - this may cause problems in AutoCAD
copy process ignored ACDB_BLOCKREPRESENTATION_DATA(#4A165) - this may cause problems in AutoCAD
copy process ignored ACDB_BLOCKREPRESENTATION_DATA(#4A1E0) - this may cause problems in AutoCAD
copy process ignored ACDB_BLOCKREPRESENTATION_DATA(#4A1F2) - this may cause problems in AutoCAD
copy process ignored ACDB_BLOCKREPRESENTATION_DATA(#4A25E) - this may cause problems in AutoCAD
copy process ignored ACDB_BLOCKREPRESENTATION_DATA(#4A405) - this may cause problems in AutoCAD
copy process ignored ACDB_BLOCKREPRESENTATION_DATA(#4A5A5) - this may cause problems in AutoCAD
copy process ignored ACDB_BLOCKREPRESENTATION_DATA(#4A610) - this may cause problems in AutoCAD
copy process ignored ACDB_BLOCKREPRESENTATION_DATA(#4A84C) - this may cause problems in AutoCAD
copy process ignored ACDB_BLOCKREPRESENTATION_DATA(#4A9D7) - this may cause problems in AutoCAD
copy process ignored ACDB_BLOCKREPRESENTATION_DATA(#4AD48) - this may cause problems in AutoCAD
copy process ignored ACDB_BLOCKREPRESENTATION_DATA(#4AF27) - this may cause problems in AutoCAD
copy process ignored ACDB_BLOCKREPRESENTATION_DATA(#4B0B4) - this may cause problems in AutoCAD
copy process ignored ACDB_BLOCKREPRESENTATION_DATA(#4B2B5) - this may cause problems in AutoCAD
copy process ignored ACDB_BLOCKREPRESENTATION_DATA(#49D2E) - this may cause problems in AutoCAD
copy process ignored ACDB_BLOCKREPRESENTATION_DATA(#49E19) - this may cause problems in AutoCAD
copy process ignored ACDB_BLOCKREPRESENTATION_DATA(#49E84) - this may cause problems in AutoCAD
copy process ignored ACDB_BLOCKREPRESENTATION_DATA(#49EF0) - this may cause problems in AutoCAD
copy process ignored ACDB_BLOCKREPRESENTATION_DATA(#49F01) - this may cause problems in AutoCAD
copy process ignored ACDB_BLOCKREPRESENTATION_DATA(#49F6D) - this may cause problems in AutoCAD
copy process ignored ACDB_BLOCKREPRESENTATION_DATA(#49FD8) - this may cause problems in AutoCAD
copy process ignored ACDB_BLOCKREPRESENTATION_DATA(#49FE9) - this may cause problems in AutoCAD
copy process ignored ACDB_BLOCKREPRESENTATION_DATA(#4A0EA) - this may cause problems in AutoCAD
copy process ignored ACDB_BLOCKREPRESENTATION_DATA(#4A165) - this may cause problems in AutoCAD
copy process ignored ACDB_BLOCKREPRESENTATION_DATA(#4A1E0) - this may cause problems in AutoCAD
copy process ignored ACDB_BLOCKREPRESENTATION_DATA(#4A1F2) - this may cause problems in AutoCAD
copy process ignored ACDB_BLOCKREPRESENTATION_DATA(#4A25E) - this may cause problems in AutoCAD
copy process ignored ACDB_BLOCKREPRESENTATION_DATA(#4A405) - this may cause problems in AutoCAD
copy process ignored ACDB_BLOCKREPRESENTATION_DATA(#4A5A5) - this may cause problems in AutoCAD
copy process ignored ACDB_BLOCKREPRESENTATION_DATA(#4A610) - this may cause problems in AutoCAD
copy process ignored ACDB_BLOCKREPRESENTATION_DATA(#4A84C) - this may cause problems in AutoCAD
copy process ignored ACDB_BLOCKREPRESENTATION_DATA(#4A9D7) - this may cause problems in AutoCAD
copy process ignored ACDB_BLOCKREPRESENTATION_DATA(#4AD48) - this may cause problems in AutoCAD
copy process ignored ACDB_BLOCKREPRESENTATION_DATA(#4AF27) - this may cause problems in AutoCAD
copy process ignored ACDB_BLOCKREPRESENTATION_DATA(#4B0B4) - this may cause problems in AutoCAD
copy process ignored ACDB_BLOCKREPRESENTATION_DATA(#4B2B5) - this may cause problems in AutoCAD
copy process ignored ACDB_BLOCKREPRESENTATION_DATA(#4BF99) - this may cause problems in AutoCAD
copy process ignored ACDB_BLOCKREPRESENTATION_DATA(#4C09C) - this may cause problems in AutoCAD
copy process ignored ACDB_BLOCKREPRESENTATION_DATA(#4C19D) - this may cause problems in AutoCAD
copy process ignored ACDB_BLOCKREPRESENTATION_DATA(#4C261) - this may cause problems in AutoCAD
copy process ignored ACDB_BLOCKREPRESENTATION_DATA(#4C34E) - this may cause problems in AutoCAD
copy process ignored ACDB_BLOCKREPRESENTATION_DATA(#4C3BA) - this may cause problems in AutoCAD
copy process ignored ACDB_BLOCKREPRESENTATION_DATA(#4C425) - this may cause problems in AutoCAD
copy process ignored ACDB_BLOCKREPRESENTATION_DATA(#4C491) - this may cause problems in AutoCAD
copy process ignored ACDB_BLOCKREPRESENTATION_DATA(#4C4FC) - this may cause problems in AutoCAD
copy process ignored ACDB_BLOCKREPRESENTATION_DATA(#4C568) - this may cause problems in AutoCAD
copy process ignored ACDB_BLOCKREPRESENTATION_DATA(#4C5D3) - this may cause problems in AutoCAD
copy process ignored ACDB_BLOCKREPRESENTATION_DATA(#4C5E4) - this may cause problems in AutoCAD
copy process ignored ACDB_BLOCKREPRESENTATION_DATA(#4C65F) - this may cause problems in AutoCAD
copy process ignored ACDB_BLOCKREPRESENTATION_DATA(#4C6DA) - this may cause problems in AutoCAD
copy process ignored ACDB_BLOCKREPRESENTATION_DATA(#4C755) - this may cause problems in AutoCAD
copy process ignored ACDB_BLOCKREPRESENTATION_DATA(#4C80A) - this may cause problems in AutoCAD
copy process ignored ACDB_BLOCKREPRESENTATION_DATA(#4C876) - this may cause problems in AutoCAD
copy process ignored ACDB_BLOCKREPRESENTATION_DATA(#4C947) - this may cause problems in AutoCAD
copy process ignored ACDB_BLOCKREPRESENTATION_DATA(#4CA16) - this may cause problems in AutoCAD
copy process ignored ACDB_BLOCKREPRESENTATION_DATA(#4CA81) - this may cause problems in AutoCAD
copy process ignored ACDB_BLOCKREPRESENTATION_DATA(#4CAEC) - this may cause problems in AutoCAD
copy process ignored ACDB_BLOCKREPRESENTATION_DATA(#4CBDF) - this may cause problems in AutoCAD
copy process ignored ACDB_BLOCKREPRESENTATION_DATA(#4CCBA) - this may cause problems in AutoCAD
copy process ignored ACDB_BLOCKREPRESENTATION_DATA(#4CD7D) - this may cause problems in AutoCAD
copy process ignored ACDB_BLOCKREPRESENTATION_DATA(#4CE4D) - this may cause problems in AutoCAD
copy process ignored ACDB_BLOCKREPRESENTATION_DATA(#4CF50) - this may cause problems in AutoCAD
copy process ignored ACDB_BLOCKREPRESENTATION_DATA(#4D051) - this may cause problems in AutoCAD
copy process ignored ACDB_BLOCKREPRESENTATION_DATA(#4D115) - this may cause problems in AutoCAD
copy process ignored ACDB_BLOCKREPRESENTATION_DATA(#4D202) - this may cause problems in AutoCAD
copy process ignored ACDB_BLOCKREPRESENTATION_DATA(#4D26E) - this may cause problems in AutoCAD
copy process ignored ACDB_BLOCKREPRESENTATION_DATA(#4D27F) - this may cause problems in AutoCAD
copy process ignored ACDB_BLOCKREPRESENTATION_DATA(#4D2EB) - this may cause problems in AutoCAD
copy process ignored ACDB_BLOCKREPRESENTATION_DATA(#4D356) - this may cause problems in AutoCAD
copy process ignored ACDB_BLOCKREPRESENTATION_DATA(#4D3C2) - this may cause problems in AutoCAD
copy process ignored ACDB_BLOCKREPRESENTATION_DATA(#4D42D) - this may cause problems in AutoCAD
copy process ignored ACDB_BLOCKREPRESENTATION_DATA(#4D43E) - this may cause problems in AutoCAD
copy process ignored ACDB_BLOCKREPRESENTATION_DATA(#4D4B9) - this may cause problems in AutoCAD
copy process ignored ACDB_BLOCKREPRESENTATION_DATA(#4D534) - this may cause problems in AutoCAD
copy process ignored ACDB_BLOCKREPRESENTATION_DATA(#4D5AF) - this may cause problems in AutoCAD
copy process ignored ACDB_BLOCKREPRESENTATION_DATA(#4D622) - this may cause problems in AutoCAD
copy process ignored ACDB_BLOCKREPRESENTATION_DATA(#4D68E) - this may cause problems in AutoCAD
copy process ignored ACDB_BLOCKREPRESENTATION_DATA(#4D75F) - this may cause problems in AutoCAD
copy process ignored ACDB_BLOCKREPRESENTATION_DATA(#4D82E) - this may cause problems in AutoCAD
copy process ignored ACDB_BLOCKREPRESENTATION_DATA(#4D899) - this may cause problems in AutoCAD
copy process ignored ACDB_BLOCKREPRESENTATION_DATA(#4D904) - this may cause problems in AutoCAD
copy process ignored ACDB_BLOCKREPRESENTATION_DATA(#4D9F7) - this may cause problems in AutoCAD
copy process ignored ACDB_BLOCKREPRESENTATION_DATA(#4DAD2) - this may cause problems in AutoCAD
copy process ignored ACDB_BLOCKREPRESENTATION_DATA(#4DB95) - this may cause problems in AutoCAD
copy process ignored ACDB_BLOCKREPRESENTATION_DATA(#4DC64) - this may cause problems in AutoCAD
copy process ignored ACDB_BLOCKREPRESENTATION_DATA(#49D2E) - this may cause problems in AutoCAD
copy process ignored ACDB_BLOCKREPRESENTATION_DATA(#49E19) - this may cause problems in AutoCAD
copy process ignored ACDB_BLOCKREPRESENTATION_DATA(#49E84) - this may cause problems in AutoCAD
copy process ignored ACDB_BLOCKREPRESENTATION_DATA(#49EF0) - this may cause problems in AutoCAD
copy process ignored ACDB_BLOCKREPRESENTATION_DATA(#49F01) - this may cause problems in AutoCAD
copy process ignored ACDB_BLOCKREPRESENTATION_DATA(#49F6D) - this may cause problems in AutoCAD
copy process ignored ACDB_BLOCKREPRESENTATION_DATA(#49FD8) - this may cause problems in AutoCAD
copy process ignored ACDB_BLOCKREPRESENTATION_DATA(#49FE9) - this may cause problems in AutoCAD
copy process ignored ACDB_BLOCKREPRESENTATION_DATA(#4A0EA) - this may cause problems in AutoCAD
copy process ignored ACDB_BLOCKREPRESENTATION_DATA(#4A165) - this may cause problems in AutoCAD
copy process ignored ACDB_BLOCKREPRESENTATION_DATA(#4A1E0) - this may cause problems in AutoCAD
copy process ignored ACDB_BLOCKREPRESENTATION_DATA(#4A1F2) - this may cause problems in AutoCAD
copy process ignored ACDB_BLOCKREPRESENTATION_DATA(#4A25E) - this may cause problems in AutoCAD
copy process ignored ACDB_BLOCKREPRESENTATION_DATA(#4A405) - this may cause problems in AutoCAD
copy process ignored ACDB_BLOCKREPRESENTATION_DATA(#4A5A5) - this may cause problems in AutoCAD
copy process ignored ACDB_BLOCKREPRESENTATION_DATA(#4A610) - this may cause problems in AutoCAD
copy process ignored ACDB_BLOCKREPRESENTATION_DATA(#4A84C) - this may cause problems in AutoCAD
copy process ignored ACDB_BLOCKREPRESENTATION_DATA(#4A9D7) - this may cause problems in AutoCAD
copy process ignored ACDB_BLOCKREPRESENTATION_DATA(#4AD48) - this may cause problems in AutoCAD
copy process ignored ACDB_BLOCKREPRESENTATION_DATA(#4AF27) - this may cause problems in AutoCAD
copy process ignored ACDB_BLOCKREPRESENTATION_DATA(#4B0B4) - this may cause problems in AutoCAD
copy process ignored ACDB_BLOCKREPRESENTATION_DATA(#4B2B5) - this may cause problems in AutoCAD
copy process ignored ACDB_BLOCKREPRESENTATION_DATA(#49D2E) - this may cause problems in AutoCAD
copy process ignored ACDB_BLOCKREPRESENTATION_DATA(#49E19) - this may cause problems in AutoCAD
copy process ignored ACDB_BLOCKREPRESENTATION_DATA(#49E84) - this may cause problems in AutoCAD
copy process ignored ACDB_BLOCKREPRESENTATION_DATA(#49EF0) - this may cause problems in AutoCAD
copy process ignored ACDB_BLOCKREPRESENTATION_DATA(#49F01) - this may cause problems in AutoCAD
copy process ignored ACDB_BLOCKREPRESENTATION_DATA(#49F6D) - this may cause problems in AutoCAD
copy process ignored ACDB_BLOCKREPRESENTATION_DATA(#49FD8) - this may cause problems in AutoCAD
copy process ignored ACDB_BLOCKREPRESENTATION_DATA(#49FE9) - this may cause problems in AutoCAD
copy process ignored ACDB_BLOCKREPRESENTATION_DATA(#4A0EA) - this may cause problems in AutoCAD
copy process ignored ACDB_BLOCKREPRESENTATION_DATA(#4A165) - this may cause problems in AutoCAD
copy process ignored ACDB_BLOCKREPRESENTATION_DATA(#4A1E0) - this may cause problems in AutoCAD
copy process ignored ACDB_BLOCKREPRESENTATION_DATA(#4A1F2) - this may cause problems in AutoCAD
copy process ignored ACDB_BLOCKREPRESENTATION_DATA(#4A25E) - this may cause problems in AutoCAD
copy process ignored ACDB_BLOCKREPRESENTATION_DATA(#4A405) - this may cause problems in AutoCAD
copy process ignored ACDB_BLOCKREPRESENTATION_DATA(#4A5A5) - this may cause problems in AutoCAD
copy process ignored ACDB_BLOCKREPRESENTATION_DATA(#4A610) - this may cause problems in AutoCAD
copy process ignored ACDB_BLOCKREPRESENTATION_DATA(#4A84C) - this may cause problems in AutoCAD
copy process ignored ACDB_BLOCKREPRESENTATION_DATA(#4A9D7) - this may cause problems in AutoCAD
copy process ignored ACDB_BLOCKREPRESENTATION_DATA(#4AD48) - this may cause problems in AutoCAD
copy process ignored ACDB_BLOCKREPRESENTATION_DATA(#4AF27) - this may cause problems in AutoCAD
copy process ignored ACDB_BLOCKREPRESENTATION_DATA(#4B0B4) - this may cause problems in AutoCAD
copy process ignored ACDB_BLOCKREPRESENTATION_DATA(#4B2B5) - this may cause problems in AutoCAD
copy process ignored ACDB_BLOCKREPRESENTATION_DATA(#4DD9A) - this may cause problems in AutoCAD
copy process ignored ACDB_BLOCKREPRESENTATION_DATA(#4DE5E) - this may cause problems in AutoCAD
copy process ignored ACDB_BLOCKREPRESENTATION_DATA(#5BCD7) - this may cause problems in AutoCAD
copy process ignored ACDB_BLOCKREPRESENTATION_DATA(#5BCE1) - this may cause problems in AutoCAD
copy process ignored ACDB_BLOCKREPRESENTATION_DATA(#5BCEB) - this may cause problems in AutoCAD
copy process ignored ACDB_BLOCKREPRESENTATION_DATA(#5BCF5) - this may cause problems in AutoCAD
copy process ignored ACDB_BLOCKREPRESENTATION_DATA(#5BCFF) - this may cause problems in AutoCAD
copy process ignored ACDB_BLOCKREPRESENTATION_DATA(#5BD09) - this may cause problems in AutoCAD
copy process ignored ACDB_BLOCKREPRESENTATION_DATA(#5BD13) - this may cause problems in AutoCAD
copy process ignored ACDB_BLOCKREPRESENTATION_DATA(#5BD1D) - this may cause problems in AutoCAD
copy process ignored ACDB_BLOCKREPRESENTATION_DATA(#5BD27) - this may cause problems in AutoCAD
copy process ignored ACDB_BLOCKREPRESENTATION_DATA(#5BD31) - this may cause problems in AutoCAD
copy process ignored ACDB_BLOCKREPRESENTATION_DATA(#5BD3B) - this may cause problems in AutoCAD
copy process ignored ACDB_BLOCKREPRESENTATION_DATA(#5BD45) - this may cause problems in AutoCAD
copy process ignored ACDB_BLOCKREPRESENTATION_DATA(#5BD4F) - this may cause problems in AutoCAD
copy process ignored ACDB_BLOCKREPRESENTATION_DATA(#5BD59) - this may cause problems in AutoCAD
copy process ignored ACDB_BLOCKREPRESENTATION_DATA(#5BD63) - this may cause problems in AutoCAD
copy process ignored ACDB_BLOCKREPRESENTATION_DATA(#5BD6D) - this may cause problems in AutoCAD
copy process ignored ACDB_BLOCKREPRESENTATION_DATA(#5BD77) - this may cause problems in AutoCAD
copy process ignored ACDB_BLOCKREPRESENTATION_DATA(#5BD81) - this may cause problems in AutoCAD
copy process ignored ACDB_BLOCKREPRESENTATION_DATA(#5BD8B) - this may cause problems in AutoCAD
copy process ignored ACDB_BLOCKREPRESENTATION_DATA(#5BD95) - this may cause problems in AutoCAD
copy process ignored ACDB_BLOCKREPRESENTATION_DATA(#5BD9F) - this may cause problems in AutoCAD
copy process ignored ACDB_BLOCKREPRESENTATION_DATA(#5BDA9) - this may cause problems in AutoCAD
copy process ignored ACDB_BLOCKREPRESENTATION_DATA(#5BDB3) - this may cause problems in AutoCAD
copy process ignored ACDB_BLOCKREPRESENTATION_DATA(#5BDBD) - this may cause problems in AutoCAD
copy process ignored ACDB_BLOCKREPRESENTATION_DATA(#5BDC7) - this may cause problems in AutoCAD
copy process ignored ACDB_BLOCKREPRESENTATION_DATA(#5BDD1) - this may cause problems in AutoCAD
copy process ignored ACDB_BLOCKREPRESENTATION_DATA(#5BDDB) - this may cause problems in AutoCAD
copy process ignored ACDB_BLOCKREPRESENTATION_DATA(#5BDE5) - this may cause problems in AutoCAD
copy process ignored ACDB_BLOCKREPRESENTATION_DATA(#5BDEF) - this may cause problems in AutoCAD
copy process ignored ACDB_BLOCKREPRESENTATION_DATA(#5BDF9) - this may cause problems in AutoCAD
copy process ignored ACDB_BLOCKREPRESENTATION_DATA(#5BE03) - this may cause problems in AutoCAD
copy process ignored ACDB_BLOCKREPRESENTATION_DATA(#5BE0D) - this may cause problems in AutoCAD
copy process ignored ACDB_BLOCKREPRESENTATION_DATA(#5BF0E) - this may cause problems in AutoCAD
copy process ignored ACDB_BLOCKREPRESENTATION_DATA(#5BF18) - this may cause problems in AutoCAD
copy process ignored ACDB_BLOCKREPRESENTATION_DATA(#5BF22) - this may cause problems in AutoCAD
copy process ignored ACDB_BLOCKREPRESENTATION_DATA(#5BF2C) - this may cause problems in AutoCAD
copy process ignored ACDB_BLOCKREPRESENTATION_DATA(#5BF36) - this may cause problems in AutoCAD
copy process ignored ACDB_BLOCKREPRESENTATION_DATA(#5BF40) - this may cause problems in AutoCAD
copy process ignored ACDB_BLOCKREPRESENTATION_DATA(#5BF4A) - this may cause problems in AutoCAD
copy process ignored ACDB_BLOCKREPRESENTATION_DATA(#49164) - this may cause problems in AutoCAD
copy process ignored ACDB_BLOCKREPRESENTATION_DATA(#492DD) - this may cause problems in AutoCAD
copy process ignored ACDB_BLOCKREPRESENTATION_DATA(#492EE) - this may cause problems in AutoCAD
copy process ignored ACDB_BLOCKREPRESENTATION_DATA(#493C1) - this may cause problems in AutoCAD
copy process ignored ACDB_BLOCKREPRESENTATION_DATA(#493EB) - this may cause problems in AutoCAD
copy process ignored ACDB_BLOCKREPRESENTATION_DATA(#493F8) - this may cause problems in AutoCAD
copy process ignored ACDB_BLOCKREPRESENTATION_DATA(#4940E) - this may cause problems in AutoCAD
copy process ignored ACDB_BLOCKREPRESENTATION_DATA(#49424) - this may cause problems in AutoCAD
copy process ignored ACDB_BLOCKREPRESENTATION_DATA(#4943A) - this may cause problems in AutoCAD
copy process ignored ACDB_BLOCKREPRESENTATION_DATA(#49446) - this may cause problems in AutoCAD
copy process ignored ACDB_BLOCKREPRESENTATION_DATA(#49451) - this may cause problems in AutoCAD
'created' timestamp out of range; ignoring top bytes
'modified' timestamp out of range; ignoring top bytes
copy process ignored ACDB_BLOCKREPRESENTATION_DATA(#493C1) - this may cause problems in AutoCAD
copy process ignored ACDB_BLOCKREPRESENTATION_DATA(#493EB) - this may cause problems in AutoCAD
copy process ignored ACDB_BLOCKREPRESENTATION_DATA(#493F8) - this may cause problems in AutoCAD
copy process ignored ACDB_BLOCKREPRESENTATION_DATA(#4940E) - this may cause problems in AutoCAD
copy process ignored ACDB_BLOCKREPRESENTATION_DATA(#49424) - this may cause problems in AutoCAD
copy process ignored ACDB_BLOCKREPRESENTATION_DATA(#4943A) - this may cause problems in AutoCAD
copy process ignored ACDB_BLOCKREPRESENTATION_DATA(#49446) - this may cause problems in AutoCAD
copy process ignored ACDB_BLOCKREPRESENTATION_DATA(#49451) - this may cause problems in AutoCAD
copy process ignored ACDB_BLOCKREPRESENTATION_DATA(#493C1) - this may cause problems in AutoCAD
copy process ignored ACDB_BLOCKREPRESENTATION_DATA(#493EB) - this may cause problems in AutoCAD
copy process ignored ACDB_BLOCKREPRESENTATION_DATA(#493F8) - this may cause problems in AutoCAD
copy process ignored ACDB_BLOCKREPRESENTATION_DATA(#4940E) - this may cause problems in AutoCAD
copy process ignored ACDB_BLOCKREPRESENTATION_DATA(#49424) - this may cause problems in AutoCAD
copy process ignored ACDB_BLOCKREPRESENTATION_DATA(#4943A) - this may cause problems in AutoCAD
copy process ignored ACDB_BLOCKREPRESENTATION_DATA(#49446) - this may cause problems in AutoCAD
copy process ignored ACDB_BLOCKREPRESENTATION_DATA(#49451) - this may cause problems in AutoCAD
copy process ignored ACDB_BLOCKREPRESENTATION_DATA(#493C1) - this may cause problems in AutoCAD
copy process ignored ACDB_BLOCKREPRESENTATION_DATA(#493EB) - this may cause problems in AutoCAD
copy process ignored ACDB_BLOCKREPRESENTATION_DATA(#493F8) - this may cause problems in AutoCAD
copy process ignored ACDB_BLOCKREPRESENTATION_DATA(#4940E) - this may cause problems in AutoCAD
copy process ignored ACDB_BLOCKREPRESENTATION_DATA(#49424) - this may cause problems in AutoCAD
copy process ignored ACDB_BLOCKREPRESENTATION_DATA(#4943A) - this may cause problems in AutoCAD
copy process ignored ACDB_BLOCKREPRESENTATION_DATA(#49446) - this may cause problems in AutoCAD
copy process ignored ACDB_BLOCKREPRESENTATION_DATA(#49451) - this may cause problems in AutoCAD
copy process ignored ACDB_BLOCKREPRESENTATION_DATA(#493C1) - this may cause problems in AutoCAD
copy process ignored ACDB_BLOCKREPRESENTATION_DATA(#493EB) - this may cause problems in AutoCAD
copy process ignored ACDB_BLOCKREPRESENTATION_DATA(#493F8) - this may cause problems in AutoCAD
copy process ignored ACDB_BLOCKREPRESENTATION_DATA(#4940E) - this may cause problems in AutoCAD
copy process ignored ACDB_BLOCKREPRESENTATION_DATA(#49424) - this may cause problems in AutoCAD
copy process ignored ACDB_BLOCKREPRESENTATION_DATA(#4943A) - this may cause problems in AutoCAD
copy process ignored ACDB_BLOCKREPRESENTATION_DATA(#49446) - this may cause problems in AutoCAD
copy process ignored ACDB_BLOCKREPRESENTATION_DATA(#49451) - this may cause problems in AutoCAD
copy process ignored ACDB_BLOCKREPRESENTATION_DATA(#493C1) - this may cause problems in AutoCAD
copy process ignored ACDB_BLOCKREPRESENTATION_DATA(#493EB) - this may cause problems in AutoCAD
copy process ignored ACDB_BLOCKREPRESENTATION_DATA(#493F8) - this may cause problems in AutoCAD
copy process ignored ACDB_BLOCKREPRESENTATION_DATA(#4940E) - this may cause problems in AutoCAD
copy process ignored ACDB_BLOCKREPRESENTATION_DATA(#49424) - this may cause problems in AutoCAD
copy process ignored ACDB_BLOCKREPRESENTATION_DATA(#4943A) - this may cause problems in AutoCAD
copy process ignored ACDB_BLOCKREPRESENTATION_DATA(#49446) - this may cause problems in AutoCAD
copy process ignored ACDB_BLOCKREPRESENTATION_DATA(#49451) - this may cause problems in AutoCAD
copy process ignored ACDB_BLOCKREPRESENTATION_DATA(#493C1) - this may cause problems in AutoCAD
copy process ignored ACDB_BLOCKREPRESENTATION_DATA(#493EB) - this may cause problems in AutoCAD
copy process ignored ACDB_BLOCKREPRESENTATION_DATA(#493F8) - this may cause problems in AutoCAD
copy process ignored ACDB_BLOCKREPRESENTATION_DATA(#4940E) - this may cause problems in AutoCAD
copy process ignored ACDB_BLOCKREPRESENTATION_DATA(#49424) - this may cause problems in AutoCAD
copy process ignored ACDB_BLOCKREPRESENTATION_DATA(#4943A) - this may cause problems in AutoCAD
copy process ignored ACDB_BLOCKREPRESENTATION_DATA(#49446) - this may cause problems in AutoCAD
copy process ignored ACDB_BLOCKREPRESENTATION_DATA(#49451) - this may cause problems in AutoCAD
copy process ignored ACDB_BLOCKREPRESENTATION_DATA(#493C1) - this may cause problems in AutoCAD
copy process ignored ACDB_BLOCKREPRESENTATION_DATA(#493EB) - this may cause problems in AutoCAD
copy process ignored ACDB_BLOCKREPRESENTATION_DATA(#493F8) - this may cause problems in AutoCAD
copy process ignored ACDB_BLOCKREPRESENTATION_DATA(#4940E) - this may cause problems in AutoCAD
copy process ignored ACDB_BLOCKREPRESENTATION_DATA(#49424) - this may cause problems in AutoCAD
copy process ignored ACDB_BLOCKREPRESENTATION_DATA(#4943A) - this may cause problems in AutoCAD
copy process ignored ACDB_BLOCKREPRESENTATION_DATA(#49446) - this may cause problems in AutoCAD
copy process ignored ACDB_BLOCKREPRESENTATION_DATA(#49451) - this may cause problems in AutoCAD
copy process ignored ACDB_BLOCKREPRESENTATION_DATA(#493C1) - this may cause problems in AutoCAD
copy process ignored ACDB_BLOCKREPRESENTATION_DATA(#493EB) - this may cause problems in AutoCAD
copy process ignored ACDB_BLOCKREPRESENTATION_DATA(#493F8) - this may cause problems in AutoCAD
copy process ignored ACDB_BLOCKREPRESENTATION_DATA(#4940E) - this may cause problems in AutoCAD
copy process ignored ACDB_BLOCKREPRESENTATION_DATA(#49424) - this may cause problems in AutoCAD
copy process ignored ACDB_BLOCKREPRESENTATION_DATA(#4943A) - this may cause problems in AutoCAD
copy process ignored ACDB_BLOCKREPRESENTATION_DATA(#49446) - this may cause problems in AutoCAD
copy process ignored ACDB_BLOCKREPRESENTATION_DATA(#49451) - this may cause problems in AutoCAD
copy process ignored ACDB_BLOCKREPRESENTATION_DATA(#493C1) - this may cause problems in AutoCAD
copy process ignored ACDB_BLOCKREPRESENTATION_DATA(#493EB) - this may cause problems in AutoCAD
copy process ignored ACDB_BLOCKREPRESENTATION_DATA(#493F8) - this may cause problems in AutoCAD
copy process ignored ACDB_BLOCKREPRESENTATION_DATA(#4940E) - this may cause problems in AutoCAD
copy process ignored ACDB_BLOCKREPRESENTATION_DATA(#49424) - this may cause problems in AutoCAD
copy process ignored ACDB_BLOCKREPRESENTATION_DATA(#4943A) - this may cause problems in AutoCAD
copy process ignored ACDB_BLOCKREPRESENTATION_DATA(#49446) - this may cause problems in AutoCAD
copy process ignored ACDB_BLOCKREPRESENTATION_DATA(#49451) - this may cause problems in AutoCAD
copy process ignored ACDB_BLOCKREPRESENTATION_DATA(#493C1) - this may cause problems in AutoCAD
copy process ignored ACDB_BLOCKREPRESENTATION_DATA(#493EB) - this may cause problems in AutoCAD
copy process ignored ACDB_BLOCKREPRESENTATION_DATA(#493F8) - this may cause problems in AutoCAD
copy process ignored ACDB_BLOCKREPRESENTATION_DATA(#4940E) - this may cause problems in AutoCAD
copy process ignored ACDB_BLOCKREPRESENTATION_DATA(#49424) - this may cause problems in AutoCAD
copy process ignored ACDB_BLOCKREPRESENTATION_DATA(#4943A) - this may cause problems in AutoCAD
copy process ignored ACDB_BLOCKREPRESENTATION_DATA(#49446) - this may cause problems in AutoCAD
copy process ignored ACDB_BLOCKREPRESENTATION_DATA(#49451) - this may cause problems in AutoCAD
copy process ignored ACDB_BLOCKREPRESENTATION_DATA(#493C1) - this may cause problems in AutoCAD
copy process ignored ACDB_BLOCKREPRESENTATION_DATA(#493EB) - this may cause problems in AutoCAD
copy process ignored ACDB_BLOCKREPRESENTATION_DATA(#493F8) - this may cause problems in AutoCAD
copy process ignored ACDB_BLOCKREPRESENTATION_DATA(#4940E) - this may cause problems in AutoCAD
copy process ignored ACDB_BLOCKREPRESENTATION_DATA(#49424) - this may cause problems in AutoCAD
copy process ignored ACDB_BLOCKREPRESENTATION_DATA(#4943A) - this may cause problems in AutoCAD
copy process ignored ACDB_BLOCKREPRESENTATION_DATA(#49446) - this may cause problems in AutoCAD
copy process ignored ACDB_BLOCKREPRESENTATION_DATA(#49451) - this may cause problems in AutoCAD
copy process ignored ACDB_BLOCKREPRESENTATION_DATA(#5BF66) - this may cause problems in AutoCAD
copy process ignored ACDB_BLOCKREPRESENTATION_DATA(#39666) - this may cause problems in AutoCAD
copy process ignored ACDB_BLOCKREPRESENTATION_DATA(#39670) - this may cause problems in AutoCAD
copy process ignored ACDB_BLOCKREPRESENTATION_DATA(#396BE) - this may cause problems in AutoCAD
copy process ignored ACDB_BLOCKREPRESENTATION_DATA(#396C9) - this may cause problems in AutoCAD
copy process ignored ACDB_BLOCKREPRESENTATION_DATA(#396E6) - this may cause problems in AutoCAD
copy process ignored ACDB_BLOCKREPRESENTATION_DATA(#396F0) - this may cause problems in AutoCAD
copy process ignored ACDB_BLOCKREPRESENTATION_DATA(#39709) - this may cause problems in AutoCAD
copy process ignored ACDB_BLOCKREPRESENTATION_DATA(#39721) - this may cause problems in AutoCAD
copy process ignored ACDB_BLOCKREPRESENTATION_DATA(#39739) - this may cause problems in AutoCAD
copy process ignored ACDB_BLOCKREPRESENTATION_DATA(#39743) - this may cause problems in AutoCAD
copy process ignored ACDB_BLOCKREPRESENTATION_DATA(#3975D) - this may cause problems in AutoCAD
copy process ignored ACDB_BLOCKREPRESENTATION_DATA(#39774) - this may cause problems in AutoCAD
copy process ignored ACDB_BLOCKREPRESENTATION_DATA(#3977C) - this may cause problems in AutoCAD
copy process ignored ACDB_BLOCKREPRESENTATION_DATA(#39786) - this may cause problems in AutoCAD
copy process ignored ACDB_BLOCKREPRESENTATION_DATA(#3978D) - this may cause problems in AutoCAD
copy process ignored ACDB_BLOCKREPRESENTATION_DATA(#5BF72) - this may cause problems in AutoCAD
copy process ignored ACDB_BLOCKREPRESENTATION_DATA(#42F78) - this may cause problems in AutoCAD
copy process ignored ACDB_BLOCKREPRESENTATION_DATA(#42F89) - this may cause problems in AutoCAD
copy process ignored ACDB_BLOCKREPRESENTATION_DATA(#42FC6) - this may cause problems in AutoCAD
copy process ignored ACDB_BLOCKREPRESENTATION_DATA(#42FE6) - this may cause problems in AutoCAD
copy process ignored ACDB_BLOCKREPRESENTATION_DATA(#42FF0) - this may cause problems in AutoCAD
copy process ignored ACDB_BLOCKREPRESENTATION_DATA(#39B01) - this may cause problems in AutoCAD
copy process ignored ACDB_BLOCKREPRESENTATION_DATA(#39B27) - this may cause problems in AutoCAD
copy process ignored ACDB_BLOCKREPRESENTATION_DATA(#39B54) - this may cause problems in AutoCAD
copy process ignored ACDB_BLOCKREPRESENTATION_DATA(#39B71) - this may cause problems in AutoCAD
copy process ignored ACDB_BLOCKREPRESENTATION_DATA(#39B79) - this may cause problems in AutoCAD
copy process ignored ACDB_BLOCKREPRESENTATION_DATA(#39B81) - this may cause problems in AutoCAD
copy process ignored ACDB_BLOCKREPRESENTATION_DATA(#39B89) - this may cause problems in AutoCAD
copy process ignored ACDB_BLOCKREPRESENTATION_DATA(#39B91) - this may cause problems in AutoCAD
copy process ignored ACDB_BLOCKREPRESENTATION_DATA(#39B99) - this may cause problems in AutoCAD
copy process ignored ACDB_BLOCKREPRESENTATION_DATA(#39BA1) - this may cause problems in AutoCAD
copy process ignored ACDB_BLOCKREPRESENTATION_DATA(#39BB0) - this may cause problems in AutoCAD
copy process ignored ACDB_BLOCKREPRESENTATION_DATA(#39BB8) - this may cause problems in AutoCAD
copy process ignored ACDB_BLOCKREPRESENTATION_DATA(#39BC0) - this may cause problems in AutoCAD
copy process ignored ACDB_BLOCKREPRESENTATION_DATA(#39BC8) - this may cause problems in AutoCAD
copy process ignored ACDB_BLOCKREPRESENTATION_DATA(#39BD0) - this may cause problems in AutoCAD
copy process ignored ACDB_BLOCKREPRESENTATION_DATA(#39BD8) - this may cause problems in AutoCAD
copy process ignored ACDB_BLOCKREPRESENTATION_DATA(#39BE0) - this may cause problems in AutoCAD
copy process ignored ACDB_BLOCKREPRESENTATION_DATA(#39BE8) - this may cause problems in AutoCAD
copy process ignored ACDB_BLOCKREPRESENTATION_DATA(#39BF7) - this may cause problems in AutoCAD
copy process ignored ACDB_BLOCKREPRESENTATION_DATA(#39C06) - this may cause problems in AutoCAD
copy process ignored ACDB_BLOCKREPRESENTATION_DATA(#39C15) - this may cause problems in AutoCAD
copy process ignored ACDB_BLOCKREPRESENTATION_DATA(#39C24) - this may cause problems in AutoCAD
copy process ignored ACDB_BLOCKREPRESENTATION_DATA(#39C33) - this may cause problems in AutoCAD
copy process ignored ACDB_BLOCKREPRESENTATION_DATA(#39C3B) - this may cause problems in AutoCAD
copy process ignored ACDB_BLOCKREPRESENTATION_DATA(#39C43) - this may cause problems in AutoCAD
copy process ignored ACDB_BLOCKREPRESENTATION_DATA(#39C4E) - this may cause problems in AutoCAD
copy process ignored ACDB_BLOCKREPRESENTATION_DATA(#39C59) - this may cause problems in AutoCAD
copy process ignored ACDB_BLOCKREPRESENTATION_DATA(#39C64) - this may cause problems in AutoCAD
copy process ignored ACDB_BLOCKREPRESENTATION_DATA(#39C6F) - this may cause problems in AutoCAD
copy process ignored ACDB_BLOCKREPRESENTATION_DATA(#39C7A) - this may cause problems in AutoCAD
copy process ignored ACDB_BLOCKREPRESENTATION_DATA(#39C85) - this may cause problems in AutoCAD
copy process ignored ACDB_BLOCKREPRESENTATION_DATA(#39C90) - this may cause problems in AutoCAD
copy process ignored ACDB_BLOCKREPRESENTATION_DATA(#39C9B) - this may cause problems in AutoCAD
copy process ignored ACDB_BLOCKREPRESENTATION_DATA(#39CA6) - this may cause problems in AutoCAD
copy process ignored ACDB_BLOCKREPRESENTATION_DATA(#39CB1) - this may cause problems in AutoCAD
copy process ignored ACDB_BLOCKREPRESENTATION_DATA(#39CBC) - this may cause problems in AutoCAD
copy process ignored ACDB_BLOCKREPRESENTATION_DATA(#39CC7) - this may cause problems in AutoCAD
copy process ignored ACDB_BLOCKREPRESENTATION_DATA(#39CD2) - this may cause problems in AutoCAD
copy process ignored ACDB_BLOCKREPRESENTATION_DATA(#39CDD) - this may cause problems in AutoCAD
copy process ignored ACDB_BLOCKREPRESENTATION_DATA(#39CE8) - this may cause problems in AutoCAD
copy process ignored ACDB_BLOCKREPRESENTATION_DATA(#39CF3) - this may cause problems in AutoCAD
copy process ignored ACDB_BLOCKREPRESENTATION_DATA(#39CFE) - this may cause problems in AutoCAD
copy process ignored ACDB_BLOCKREPRESENTATION_DATA(#39D09) - this may cause problems in AutoCAD
copy process ignored ACDB_BLOCKREPRESENTATION_DATA(#39D14) - this may cause problems in AutoCAD
copy process ignored ACDB_BLOCKREPRESENTATION_DATA(#39D1F) - this may cause problems in AutoCAD
copy process ignored ACDB_BLOCKREPRESENTATION_DATA(#39D2A) - this may cause problems in AutoCAD
copy process ignored ACDB_BLOCKREPRESENTATION_DATA(#39D35) - this may cause problems in AutoCAD
copy process ignored ACDB_BLOCKREPRESENTATION_DATA(#39D40) - this may cause problems in AutoCAD
copy process ignored ACDB_BLOCKREPRESENTATION_DATA(#39D4B) - this may cause problems in AutoCAD
copy process ignored ACDB_BLOCKREPRESENTATION_DATA(#39D56) - this may cause problems in AutoCAD
copy process ignored ACDB_BLOCKREPRESENTATION_DATA(#39D61) - this may cause problems in AutoCAD
copy process ignored ACDB_BLOCKREPRESENTATION_DATA(#39D6C) - this may cause problems in AutoCAD
copy process ignored ACDB_BLOCKREPRESENTATION_DATA(#39D77) - this may cause problems in AutoCAD
copy process ignored ACDB_BLOCKREPRESENTATION_DATA(#39D82) - this may cause problems in AutoCAD
copy process ignored ACDB_BLOCKREPRESENTATION_DATA(#39D8D) - this may cause problems in AutoCAD
copy process ignored ACDB_BLOCKREPRESENTATION_DATA(#39D98) - this may cause problems in AutoCAD
copy process ignored ACDB_BLOCKREPRESENTATION_DATA(#39DA3) - this may cause problems in AutoCAD
copy process ignored ACDB_BLOCKREPRESENTATION_DATA(#39DAE) - this may cause problems in AutoCAD
copy process ignored ACDB_BLOCKREPRESENTATION_DATA(#39DB9) - this may cause problems in AutoCAD
copy process ignored ACDB_BLOCKREPRESENTATION_DATA(#39DC4) - this may cause problems in AutoCAD
copy process ignored ACDB_BLOCKREPRESENTATION_DATA(#39DCF) - this may cause problems in AutoCAD
copy process ignored ACDB_BLOCKREPRESENTATION_DATA(#39DDA) - this may cause problems in AutoCAD
copy process ignored ACDB_BLOCKREPRESENTATION_DATA(#39DE5) - this may cause problems in AutoCAD
copy process ignored ACDB_BLOCKREPRESENTATION_DATA(#39DF0) - this may cause problems in AutoCAD
copy process ignored ACDB_BLOCKREPRESENTATION_DATA(#39DFB) - this may cause problems in AutoCAD
copy process ignored ACDB_BLOCKREPRESENTATION_DATA(#39E06) - this may cause problems in AutoCAD
copy process ignored ACDB_BLOCKREPRESENTATION_DATA(#39E11) - this may cause problems in AutoCAD
copy process ignored ACDB_BLOCKREPRESENTATION_DATA(#39E1C) - this may cause problems in AutoCAD
copy process ignored ACDB_BLOCKREPRESENTATION_DATA(#39E27) - this may cause problems in AutoCAD
copy process ignored ACDB_BLOCKREPRESENTATION_DATA(#39E3A) - this may cause problems in AutoCAD
copy process ignored ACDB_BLOCKREPRESENTATION_DATA(#39E45) - this may cause problems in AutoCAD
copy process ignored ACDB_BLOCKREPRESENTATION_DATA(#39E50) - this may cause problems in AutoCAD
copy process ignored ACDB_BLOCKREPRESENTATION_DATA(#39E5B) - this may cause problems in AutoCAD
copy process ignored ACDB_BLOCKREPRESENTATION_DATA(#39E68) - this may cause problems in AutoCAD
copy process ignored ACDB_BLOCKREPRESENTATION_DATA(#39E73) - this may cause problems in AutoCAD
copy process ignored ACDB_BLOCKREPRESENTATION_DATA(#39E7E) - this may cause problems in AutoCAD
copy process ignored ACDB_BLOCKREPRESENTATION_DATA(#39E89) - this may cause problems in AutoCAD
copy process ignored ACDB_BLOCKREPRESENTATION_DATA(#39E94) - this may cause problems in AutoCAD
copy process ignored ACDB_BLOCKREPRESENTATION_DATA(#39EA3) - this may cause problems in AutoCAD
copy process ignored ACDB_BLOCKREPRESENTATION_DATA(#39EB2) - this may cause problems in AutoCAD
copy process ignored ACDB_BLOCKREPRESENTATION_DATA(#39EC1) - this may cause problems in AutoCAD
copy process ignored ACDB_BLOCKREPRESENTATION_DATA(#39ED0) - this may cause problems in AutoCAD
copy process ignored ACDB_BLOCKREPRESENTATION_DATA(#39EE2) - this may cause problems in AutoCAD
copy process ignored ACDB_BLOCKREPRESENTATION_DATA(#39EEA) - this may cause problems in AutoCAD
copy process ignored ACDB_BLOCKREPRESENTATION_DATA(#39EFC) - this may cause problems in AutoCAD
copy process ignored ACDB_BLOCKREPRESENTATION_DATA(#39F0E) - this may cause problems in AutoCAD
copy process ignored ACDB_BLOCKREPRESENTATION_DATA(#39F20) - this may cause problems in AutoCAD
copy process ignored ACDB_BLOCKREPRESENTATION_DATA(#39F28) - this may cause problems in AutoCAD
copy process ignored ACDB_BLOCKREPRESENTATION_DATA(#39F3A) - this may cause problems in AutoCAD
copy process ignored ACDB_BLOCKREPRESENTATION_DATA(#39F42) - this may cause problems in AutoCAD
copy process ignored ACDB_BLOCKREPRESENTATION_DATA(#39F54) - this may cause problems in AutoCAD
copy process ignored ACDB_BLOCKREPRESENTATION_DATA(#39F66) - this may cause problems in AutoCAD
copy process ignored ACDB_BLOCKREPRESENTATION_DATA(#39F6E) - this may cause problems in AutoCAD
copy process ignored ACDB_BLOCKREPRESENTATION_DATA(#39F76) - this may cause problems in AutoCAD
copy process ignored ACDB_BLOCKREPRESENTATION_DATA(#39F88) - this may cause problems in AutoCAD
copy process ignored ACDB_BLOCKREPRESENTATION_DATA(#39F9A) - this may cause problems in AutoCAD
copy process ignored ACDB_BLOCKREPRESENTATION_DATA(#39FA2) - this may cause problems in AutoCAD
copy process ignored ACDB_BLOCKREPRESENTATION_DATA(#39FB4) - this may cause problems in AutoCAD
copy process ignored ACDB_BLOCKREPRESENTATION_DATA(#39FBC) - this may cause problems in AutoCAD
copy process ignored ACDB_BLOCKREPRESENTATION_DATA(#39FCE) - this may cause problems in AutoCAD
copy process ignored ACDB_BLOCKREPRESENTATION_DATA(#39FE0) - this may cause problems in AutoCAD
copy process ignored ACDB_BLOCKREPRESENTATION_DATA(#39FF2) - this may cause problems in AutoCAD
copy process ignored ACDB_BLOCKREPRESENTATION_DATA(#3A004) - this may cause problems in AutoCAD
copy process ignored ACDB_BLOCKREPRESENTATION_DATA(#3A016) - this may cause problems in AutoCAD
copy process ignored ACDB_BLOCKREPRESENTATION_DATA(#3A028) - this may cause problems in AutoCAD
copy process ignored ACDB_BLOCKREPRESENTATION_DATA(#3A03A) - this may cause problems in AutoCAD
copy process ignored ACDB_BLOCKREPRESENTATION_DATA(#3A042) - this may cause problems in AutoCAD
copy process ignored ACDB_BLOCKREPRESENTATION_DATA(#3A054) - this may cause problems in AutoCAD
copy process ignored ACDB_BLOCKREPRESENTATION_DATA(#3A066) - this may cause problems in AutoCAD
copy process ignored ACDB_BLOCKREPRESENTATION_DATA(#3A06E) - this may cause problems in AutoCAD
copy process ignored ACDB_BLOCKREPRESENTATION_DATA(#3A080) - this may cause problems in AutoCAD
copy process ignored ACDB_BLOCKREPRESENTATION_DATA(#3A088) - this may cause problems in AutoCAD
copy process ignored ACDB_BLOCKREPRESENTATION_DATA(#3A090) - this may cause problems in AutoCAD
copy process ignored ACDB_BLOCKREPRESENTATION_DATA(#3A098) - this may cause problems in AutoCAD
copy process ignored ACDB_BLOCKREPRESENTATION_DATA(#3A0AA) - this may cause problems in AutoCAD
copy process ignored ACDB_BLOCKREPRESENTATION_DATA(#3A0BC) - this may cause problems in AutoCAD
copy process ignored ACDB_BLOCKREPRESENTATION_DATA(#3A0C7) - this may cause problems in AutoCAD
copy process ignored ACDB_BLOCKREPRESENTATION_DATA(#3A0D9) - this may cause problems in AutoCAD
copy process ignored ACDB_BLOCKREPRESENTATION_DATA(#3A0EB) - this may cause problems in AutoCAD
copy process ignored ACDB_BLOCKREPRESENTATION_DATA(#3A0FD) - this may cause problems in AutoCAD
copy process ignored ACDB_BLOCKREPRESENTATION_DATA(#3A10F) - this may cause problems in AutoCAD
copy process ignored ACDB_BLOCKREPRESENTATION_DATA(#3A117) - this may cause problems in AutoCAD
copy process ignored ACDB_BLOCKREPRESENTATION_DATA(#3A129) - this may cause problems in AutoCAD
copy process ignored ACDB_BLOCKREPRESENTATION_DATA(#3A13B) - this may cause problems in AutoCAD
copy process ignored ACDB_BLOCKREPRESENTATION_DATA(#3A14D) - this may cause problems in AutoCAD
copy process ignored ACDB_BLOCKREPRESENTATION_DATA(#3A15F) - this may cause problems in AutoCAD
copy process ignored ACDB_BLOCKREPRESENTATION_DATA(#3A171) - this may cause problems in AutoCAD
copy process ignored ACDB_BLOCKREPRESENTATION_DATA(#3A183) - this may cause problems in AutoCAD
copy process ignored ACDB_BLOCKREPRESENTATION_DATA(#3A195) - this may cause problems in AutoCAD
copy process ignored ACDB_BLOCKREPRESENTATION_DATA(#3A1A7) - this may cause problems in AutoCAD
copy process ignored ACDB_BLOCKREPRESENTATION_DATA(#3A1B9) - this may cause problems in AutoCAD
copy process ignored ACDB_BLOCKREPRESENTATION_DATA(#3A1CB) - this may cause problems in AutoCAD
copy process ignored ACDB_BLOCKREPRESENTATION_DATA(#3A1DD) - this may cause problems in AutoCAD
copy process ignored ACDB_BLOCKREPRESENTATION_DATA(#3A1EF) - this may cause problems in AutoCAD
copy process ignored ACDB_BLOCKREPRESENTATION_DATA(#3A289) - this may cause problems in AutoCAD
copy process ignored ACDB_BLOCKREPRESENTATION_DATA(#3A341) - this may cause problems in AutoCAD
copy process ignored ACDB_BLOCKREPRESENTATION_DATA(#3A378) - this may cause problems in AutoCAD
copy process ignored ACDB_BLOCKREPRESENTATION_DATA(#3A389) - this may cause problems in AutoCAD
copy process ignored ACDB_BLOCKREPRESENTATION_DATA(#3A3A4) - this may cause problems in AutoCAD
copy process ignored ACDB_BLOCKREPRESENTATION_DATA(#3A3C7) - this may cause problems in AutoCAD
copy process ignored ACDB_BLOCKREPRESENTATION_DATA(#3A481) - this may cause problems in AutoCAD
copy process ignored ACDB_BLOCKREPRESENTATION_DATA(#5BE8E) - this may cause problems in AutoCAD
copy process ignored ACDB_BLOCKREPRESENTATION_DATA(#42F78) - this may cause problems in AutoCAD
copy process ignored ACDB_BLOCKREPRESENTATION_DATA(#42F89) - this may cause problems in AutoCAD
copy process ignored ACDB_BLOCKREPRESENTATION_DATA(#42FC6) - this may cause problems in AutoCAD
copy process ignored ACDB_BLOCKREPRESENTATION_DATA(#42FE6) - this may cause problems in AutoCAD
copy process ignored ACDB_BLOCKREPRESENTATION_DATA(#42FF0) - this may cause problems in AutoCAD
copy process ignored ACDB_BLOCKREPRESENTATION_DATA(#5BE9E) - this may cause problems in AutoCAD
copy process ignored ACDB_BLOCKREPRESENTATION_DATA(#42F78) - this may cause problems in AutoCAD
copy process ignored ACDB_BLOCKREPRESENTATION_DATA(#42F89) - this may cause problems in AutoCAD
copy process ignored ACDB_BLOCKREPRESENTATION_DATA(#42FC6) - this may cause problems in AutoCAD
copy process ignored ACDB_BLOCKREPRESENTATION_DATA(#42FE6) - this may cause problems in AutoCAD
copy process ignored ACDB_BLOCKREPRESENTATION_DATA(#42FF0) - this may cause problems in AutoCAD
copy process ignored ACDB_BLOCKREPRESENTATION_DATA(#5BEAE) - this may cause problems in AutoCAD
copy process ignored ACDB_BLOCKREPRESENTATION_DATA(#42F78) - this may cause problems in AutoCAD
copy process ignored ACDB_BLOCKREPRESENTATION_DATA(#42F89) - this may cause problems in AutoCAD
copy process ignored ACDB_BLOCKREPRESENTATION_DATA(#42FC6) - this may cause problems in AutoCAD
copy process ignored ACDB_BLOCKREPRESENTATION_DATA(#42FE6) - this may cause problems in AutoCAD
copy process ignored ACDB_BLOCKREPRESENTATION_DATA(#42FF0) - this may cause problems in AutoCAD
copy process ignored ACDB_BLOCKREPRESENTATION_DATA(#5BEBE) - this may cause problems in AutoCAD
copy process ignored ACDB_BLOCKREPRESENTATION_DATA(#3A530) - this may cause problems in AutoCAD
copy process ignored ACDB_BLOCKREPRESENTATION_DATA(#3A541) - this may cause problems in AutoCAD
copy process ignored ACDB_BLOCKREPRESENTATION_DATA(#3A57E) - this may cause problems in AutoCAD
copy process ignored ACDB_BLOCKREPRESENTATION_DATA(#3A59E) - this may cause problems in AutoCAD
copy process ignored ACDB_BLOCKREPRESENTATION_DATA(#3A5A8) - this may cause problems in AutoCAD
copy process ignored ACDB_BLOCKREPRESENTATION_DATA(#5BECE) - this may cause problems in AutoCAD
copy process ignored ACDB_BLOCKREPRESENTATION_DATA(#3A5E9) - this may cause problems in AutoCAD
copy process ignored ACDB_BLOCKREPRESENTATION_DATA(#3A5FA) - this may cause problems in AutoCAD
copy process ignored ACDB_BLOCKREPRESENTATION_DATA(#3A637) - this may cause problems in AutoCAD
copy process ignored ACDB_BLOCKREPRESENTATION_DATA(#3A657) - this may cause problems in AutoCAD
copy process ignored ACDB_BLOCKREPRESENTATION_DATA(#3A661) - this may cause problems in AutoCAD
copy process ignored ACDB_BLOCKREPRESENTATION_DATA(#5BEDE) - this may cause problems in AutoCAD
copy process ignored ACDB_BLOCKREPRESENTATION_DATA(#3A6A2) - this may cause problems in AutoCAD
copy process ignored ACDB_BLOCKREPRESENTATION_DATA(#3A6B3) - this may cause problems in AutoCAD
copy process ignored ACDB_BLOCKREPRESENTATION_DATA(#3A6F0) - this may cause problems in AutoCAD
copy process ignored ACDB_BLOCKREPRESENTATION_DATA(#3A710) - this may cause problems in AutoCAD
copy process ignored ACDB_BLOCKREPRESENTATION_DATA(#3A71A) - this may cause problems in AutoCAD
copy process ignored ACDB_BLOCKREPRESENTATION_DATA(#5BEEE) - this may cause problems in AutoCAD
copy process ignored ACDB_BLOCKREPRESENTATION_DATA(#42F78) - this may cause problems in AutoCAD
copy process ignored ACDB_BLOCKREPRESENTATION_DATA(#42F89) - this may cause problems in AutoCAD
copy process ignored ACDB_BLOCKREPRESENTATION_DATA(#42FC6) - this may cause problems in AutoCAD
copy process ignored ACDB_BLOCKREPRESENTATION_DATA(#42FE6) - this may cause problems in AutoCAD
copy process ignored ACDB_BLOCKREPRESENTATION_DATA(#42FF0) - this may cause problems in AutoCAD
copy process ignored ACDB_BLOCKREPRESENTATION_DATA(#5BEFE) - this may cause problems in AutoCAD
copy process ignored ACDB_BLOCKREPRESENTATION_DATA(#42F78) - this may cause problems in AutoCAD
copy process ignored ACDB_BLOCKREPRESENTATION_DATA(#42F89) - this may cause problems in AutoCAD
copy process ignored ACDB_BLOCKREPRESENTATION_DATA(#42FC6) - this may cause problems in AutoCAD
copy process ignored ACDB_BLOCKREPRESENTATION_DATA(#42FE6) - this may cause problems in AutoCAD
copy process ignored ACDB_BLOCKREPRESENTATION_DATA(#42FF0) - this may cause problems in AutoCAD
copy process ignored ACDB_BLOCKREPRESENTATION_DATA(#5BE17) - this may cause problems in AutoCAD
copy process ignored ACDB_BLOCKREPRESENTATION_DATA(#3A77B) - this may cause problems in AutoCAD
copy process ignored ACDB_BLOCKREPRESENTATION_DATA(#3A78C) - this may cause problems in AutoCAD
copy process ignored ACDB_BLOCKREPRESENTATION_DATA(#3A7C9) - this may cause problems in AutoCAD
copy process ignored ACDB_BLOCKREPRESENTATION_DATA(#3A7E9) - this may cause problems in AutoCAD
copy process ignored ACDB_BLOCKREPRESENTATION_DATA(#3A7F3) - this may cause problems in AutoCAD
copy process ignored ACDB_BLOCKREPRESENTATION_DATA(#5BE27) - this may cause problems in AutoCAD
copy process ignored ACDB_BLOCKREPRESENTATION_DATA(#3AB01) - this may cause problems in AutoCAD
copy process ignored ACDB_BLOCKREPRESENTATION_DATA(#3AB30) - this may cause problems in AutoCAD
copy process ignored ACDB_BLOCKREPRESENTATION_DATA(#3AB62) - this may cause problems in AutoCAD
copy process ignored ACDB_BLOCKREPRESENTATION_DATA(#3AB84) - this may cause problems in AutoCAD
copy process ignored ACDB_BLOCKREPRESENTATION_DATA(#3ABB8) - this may cause problems in AutoCAD
copy process ignored ACDB_BLOCKREPRESENTATION_DATA(#3ABCC) - this may cause problems in AutoCAD
copy process ignored ACDB_BLOCKREPRESENTATION_DATA(#3ABEC) - this may cause problems in AutoCAD
copy process ignored ACDB_BLOCKREPRESENTATION_DATA(#3AC1D) - this may cause problems in AutoCAD
copy process ignored ACDB_BLOCKREPRESENTATION_DATA(#3AC36) - this may cause problems in AutoCAD
copy process ignored ACDB_BLOCKREPRESENTATION_DATA(#3AC6A) - this may cause problems in AutoCAD
copy process ignored ACDB_BLOCKREPRESENTATION_DATA(#3AC87) - this may cause problems in AutoCAD
copy process ignored ACDB_BLOCKREPRESENTATION_DATA(#3AC91) - this may cause problems in AutoCAD
copy process ignored ACDB_BLOCKREPRESENTATION_DATA(#5BE33) - this may cause problems in AutoCAD
copy process ignored ACDB_BLOCKREPRESENTATION_DATA(#3ACDD) - this may cause problems in AutoCAD
copy process ignored ACDB_BLOCKREPRESENTATION_DATA(#3ACF3) - this may cause problems in AutoCAD
copy process ignored ACDB_BLOCKREPRESENTATION_DATA(#3AD0C) - this may cause problems in AutoCAD
copy process ignored ACDB_BLOCKREPRESENTATION_DATA(#3AD1B) - this may cause problems in AutoCAD
copy process ignored ACDB_BLOCKREPRESENTATION_DATA(#3AD36) - this may cause problems in AutoCAD
copy process ignored ACDB_BLOCKREPRESENTATION_DATA(#3AD3D) - this may cause problems in AutoCAD
copy process ignored ACDB_BLOCKREPRESENTATION_DATA(#3AD5D) - this may cause problems in AutoCAD
copy process ignored ACDB_BLOCKREPRESENTATION_DATA(#3AD75) - this may cause problems in AutoCAD
copy process ignored ACDB_BLOCKREPRESENTATION_DATA(#3AD8E) - this may cause problems in AutoCAD
copy process ignored ACDB_BLOCKREPRESENTATION_DATA(#3ADA9) - this may cause problems in AutoCAD
copy process ignored ACDB_BLOCKREPRESENTATION_DATA(#3ADC6) - this may cause problems in AutoCAD
copy process ignored ACDB_BLOCKREPRESENTATION_DATA(#3ADD0) - this may cause problems in AutoCAD
copy process ignored ACDB_BLOCKREPRESENTATION_DATA(#5BE3F) - this may cause problems in AutoCAD
copy process ignored ACDB_BLOCKREPRESENTATION_DATA(#3AE1D) - this may cause problems in AutoCAD
copy process ignored ACDB_BLOCKREPRESENTATION_DATA(#3AE2E) - this may cause problems in AutoCAD
copy process ignored ACDB_BLOCKREPRESENTATION_DATA(#3AE6B) - this may cause problems in AutoCAD
copy process ignored ACDB_BLOCKREPRESENTATION_DATA(#3AE8B) - this may cause problems in AutoCAD
copy process ignored ACDB_BLOCKREPRESENTATION_DATA(#3AE95) - this may cause problems in AutoCAD
copy process ignored ACDB_BLOCKREPRESENTATION_DATA(#3AFFB) - this may cause problems in AutoCAD
copy process ignored ACDB_BLOCKREPRESENTATION_DATA(#3B05F) - this may cause problems in AutoCAD
copy process ignored ACDB_BLOCKREPRESENTATION_DATA(#3B143) - this may cause problems in AutoCAD
copy process ignored ACDB_BLOCKREPRESENTATION_DATA(#3B152) - this may cause problems in AutoCAD
copy process ignored ACDB_BLOCKREPRESENTATION_DATA(#3B173) - this may cause problems in AutoCAD
copy process ignored ACDB_BLOCKREPRESENTATION_DATA(#3B1B7) - this may cause problems in AutoCAD
copy process ignored ACDB_BLOCKREPRESENTATION_DATA(#5BE52) - this may cause problems in AutoCAD
copy process ignored ACDB_BLOCKREPRESENTATION_DATA(#3B55F) - this may cause problems in AutoCAD
copy process ignored ACDB_BLOCKREPRESENTATION_DATA(#3B591) - this may cause problems in AutoCAD
copy process ignored ACDB_BLOCKREPRESENTATION_DATA(#3B599) - this may cause problems in AutoCAD
copy process ignored ACDB_BLOCKREPRESENTATION_DATA(#3B5C0) - this may cause problems in AutoCAD
copy process ignored ACDB_BLOCKREPRESENTATION_DATA(#3B5F6) - this may cause problems in AutoCAD
copy process ignored ACDB_BLOCKREPRESENTATION_DATA(#3B613) - this may cause problems in AutoCAD
copy process ignored ACDB_BLOCKREPRESENTATION_DATA(#3B61D) - this may cause problems in AutoCAD
copy process ignored ACDB_BLOCKREPRESENTATION_DATA(#3B64E) - this may cause problems in AutoCAD
copy process ignored ACDB_BLOCKREPRESENTATION_DATA(#3B671) - this may cause problems in AutoCAD
copy process ignored ACDB_BLOCKREPRESENTATION_DATA(#3B68A) - this may cause problems in AutoCAD
copy process ignored ACDB_BLOCKREPRESENTATION_DATA(#3B6B7) - this may cause problems in AutoCAD
copy process ignored ACDB_BLOCKREPRESENTATION_DATA(#3B6D9) - this may cause problems in AutoCAD
copy process ignored ACDB_BLOCKREPRESENTATION_DATA(#3B71E) - this may cause problems in AutoCAD
copy process ignored ACDB_BLOCKREPRESENTATION_DATA(#3B76E) - this may cause problems in AutoCAD
copy process ignored ACDB_BLOCKREPRESENTATION_DATA(#3B7CC) - this may cause problems in AutoCAD
copy process ignored ACDB_BLOCKREPRESENTATION_DATA(#3B812) - this may cause problems in AutoCAD
copy process ignored ACDB_BLOCKREPRESENTATION_DATA(#3B81A) - this may cause problems in AutoCAD
copy process ignored ACDB_BLOCKREPRESENTATION_DATA(#3B878) - this may cause problems in AutoCAD
copy process ignored ACDB_BLOCKREPRESENTATION_DATA(#3B891) - this may cause problems in AutoCAD
copy process ignored ACDB_BLOCKREPRESENTATION_DATA(#3B8F8) - this may cause problems in AutoCAD
copy process ignored ACDB_BLOCKREPRESENTATION_DATA(#3B974) - this may cause problems in AutoCAD
copy process ignored ACDB_BLOCKREPRESENTATION_DATA(#3B6D9) - this may cause problems in AutoCAD
copy process ignored ACDB_BLOCKREPRESENTATION_DATA(#3B71E) - this may cause problems in AutoCAD
copy process ignored ACDB_BLOCKREPRESENTATION_DATA(#3B76E) - this may cause problems in AutoCAD
copy process ignored ACDB_BLOCKREPRESENTATION_DATA(#3B7CC) - this may cause problems in AutoCAD
copy process ignored ACDB_BLOCKREPRESENTATION_DATA(#3B812) - this may cause problems in AutoCAD
copy process ignored ACDB_BLOCKREPRESENTATION_DATA(#3B81A) - this may cause problems in AutoCAD
copy process ignored ACDB_BLOCKREPRESENTATION_DATA(#3B878) - this may cause problems in AutoCAD
copy process ignored ACDB_BLOCKREPRESENTATION_DATA(#3B891) - this may cause problems in AutoCAD
copy process ignored ACDB_BLOCKREPRESENTATION_DATA(#3B8F8) - this may cause problems in AutoCAD
copy process ignored ACDB_BLOCKREPRESENTATION_DATA(#3B974) - this may cause problems in AutoCAD
copy process ignored ACDB_BLOCKREPRESENTATION_DATA(#5BE60) - this may cause problems in AutoCAD
copy process ignored ACDB_BLOCKREPRESENTATION_DATA(#3B9C9) - this may cause problems in AutoCAD
copy process ignored ACDB_BLOCKREPRESENTATION_DATA(#3B9E2) - this may cause problems in AutoCAD
copy process ignored ACDB_BLOCKREPRESENTATION_DATA(#3B9EA) - this may cause problems in AutoCAD
copy process ignored ACDB_BLOCKREPRESENTATION_DATA(#3BA11) - this may cause problems in AutoCAD
copy process ignored ACDB_BLOCKREPRESENTATION_DATA(#3BA2E) - this may cause problems in AutoCAD
copy process ignored ACDB_BLOCKREPRESENTATION_DATA(#3BA4B) - this may cause problems in AutoCAD
copy process ignored ACDB_BLOCKREPRESENTATION_DATA(#3BA55) - this may cause problems in AutoCAD
copy process ignored ACDB_BLOCKREPRESENTATION_DATA(#3BA6D) - this may cause problems in AutoCAD
copy process ignored ACDB_BLOCKREPRESENTATION_DATA(#3BA77) - this may cause problems in AutoCAD
copy process ignored ACDB_BLOCKREPRESENTATION_DATA(#3BA90) - this may cause problems in AutoCAD
copy process ignored ACDB_BLOCKREPRESENTATION_DATA(#3BAAA) - this may cause problems in AutoCAD
copy process ignored ACDB_BLOCKREPRESENTATION_DATA(#5BE6C) - this may cause problems in AutoCAD
copy process ignored ACDB_BLOCKREPRESENTATION_DATA(#3BCBD) - this may cause problems in AutoCAD
copy process ignored ACDB_BLOCKREPRESENTATION_DATA(#3BCC4) - this may cause problems in AutoCAD
copy process ignored ACDB_BLOCKREPRESENTATION_DATA(#3BCDB) - this may cause problems in AutoCAD
copy process ignored ACDB_BLOCKREPRESENTATION_DATA(#3BD0D) - this may cause problems in AutoCAD
copy process ignored ACDB_BLOCKREPRESENTATION_DATA(#3BD2F) - this may cause problems in AutoCAD
copy process ignored ACDB_BLOCKREPRESENTATION_DATA(#3BD76) - this may cause problems in AutoCAD
copy process ignored ACDB_BLOCKREPRESENTATION_DATA(#3BDA7) - this may cause problems in AutoCAD
copy process ignored ACDB_BLOCKREPRESENTATION_DATA(#3BDC4) - this may cause problems in AutoCAD
copy process ignored ACDB_BLOCKREPRESENTATION_DATA(#3BDD7) - this may cause problems in AutoCAD
copy process ignored ACDB_BLOCKREPRESENTATION_DATA(#3BE18) - this may cause problems in AutoCAD
copy process ignored ACDB_BLOCKREPRESENTATION_DATA(#3BE2C) - this may cause problems in AutoCAD
copy process ignored ACDB_BLOCKREPRESENTATION_DATA(#5BE76) - this may cause problems in AutoCAD
copy process ignored ACDB_BLOCKREPRESENTATION_DATA(#3BE9C) - this may cause problems in AutoCAD
copy process ignored ACDB_BLOCKREPRESENTATION_DATA(#3BEA3) - this may cause problems in AutoCAD
copy process ignored ACDB_BLOCKREPRESENTATION_DATA(#3BEBA) - this may cause problems in AutoCAD
copy process ignored ACDB_BLOCKREPRESENTATION_DATA(#3BED3) - this may cause problems in AutoCAD
copy process ignored ACDB_BLOCKREPRESENTATION_DATA(#3BEE2) - this may cause problems in AutoCAD
copy process ignored ACDB_BLOCKREPRESENTATION_DATA(#3BF10) - this may cause problems in AutoCAD
copy process ignored ACDB_BLOCKREPRESENTATION_DATA(#3BF28) - this may cause problems in AutoCAD
copy process ignored ACDB_BLOCKREPRESENTATION_DATA(#3BF45) - this may cause problems in AutoCAD
copy process ignored ACDB_BLOCKREPRESENTATION_DATA(#3BF58) - this may cause problems in AutoCAD
copy process ignored ACDB_BLOCKREPRESENTATION_DATA(#3BF80) - this may cause problems in AutoCAD
copy process ignored ACDB_BLOCKREPRESENTATION_DATA(#3BF94) - this may cause problems in AutoCAD
copy process ignored ACDB_BLOCKREPRESENTATION_DATA(#3BFE7) - this may cause problems in AutoCAD
copy process ignored ACDB_BLOCKREPRESENTATION_DATA(#3C00B) - this may cause problems in AutoCAD
copy process ignored ACDB_BLOCKREPRESENTATION_DATA(#3C02D) - this may cause problems in AutoCAD
copy process ignored ACDB_BLOCKREPRESENTATION_DATA(#3C069) - this may cause problems in AutoCAD
copy process ignored ACDB_BLOCKREPRESENTATION_DATA(#3C0A2) - this may cause problems in AutoCAD
copy process ignored ACDB_BLOCKREPRESENTATION_DATA(#3C0AC) - this may cause problems in AutoCAD
copy process ignored ACDB_BLOCKREPRESENTATION_DATA(#5BE81) - this may cause problems in AutoCAD
copy process ignored ACDB_BLOCKREPRESENTATION_DATA(#3B55F) - this may cause problems in AutoCAD
copy process ignored ACDB_BLOCKREPRESENTATION_DATA(#3B591) - this may cause problems in AutoCAD
copy process ignored ACDB_BLOCKREPRESENTATION_DATA(#3B599) - this may cause problems in AutoCAD
copy process ignored ACDB_BLOCKREPRESENTATION_DATA(#3B5C0) - this may cause problems in AutoCAD
copy process ignored ACDB_BLOCKREPRESENTATION_DATA(#3B5F6) - this may cause problems in AutoCAD
copy process ignored ACDB_BLOCKREPRESENTATION_DATA(#3B613) - this may cause problems in AutoCAD
copy process ignored ACDB_BLOCKREPRESENTATION_DATA(#3B61D) - this may cause problems in AutoCAD
copy process ignored ACDB_BLOCKREPRESENTATION_DATA(#3B64E) - this may cause problems in AutoCAD
copy process ignored ACDB_BLOCKREPRESENTATION_DATA(#3B671) - this may cause problems in AutoCAD
copy process ignored ACDB_BLOCKREPRESENTATION_DATA(#3B68A) - this may cause problems in AutoCAD
copy process ignored ACDB_BLOCKREPRESENTATION_DATA(#3B6B7) - this may cause problems in AutoCAD
copy process ignored ACDB_BLOCKREPRESENTATION_DATA(#5C079) - this may cause problems in AutoCAD
copy process ignored ACDB_BLOCKREPRESENTATION_DATA(#42F78) - this may cause problems in AutoCAD
copy process ignored ACDB_BLOCKREPRESENTATION_DATA(#42F89) - this may cause problems in AutoCAD
copy process ignored ACDB_BLOCKREPRESENTATION_DATA(#42FC6) - this may cause problems in AutoCAD
copy process ignored ACDB_BLOCKREPRESENTATION_DATA(#42FE6) - this may cause problems in AutoCAD
copy process ignored ACDB_BLOCKREPRESENTATION_DATA(#42FF0) - this may cause problems in AutoCAD
copy process ignored ACDB_BLOCKREPRESENTATION_DATA(#5C089) - this may cause problems in AutoCAD
copy process ignored ACDB_BLOCKREPRESENTATION_DATA(#42F78) - this may cause problems in AutoCAD
copy process ignored ACDB_BLOCKREPRESENTATION_DATA(#42F89) - this may cause problems in AutoCAD
copy process ignored ACDB_BLOCKREPRESENTATION_DATA(#42FC6) - this may cause problems in AutoCAD
copy process ignored ACDB_BLOCKREPRESENTATION_DATA(#42FE6) - this may cause problems in AutoCAD
copy process ignored ACDB_BLOCKREPRESENTATION_DATA(#42FF0) - this may cause problems in AutoCAD
copy process ignored ACDB_BLOCKREPRESENTATION_DATA(#5C0D6) - this may cause problems in AutoCAD
copy process ignored ACDB_BLOCKREPRESENTATION_DATA(#3DA48) - this may cause problems in AutoCAD
copy process ignored ACDB_BLOCKREPRESENTATION_DATA(#3E792) - this may cause problems in AutoCAD
copy process ignored ACDB_BLOCKREPRESENTATION_DATA(#3E7D2) - this may cause problems in AutoCAD
copy process ignored ACDB_BLOCKREPRESENTATION_DATA(#3E80D) - this may cause problems in AutoCAD
copy process ignored ACDB_BLOCKREPRESENTATION_DATA(#3E826) - this may cause problems in AutoCAD
copy process ignored ACDB_BLOCKREPRESENTATION_DATA(#3E860) - this may cause problems in AutoCAD
copy process ignored ACDB_BLOCKREPRESENTATION_DATA(#3E878) - this may cause problems in AutoCAD
copy process ignored ACDB_BLOCKREPRESENTATION_DATA(#3E8B0) - this may cause problems in AutoCAD
copy process ignored ACDB_BLOCKREPRESENTATION_DATA(#3E911) - this may cause problems in AutoCAD
copy process ignored ACDB_BLOCKREPRESENTATION_DATA(#3E929) - this may cause problems in AutoCAD
copy process ignored ACDB_BLOCKREPRESENTATION_DATA(#3E958) - this may cause problems in AutoCAD
copy process ignored ACDB_BLOCKREPRESENTATION_DATA(#3E971) - this may cause problems in AutoCAD
copy process ignored ACDB_BLOCKREPRESENTATION_DATA(#3E993) - this may cause problems in AutoCAD
copy process ignored ACDB_BLOCKREPRESENTATION_DATA(#3E9B2) - this may cause problems in AutoCAD
copy process ignored ACDB_BLOCKREPRESENTATION_DATA(#3E9BA) - this may cause problems in AutoCAD
copy process ignored ACDB_BLOCKREPRESENTATION_DATA(#3E9E5) - this may cause problems in AutoCAD
copy process ignored ACDB_BLOCKREPRESENTATION_DATA(#3E9F4) - this may cause problems in AutoCAD
copy process ignored ACDB_BLOCKREPRESENTATION_DATA(#3EA03) - this may cause problems in AutoCAD
copy process ignored ACDB_BLOCKREPRESENTATION_DATA(#3EA12) - this may cause problems in AutoCAD
copy process ignored ACDB_BLOCKREPRESENTATION_DATA(#3EA21) - this may cause problems in AutoCAD
copy process ignored ACDB_BLOCKREPRESENTATION_DATA(#3EA30) - this may cause problems in AutoCAD
copy process ignored ACDB_BLOCKREPRESENTATION_DATA(#3EA3F) - this may cause problems in AutoCAD
copy process ignored ACDB_BLOCKREPRESENTATION_DATA(#3EA47) - this may cause problems in AutoCAD
copy process ignored ACDB_BLOCKREPRESENTATION_DATA(#3EA56) - this may cause problems in AutoCAD
copy process ignored ACDB_BLOCKREPRESENTATION_DATA(#3EA5E) - this may cause problems in AutoCAD
copy process ignored ACDB_BLOCKREPRESENTATION_DATA(#3EA66) - this may cause problems in AutoCAD
copy process ignored ACDB_BLOCKREPRESENTATION_DATA(#3EA6E) - this may cause problems in AutoCAD
copy process ignored ACDB_BLOCKREPRESENTATION_DATA(#3EA7D) - this may cause problems in AutoCAD
copy process ignored ACDB_BLOCKREPRESENTATION_DATA(#3EA8C) - this may cause problems in AutoCAD
copy process ignored ACDB_BLOCKREPRESENTATION_DATA(#3EA9B) - this may cause problems in AutoCAD
copy process ignored ACDB_BLOCKREPRESENTATION_DATA(#3EAAA) - this may cause problems in AutoCAD
copy process ignored ACDB_BLOCKREPRESENTATION_DATA(#3EAB9) - this may cause problems in AutoCAD
copy process ignored ACDB_BLOCKREPRESENTATION_DATA(#3EAC1) - this may cause problems in AutoCAD
copy process ignored ACDB_BLOCKREPRESENTATION_DATA(#3EAC9) - this may cause problems in AutoCAD
copy process ignored ACDB_BLOCKREPRESENTATION_DATA(#3EAD1) - this may cause problems in AutoCAD
copy process ignored ACDB_BLOCKREPRESENTATION_DATA(#3EAEA) - this may cause problems in AutoCAD
copy process ignored ACDB_BLOCKREPRESENTATION_DATA(#3EAF2) - this may cause problems in AutoCAD
copy process ignored ACDB_BLOCKREPRESENTATION_DATA(#3EAFD) - this may cause problems in AutoCAD
copy process ignored ACDB_BLOCKREPRESENTATION_DATA(#3EB08) - this may cause problems in AutoCAD
copy process ignored ACDB_BLOCKREPRESENTATION_DATA(#3EB13) - this may cause problems in AutoCAD
copy process ignored ACDB_BLOCKREPRESENTATION_DATA(#3EB1E) - this may cause problems in AutoCAD
copy process ignored ACDB_BLOCKREPRESENTATION_DATA(#3EB29) - this may cause problems in AutoCAD
copy process ignored ACDB_BLOCKREPRESENTATION_DATA(#3EB34) - this may cause problems in AutoCAD
copy process ignored ACDB_BLOCKREPRESENTATION_DATA(#3EB3F) - this may cause problems in AutoCAD
copy process ignored ACDB_BLOCKREPRESENTATION_DATA(#3EB4A) - this may cause problems in AutoCAD
copy process ignored ACDB_BLOCKREPRESENTATION_DATA(#3EB55) - this may cause problems in AutoCAD
copy process ignored ACDB_BLOCKREPRESENTATION_DATA(#3EB60) - this may cause problems in AutoCAD
copy process ignored ACDB_BLOCKREPRESENTATION_DATA(#3EB6B) - this may cause problems in AutoCAD
copy process ignored ACDB_BLOCKREPRESENTATION_DATA(#3EB76) - this may cause problems in AutoCAD
copy process ignored ACDB_BLOCKREPRESENTATION_DATA(#3EB81) - this may cause problems in AutoCAD
copy process ignored ACDB_BLOCKREPRESENTATION_DATA(#3EB8C) - this may cause problems in AutoCAD
copy process ignored ACDB_BLOCKREPRESENTATION_DATA(#3EB97) - this may cause problems in AutoCAD
copy process ignored ACDB_BLOCKREPRESENTATION_DATA(#3EBA2) - this may cause problems in AutoCAD
copy process ignored ACDB_BLOCKREPRESENTATION_DATA(#3EBAD) - this may cause problems in AutoCAD
copy process ignored ACDB_BLOCKREPRESENTATION_DATA(#3EBB8) - this may cause problems in AutoCAD
copy process ignored ACDB_BLOCKREPRESENTATION_DATA(#3EBC3) - this may cause problems in AutoCAD
copy process ignored ACDB_BLOCKREPRESENTATION_DATA(#3EBCE) - this may cause problems in AutoCAD
copy process ignored ACDB_BLOCKREPRESENTATION_DATA(#3EBD9) - this may cause problems in AutoCAD
copy process ignored ACDB_BLOCKREPRESENTATION_DATA(#3EBE4) - this may cause problems in AutoCAD
copy process ignored ACDB_BLOCKREPRESENTATION_DATA(#3EBEF) - this may cause problems in AutoCAD
copy process ignored ACDB_BLOCKREPRESENTATION_DATA(#3EBFA) - this may cause problems in AutoCAD
copy process ignored ACDB_BLOCKREPRESENTATION_DATA(#3EC05) - this may cause problems in AutoCAD
copy process ignored ACDB_BLOCKREPRESENTATION_DATA(#3EC10) - this may cause problems in AutoCAD
copy process ignored ACDB_BLOCKREPRESENTATION_DATA(#3EC1B) - this may cause problems in AutoCAD
copy process ignored ACDB_BLOCKREPRESENTATION_DATA(#3EC26) - this may cause problems in AutoCAD
copy process ignored ACDB_BLOCKREPRESENTATION_DATA(#3EC31) - this may cause problems in AutoCAD
copy process ignored ACDB_BLOCKREPRESENTATION_DATA(#3EC3C) - this may cause problems in AutoCAD
copy process ignored ACDB_BLOCKREPRESENTATION_DATA(#3EC47) - this may cause problems in AutoCAD
copy process ignored ACDB_BLOCKREPRESENTATION_DATA(#3EC52) - this may cause problems in AutoCAD
copy process ignored ACDB_BLOCKREPRESENTATION_DATA(#3EC5D) - this may cause problems in AutoCAD
copy process ignored ACDB_BLOCKREPRESENTATION_DATA(#3EC68) - this may cause problems in AutoCAD
copy process ignored ACDB_BLOCKREPRESENTATION_DATA(#3EC73) - this may cause problems in AutoCAD
copy process ignored ACDB_BLOCKREPRESENTATION_DATA(#3EC7E) - this may cause problems in AutoCAD
copy process ignored ACDB_BLOCKREPRESENTATION_DATA(#3EC89) - this may cause problems in AutoCAD
copy process ignored ACDB_BLOCKREPRESENTATION_DATA(#3EC94) - this may cause problems in AutoCAD
copy process ignored ACDB_BLOCKREPRESENTATION_DATA(#3EC9F) - this may cause problems in AutoCAD
copy process ignored ACDB_BLOCKREPRESENTATION_DATA(#3ECAA) - this may cause problems in AutoCAD
copy process ignored ACDB_BLOCKREPRESENTATION_DATA(#3ECB5) - this may cause problems in AutoCAD
copy process ignored ACDB_BLOCKREPRESENTATION_DATA(#3ECC0) - this may cause problems in AutoCAD
copy process ignored ACDB_BLOCKREPRESENTATION_DATA(#3ECCB) - this may cause problems in AutoCAD
copy process ignored ACDB_BLOCKREPRESENTATION_DATA(#3ECD6) - this may cause problems in AutoCAD
copy process ignored ACDB_BLOCKREPRESENTATION_DATA(#3ECE1) - this may cause problems in AutoCAD
copy process ignored ACDB_BLOCKREPRESENTATION_DATA(#3ECEC) - this may cause problems in AutoCAD
copy process ignored ACDB_BLOCKREPRESENTATION_DATA(#3ECF7) - this may cause problems in AutoCAD
copy process ignored ACDB_BLOCKREPRESENTATION_DATA(#3ED02) - this may cause problems in AutoCAD
copy process ignored ACDB_BLOCKREPRESENTATION_DATA(#3ED0D) - this may cause problems in AutoCAD
copy process ignored ACDB_BLOCKREPRESENTATION_DATA(#3ED1A) - this may cause problems in AutoCAD
copy process ignored ACDB_BLOCKREPRESENTATION_DATA(#3ED25) - this may cause problems in AutoCAD
copy process ignored ACDB_BLOCKREPRESENTATION_DATA(#3ED30) - this may cause problems in AutoCAD
copy process ignored ACDB_BLOCKREPRESENTATION_DATA(#3ED3B) - this may cause problems in AutoCAD
copy process ignored ACDB_BLOCKREPRESENTATION_DATA(#3ED46) - this may cause problems in AutoCAD
copy process ignored ACDB_BLOCKREPRESENTATION_DATA(#3ED4E) - this may cause problems in AutoCAD
copy process ignored ACDB_BLOCKREPRESENTATION_DATA(#3ED56) - this may cause problems in AutoCAD
copy process ignored ACDB_BLOCKREPRESENTATION_DATA(#3ED5E) - this may cause problems in AutoCAD
copy process ignored ACDB_BLOCKREPRESENTATION_DATA(#3ED66) - this may cause problems in AutoCAD
copy process ignored ACDB_BLOCKREPRESENTATION_DATA(#3ED6E) - this may cause problems in AutoCAD
copy process ignored ACDB_BLOCKREPRESENTATION_DATA(#3ED76) - this may cause problems in AutoCAD
copy process ignored ACDB_BLOCKREPRESENTATION_DATA(#3ED7E) - this may cause problems in AutoCAD
copy process ignored ACDB_BLOCKREPRESENTATION_DATA(#3ED86) - this may cause problems in AutoCAD
copy process ignored ACDB_BLOCKREPRESENTATION_DATA(#3ED8E) - this may cause problems in AutoCAD
copy process ignored ACDB_BLOCKREPRESENTATION_DATA(#3ED96) - this may cause problems in AutoCAD
copy process ignored ACDB_BLOCKREPRESENTATION_DATA(#3ED9E) - this may cause problems in AutoCAD
copy process ignored ACDB_BLOCKREPRESENTATION_DATA(#3EDA6) - this may cause problems in AutoCAD
copy process ignored ACDB_BLOCKREPRESENTATION_DATA(#3EDAE) - this may cause problems in AutoCAD
copy process ignored ACDB_BLOCKREPRESENTATION_DATA(#3EDB6) - this may cause problems in AutoCAD
copy process ignored ACDB_BLOCKREPRESENTATION_DATA(#3EDBE) - this may cause problems in AutoCAD
copy process ignored ACDB_BLOCKREPRESENTATION_DATA(#3EDC6) - this may cause problems in AutoCAD
copy process ignored ACDB_BLOCKREPRESENTATION_DATA(#3EDCE) - this may cause problems in AutoCAD
copy process ignored ACDB_BLOCKREPRESENTATION_DATA(#3EDD6) - this may cause problems in AutoCAD
copy process ignored ACDB_BLOCKREPRESENTATION_DATA(#3EDDE) - this may cause problems in AutoCAD
copy process ignored ACDB_BLOCKREPRESENTATION_DATA(#3EDE6) - this may cause problems in AutoCAD
copy process ignored ACDB_BLOCKREPRESENTATION_DATA(#3EDEE) - this may cause problems in AutoCAD
copy process ignored ACDB_BLOCKREPRESENTATION_DATA(#3EDF6) - this may cause problems in AutoCAD
copy process ignored ACDB_BLOCKREPRESENTATION_DATA(#3EDFE) - this may cause problems in AutoCAD
copy process ignored ACDB_BLOCKREPRESENTATION_DATA(#3EE06) - this may cause problems in AutoCAD
copy process ignored ACDB_BLOCKREPRESENTATION_DATA(#3EE0E) - this may cause problems in AutoCAD
copy process ignored ACDB_BLOCKREPRESENTATION_DATA(#3EE16) - this may cause problems in AutoCAD
copy process ignored ACDB_BLOCKREPRESENTATION_DATA(#3EE1E) - this may cause problems in AutoCAD
copy process ignored ACDB_BLOCKREPRESENTATION_DATA(#3EE26) - this may cause problems in AutoCAD
copy process ignored ACDB_BLOCKREPRESENTATION_DATA(#3EE2E) - this may cause problems in AutoCAD
copy process ignored ACDB_BLOCKREPRESENTATION_DATA(#3EE36) - this may cause problems in AutoCAD
copy process ignored ACDB_BLOCKREPRESENTATION_DATA(#3EE3E) - this may cause problems in AutoCAD
copy process ignored ACDB_BLOCKREPRESENTATION_DATA(#3EE46) - this may cause problems in AutoCAD
copy process ignored ACDB_BLOCKREPRESENTATION_DATA(#3EE4E) - this may cause problems in AutoCAD
copy process ignored ACDB_BLOCKREPRESENTATION_DATA(#3EE56) - this may cause problems in AutoCAD
copy process ignored ACDB_BLOCKREPRESENTATION_DATA(#3EE61) - this may cause problems in AutoCAD
copy process ignored ACDB_BLOCKREPRESENTATION_DATA(#3EE69) - this may cause problems in AutoCAD
copy process ignored ACDB_BLOCKREPRESENTATION_DATA(#3EE71) - this may cause problems in AutoCAD
copy process ignored ACDB_BLOCKREPRESENTATION_DATA(#3EE79) - this may cause problems in AutoCAD
copy process ignored ACDB_BLOCKREPRESENTATION_DATA(#3EE81) - this may cause problems in AutoCAD
copy process ignored ACDB_BLOCKREPRESENTATION_DATA(#3EE89) - this may cause problems in AutoCAD
copy process ignored ACDB_BLOCKREPRESENTATION_DATA(#3EE91) - this may cause problems in AutoCAD
copy process ignored ACDB_BLOCKREPRESENTATION_DATA(#3EE99) - this may cause problems in AutoCAD
copy process ignored ACDB_BLOCKREPRESENTATION_DATA(#3EEA1) - this may cause problems in AutoCAD
copy process ignored ACDB_BLOCKREPRESENTATION_DATA(#3EEA9) - this may cause problems in AutoCAD
copy process ignored ACDB_BLOCKREPRESENTATION_DATA(#3EEB1) - this may cause problems in AutoCAD
copy process ignored ACDB_BLOCKREPRESENTATION_DATA(#3EEB9) - this may cause problems in AutoCAD
copy process ignored ACDB_BLOCKREPRESENTATION_DATA(#3EEC1) - this may cause problems in AutoCAD
copy process ignored ACDB_BLOCKREPRESENTATION_DATA(#3EED3) - this may cause problems in AutoCAD
copy process ignored ACDB_BLOCKREPRESENTATION_DATA(#3EEE5) - this may cause problems in AutoCAD
copy process ignored ACDB_BLOCKREPRESENTATION_DATA(#3EEED) - this may cause problems in AutoCAD
copy process ignored ACDB_BLOCKREPRESENTATION_DATA(#3EEF5) - this may cause problems in AutoCAD
copy process ignored ACDB_BLOCKREPRESENTATION_DATA(#3EEFD) - this may cause problems in AutoCAD
copy process ignored ACDB_BLOCKREPRESENTATION_DATA(#3EF0F) - this may cause problems in AutoCAD
copy process ignored ACDB_BLOCKREPRESENTATION_DATA(#3EF24) - this may cause problems in AutoCAD
copy process ignored ACDB_BLOCKREPRESENTATION_DATA(#3EF55) - this may cause problems in AutoCAD
copy process ignored ACDB_BLOCKREPRESENTATION_DATA(#3EF64) - this may cause problems in AutoCAD
copy process ignored ACDB_BLOCKREPRESENTATION_DATA(#3EF75) - this may cause problems in AutoCAD
copy process ignored ACDB_BLOCKREPRESENTATION_DATA(#3EFAC) - this may cause problems in AutoCAD
copy process ignored ACDB_BLOCKREPRESENTATION_DATA(#3F0B1) - this may cause problems in AutoCAD
copy process ignored ACDB_BLOCKREPRESENTATION_DATA(#3F0C3) - this may cause problems in AutoCAD
copy process ignored ACDB_BLOCKREPRESENTATION_DATA(#3F0D5) - this may cause problems in AutoCAD
copy process ignored ACDB_BLOCKREPRESENTATION_DATA(#3F0E7) - this may cause problems in AutoCAD
copy process ignored ACDB_BLOCKREPRESENTATION_DATA(#3F0F9) - this may cause problems in AutoCAD
copy process ignored ACDB_BLOCKREPRESENTATION_DATA(#3F10B) - this may cause problems in AutoCAD
copy process ignored ACDB_BLOCKREPRESENTATION_DATA(#3F11D) - this may cause problems in AutoCAD
copy process ignored ACDB_BLOCKREPRESENTATION_DATA(#3F12F) - this may cause problems in AutoCAD
copy process ignored ACDB_BLOCKREPRESENTATION_DATA(#3F18E) - this may cause problems in AutoCAD
copy process ignored ACDB_BLOCKREPRESENTATION_DATA(#3F1A0) - this may cause problems in AutoCAD
copy process ignored ACDB_BLOCKREPRESENTATION_DATA(#3F1B2) - this may cause problems in AutoCAD
copy process ignored ACDB_BLOCKREPRESENTATION_DATA(#3F1C4) - this may cause problems in AutoCAD
copy process ignored ACDB_BLOCKREPRESENTATION_DATA(#3F1D6) - this may cause problems in AutoCAD
copy process ignored ACDB_BLOCKREPRESENTATION_DATA(#3F235) - this may cause problems in AutoCAD
copy process ignored ACDB_BLOCKREPRESENTATION_DATA(#3F247) - this may cause problems in AutoCAD
copy process ignored ACDB_BLOCKREPRESENTATION_DATA(#3F259) - this may cause problems in AutoCAD
copy process ignored ACDB_BLOCKREPRESENTATION_DATA(#3F26B) - this may cause problems in AutoCAD
copy process ignored ACDB_BLOCKREPRESENTATION_DATA(#3F27D) - this may cause problems in AutoCAD
copy process ignored ACDB_BLOCKREPRESENTATION_DATA(#3F28F) - this may cause problems in AutoCAD
copy process ignored ACDB_BLOCKREPRESENTATION_DATA(#3F2A1) - this may cause problems in AutoCAD
copy process ignored ACDB_BLOCKREPRESENTATION_DATA(#3F2B3) - this may cause problems in AutoCAD
copy process ignored ACDB_BLOCKREPRESENTATION_DATA(#3F2C5) - this may cause problems in AutoCAD
copy process ignored ACDB_BLOCKREPRESENTATION_DATA(#3F324) - this may cause problems in AutoCAD
copy process ignored ACDB_BLOCKREPRESENTATION_DATA(#3F383) - this may cause problems in AutoCAD
copy process ignored ACDB_BLOCKREPRESENTATION_DATA(#3F395) - this may cause problems in AutoCAD
copy process ignored ACDB_BLOCKREPRESENTATION_DATA(#3F3A7) - this may cause problems in AutoCAD
copy process ignored ACDB_BLOCKREPRESENTATION_DATA(#3F3B9) - this may cause problems in AutoCAD
copy process ignored ACDB_BLOCKREPRESENTATION_DATA(#3F3CB) - this may cause problems in AutoCAD
copy process ignored ACDB_BLOCKREPRESENTATION_DATA(#3F3DD) - this may cause problems in AutoCAD
copy process ignored ACDB_BLOCKREPRESENTATION_DATA(#3F3EF) - this may cause problems in AutoCAD
copy process ignored ACDB_BLOCKREPRESENTATION_DATA(#3F401) - this may cause problems in AutoCAD
copy process ignored ACDB_BLOCKREPRESENTATION_DATA(#3F413) - this may cause problems in AutoCAD
copy process ignored ACDB_BLOCKREPRESENTATION_DATA(#3F472) - this may cause problems in AutoCAD
copy process ignored ACDB_BLOCKREPRESENTATION_DATA(#3F484) - this may cause problems in AutoCAD
copy process ignored ACDB_BLOCKREPRESENTATION_DATA(#3F496) - this may cause problems in AutoCAD
copy process ignored ACDB_BLOCKREPRESENTATION_DATA(#3F4A8) - this may cause problems in AutoCAD
copy process ignored ACDB_BLOCKREPRESENTATION_DATA(#3F4BA) - this may cause problems in AutoCAD
copy process ignored ACDB_BLOCKREPRESENTATION_DATA(#3F4CC) - this may cause problems in AutoCAD
copy process ignored ACDB_BLOCKREPRESENTATION_DATA(#3F4DE) - this may cause problems in AutoCAD
copy process ignored ACDB_BLOCKREPRESENTATION_DATA(#3F4F0) - this may cause problems in AutoCAD
copy process ignored ACDB_BLOCKREPRESENTATION_DATA(#3F502) - this may cause problems in AutoCAD
copy process ignored ACDB_BLOCKREPRESENTATION_DATA(#3F514) - this may cause problems in AutoCAD
copy process ignored ACDB_BLOCKREPRESENTATION_DATA(#3F526) - this may cause problems in AutoCAD
copy process ignored ACDB_BLOCKREPRESENTATION_DATA(#3F538) - this may cause problems in AutoCAD
copy process ignored ACDB_BLOCKREPRESENTATION_DATA(#3F54A) - this may cause problems in AutoCAD
copy process ignored ACDB_BLOCKREPRESENTATION_DATA(#3F55C) - this may cause problems in AutoCAD
copy process ignored ACDB_BLOCKREPRESENTATION_DATA(#3F56E) - this may cause problems in AutoCAD
copy process ignored ACDB_BLOCKREPRESENTATION_DATA(#3F580) - this may cause problems in AutoCAD
copy process ignored ACDB_BLOCKREPRESENTATION_DATA(#3F592) - this may cause problems in AutoCAD
copy process ignored ACDB_BLOCKREPRESENTATION_DATA(#3F5A4) - this may cause problems in AutoCAD
copy process ignored ACDB_BLOCKREPRESENTATION_DATA(#3F5B6) - this may cause problems in AutoCAD
copy process ignored ACDB_BLOCKREPRESENTATION_DATA(#3F5C8) - this may cause problems in AutoCAD
copy process ignored ACDB_BLOCKREPRESENTATION_DATA(#3F5DA) - this may cause problems in AutoCAD
copy process ignored ACDB_BLOCKREPRESENTATION_DATA(#3F5EC) - this may cause problems in AutoCAD
copy process ignored ACDB_BLOCKREPRESENTATION_DATA(#3F5FE) - this may cause problems in AutoCAD
copy process ignored ACDB_BLOCKREPRESENTATION_DATA(#3F610) - this may cause problems in AutoCAD
copy process ignored ACDB_BLOCKREPRESENTATION_DATA(#3F622) - this may cause problems in AutoCAD
copy process ignored ACDB_BLOCKREPRESENTATION_DATA(#3F634) - this may cause problems in AutoCAD
copy process ignored ACDB_BLOCKREPRESENTATION_DATA(#3F646) - this may cause problems in AutoCAD
copy process ignored ACDB_BLOCKREPRESENTATION_DATA(#3F658) - this may cause problems in AutoCAD
copy process ignored ACDB_BLOCKREPRESENTATION_DATA(#3F66A) - this may cause problems in AutoCAD
copy process ignored ACDB_BLOCKREPRESENTATION_DATA(#3F67C) - this may cause problems in AutoCAD
copy process ignored ACDB_BLOCKREPRESENTATION_DATA(#3F68E) - this may cause problems in AutoCAD
copy process ignored ACDB_BLOCKREPRESENTATION_DATA(#3F6A0) - this may cause problems in AutoCAD
copy process ignored ACDB_BLOCKREPRESENTATION_DATA(#3F6B2) - this may cause problems in AutoCAD
copy process ignored ACDB_BLOCKREPRESENTATION_DATA(#3F6C4) - this may cause problems in AutoCAD
copy process ignored ACDB_BLOCKREPRESENTATION_DATA(#3F6D6) - this may cause problems in AutoCAD
copy process ignored ACDB_BLOCKREPRESENTATION_DATA(#3F6E8) - this may cause problems in AutoCAD
copy process ignored ACDB_BLOCKREPRESENTATION_DATA(#3F6FA) - this may cause problems in AutoCAD
copy process ignored ACDB_BLOCKREPRESENTATION_DATA(#3F70C) - this may cause problems in AutoCAD
copy process ignored ACDB_BLOCKREPRESENTATION_DATA(#3F71E) - this may cause problems in AutoCAD
copy process ignored ACDB_BLOCKREPRESENTATION_DATA(#3F730) - this may cause problems in AutoCAD
copy process ignored ACDB_BLOCKREPRESENTATION_DATA(#3F742) - this may cause problems in AutoCAD
copy process ignored ACDB_BLOCKREPRESENTATION_DATA(#3F754) - this may cause problems in AutoCAD
copy process ignored ACDB_BLOCKREPRESENTATION_DATA(#3F766) - this may cause problems in AutoCAD
copy process ignored ACDB_BLOCKREPRESENTATION_DATA(#3F7C5) - this may cause problems in AutoCAD
copy process ignored ACDB_BLOCKREPRESENTATION_DATA(#3F7D7) - this may cause problems in AutoCAD
copy process ignored ACDB_BLOCKREPRESENTATION_DATA(#3F836) - this may cause problems in AutoCAD
copy process ignored ACDB_BLOCKREPRESENTATION_DATA(#3F848) - this may cause problems in AutoCAD
copy process ignored ACDB_BLOCKREPRESENTATION_DATA(#3F85A) - this may cause problems in AutoCAD
copy process ignored ACDB_BLOCKREPRESENTATION_DATA(#3F86C) - this may cause problems in AutoCAD
copy process ignored ACDB_BLOCKREPRESENTATION_DATA(#3F87E) - this may cause problems in AutoCAD
copy process ignored ACDB_BLOCKREPRESENTATION_DATA(#3F890) - this may cause problems in AutoCAD
copy process ignored ACDB_BLOCKREPRESENTATION_DATA(#3F8A2) - this may cause problems in AutoCAD
copy process ignored ACDB_BLOCKREPRESENTATION_DATA(#3F8B4) - this may cause problems in AutoCAD
copy process ignored ACDB_BLOCKREPRESENTATION_DATA(#3F8C6) - this may cause problems in AutoCAD
copy process ignored ACDB_BLOCKREPRESENTATION_DATA(#3F8D8) - this may cause problems in AutoCAD
copy process ignored ACDB_BLOCKREPRESENTATION_DATA(#3F8EB) - this may cause problems in AutoCAD
copy process ignored ACDB_BLOCKREPRESENTATION_DATA(#3F8FD) - this may cause problems in AutoCAD
copy process ignored ACDB_BLOCKREPRESENTATION_DATA(#3F90F) - this may cause problems in AutoCAD
copy process ignored ACDB_BLOCKREPRESENTATION_DATA(#3F921) - this may cause problems in AutoCAD
copy process ignored ACDB_BLOCKREPRESENTATION_DATA(#3F933) - this may cause problems in AutoCAD
copy process ignored ACDB_BLOCKREPRESENTATION_DATA(#3F945) - this may cause problems in AutoCAD
copy process ignored ACDB_BLOCKREPRESENTATION_DATA(#3F957) - this may cause problems in AutoCAD
copy process ignored ACDB_BLOCKREPRESENTATION_DATA(#3F969) - this may cause problems in AutoCAD
copy process ignored ACDB_BLOCKREPRESENTATION_DATA(#3F97B) - this may cause problems in AutoCAD
copy process ignored ACDB_BLOCKREPRESENTATION_DATA(#3F98D) - this may cause problems in AutoCAD
copy process ignored ACDB_BLOCKREPRESENTATION_DATA(#3F99F) - this may cause problems in AutoCAD
copy process ignored ACDB_BLOCKREPRESENTATION_DATA(#3F9B1) - this may cause problems in AutoCAD
copy process ignored ACDB_BLOCKREPRESENTATION_DATA(#3F9C3) - this may cause problems in AutoCAD
copy process ignored ACDB_BLOCKREPRESENTATION_DATA(#3FA22) - this may cause problems in AutoCAD
copy process ignored ACDB_BLOCKREPRESENTATION_DATA(#3FA34) - this may cause problems in AutoCAD
copy process ignored ACDB_BLOCKREPRESENTATION_DATA(#3FA46) - this may cause problems in AutoCAD
copy process ignored ACDB_BLOCKREPRESENTATION_DATA(#3FA58) - this may cause problems in AutoCAD
copy process ignored ACDB_BLOCKREPRESENTATION_DATA(#3FA6A) - this may cause problems in AutoCAD
copy process ignored ACDB_BLOCKREPRESENTATION_DATA(#3FA7C) - this may cause problems in AutoCAD
copy process ignored ACDB_BLOCKREPRESENTATION_DATA(#3FA8E) - this may cause problems in AutoCAD
copy process ignored ACDB_BLOCKREPRESENTATION_DATA(#3FAA0) - this may cause problems in AutoCAD
copy process ignored ACDB_BLOCKREPRESENTATION_DATA(#3FAB2) - this may cause problems in AutoCAD
copy process ignored ACDB_BLOCKREPRESENTATION_DATA(#3FAC4) - this may cause problems in AutoCAD
copy process ignored ACDB_BLOCKREPRESENTATION_DATA(#3FAD6) - this may cause problems in AutoCAD
copy process ignored ACDB_BLOCKREPRESENTATION_DATA(#3FAE8) - this may cause problems in AutoCAD
copy process ignored ACDB_BLOCKREPRESENTATION_DATA(#3FAFA) - this may cause problems in AutoCAD
copy process ignored ACDB_BLOCKREPRESENTATION_DATA(#3FB0C) - this may cause problems in AutoCAD
copy process ignored ACDB_BLOCKREPRESENTATION_DATA(#3FB1E) - this may cause problems in AutoCAD
copy process ignored ACDB_BLOCKREPRESENTATION_DATA(#3FB30) - this may cause problems in AutoCAD
copy process ignored ACDB_BLOCKREPRESENTATION_DATA(#3FB42) - this may cause problems in AutoCAD
copy process ignored ACDB_BLOCKREPRESENTATION_DATA(#3FB54) - this may cause problems in AutoCAD
copy process ignored ACDB_BLOCKREPRESENTATION_DATA(#3FB66) - this may cause problems in AutoCAD
copy process ignored ACDB_BLOCKREPRESENTATION_DATA(#3FB78) - this may cause problems in AutoCAD
copy process ignored ACDB_BLOCKREPRESENTATION_DATA(#3FB8A) - this may cause problems in AutoCAD
copy process ignored ACDB_BLOCKREPRESENTATION_DATA(#3FB9C) - this may cause problems in AutoCAD
copy process ignored ACDB_BLOCKREPRESENTATION_DATA(#3FBAE) - this may cause problems in AutoCAD
copy process ignored ACDB_BLOCKREPRESENTATION_DATA(#3FBC0) - this may cause problems in AutoCAD
copy process ignored ACDB_BLOCKREPRESENTATION_DATA(#3FBD2) - this may cause problems in AutoCAD
copy process ignored ACDB_BLOCKREPRESENTATION_DATA(#3FBE4) - this may cause problems in AutoCAD
copy process ignored ACDB_BLOCKREPRESENTATION_DATA(#3FBF6) - this may cause problems in AutoCAD
copy process ignored ACDB_BLOCKREPRESENTATION_DATA(#3FC08) - this may cause problems in AutoCAD
copy process ignored ACDB_BLOCKREPRESENTATION_DATA(#3FC1A) - this may cause problems in AutoCAD
copy process ignored ACDB_BLOCKREPRESENTATION_DATA(#3FC2C) - this may cause problems in AutoCAD
copy process ignored ACDB_BLOCKREPRESENTATION_DATA(#3FC3E) - this may cause problems in AutoCAD
copy process ignored ACDB_BLOCKREPRESENTATION_DATA(#3FC50) - this may cause problems in AutoCAD
copy process ignored ACDB_BLOCKREPRESENTATION_DATA(#3FC62) - this may cause problems in AutoCAD
copy process ignored ACDB_BLOCKREPRESENTATION_DATA(#3FC74) - this may cause problems in AutoCAD
copy process ignored ACDB_BLOCKREPRESENTATION_DATA(#3FC86) - this may cause problems in AutoCAD
copy process ignored ACDB_BLOCKREPRESENTATION_DATA(#3FC98) - this may cause problems in AutoCAD
copy process ignored ACDB_BLOCKREPRESENTATION_DATA(#3FCAA) - this may cause problems in AutoCAD
copy process ignored ACDB_BLOCKREPRESENTATION_DATA(#3FCBC) - this may cause problems in AutoCAD
copy process ignored ACDB_BLOCKREPRESENTATION_DATA(#3FCCE) - this may cause problems in AutoCAD
copy process ignored ACDB_BLOCKREPRESENTATION_DATA(#3FDA9) - this may cause problems in AutoCAD
copy process ignored ACDB_BLOCKREPRESENTATION_DATA(#3FDBB) - this may cause problems in AutoCAD
copy process ignored ACDB_BLOCKREPRESENTATION_DATA(#3FDCD) - this may cause problems in AutoCAD
copy process ignored ACDB_BLOCKREPRESENTATION_DATA(#3FDFD) - this may cause problems in AutoCAD
copy process ignored ACDB_BLOCKREPRESENTATION_DATA(#3FE2B) - this may cause problems in AutoCAD
copy process ignored ACDB_BLOCKREPRESENTATION_DATA(#3FE3D) - this may cause problems in AutoCAD
copy process ignored ACDB_BLOCKREPRESENTATION_DATA(#3FE4F) - this may cause problems in AutoCAD
copy process ignored ACDB_BLOCKREPRESENTATION_DATA(#3FE70) - this may cause problems in AutoCAD
copy process ignored ACDB_BLOCKREPRESENTATION_DATA(#3FECF) - this may cause problems in AutoCAD
copy process ignored ACDB_BLOCKREPRESENTATION_DATA(#3FEE2) - this may cause problems in AutoCAD
copy process ignored ACDB_BLOCKREPRESENTATION_DATA(#3FF41) - this may cause problems in AutoCAD
copy process ignored ACDB_BLOCKREPRESENTATION_DATA(#3FF61) - this may cause problems in AutoCAD
copy process ignored ACDB_BLOCKREPRESENTATION_DATA(#3FFC0) - this may cause problems in AutoCAD
copy process ignored ACDB_BLOCKREPRESENTATION_DATA(#4001F) - this may cause problems in AutoCAD
copy process ignored ACDB_BLOCKREPRESENTATION_DATA(#4004B) - this may cause problems in AutoCAD
copy process ignored ACDB_BLOCKREPRESENTATION_DATA(#4020C) - this may cause problems in AutoCAD
copy process ignored ACDB_BLOCKREPRESENTATION_DATA(#4022C) - this may cause problems in AutoCAD
copy process ignored ACDB_BLOCKREPRESENTATION_DATA(#40298) - this may cause problems in AutoCAD
copy process ignored ACDB_BLOCKREPRESENTATION_DATA(#402F2) - this may cause problems in AutoCAD
copy process ignored ACDB_BLOCKREPRESENTATION_DATA(#40353) - this may cause problems in AutoCAD
copy process ignored ACDB_BLOCKREPRESENTATION_DATA(#403FD) - this may cause problems in AutoCAD
copy process ignored ACDB_BLOCKREPRESENTATION_DATA(#40408) - this may cause problems in AutoCAD
copy process ignored ACDB_BLOCKREPRESENTATION_DATA(#40413) - this may cause problems in AutoCAD
copy process ignored ACDB_BLOCKREPRESENTATION_DATA(#40429) - this may cause problems in AutoCAD
copy process ignored ACDB_BLOCKREPRESENTATION_DATA(#40434) - this may cause problems in AutoCAD
copy process ignored ACDB_BLOCKREPRESENTATION_DATA(#5C133) - this may cause problems in AutoCAD
copy process ignored ACDB_BLOCKREPRESENTATION_DATA(#5C145) - this may cause problems in AutoCAD
copy process ignored ACDB_BLOCKREPRESENTATION_DATA(#40514) - this may cause problems in AutoCAD
copy process ignored ACDB_BLOCKREPRESENTATION_DATA(#40573) - this may cause problems in AutoCAD
copy process ignored ACDB_BLOCKREPRESENTATION_DATA(#40585) - this may cause problems in AutoCAD
copy process ignored ACDB_BLOCKREPRESENTATION_DATA(#405E4) - this may cause problems in AutoCAD
copy process ignored ACDB_BLOCKREPRESENTATION_DATA(#405F6) - this may cause problems in AutoCAD
copy process ignored ACDB_BLOCKREPRESENTATION_DATA(#40655) - this may cause problems in AutoCAD
copy process ignored ACDB_BLOCKREPRESENTATION_DATA(#40667) - this may cause problems in AutoCAD
copy process ignored ACDB_BLOCKREPRESENTATION_DATA(#40679) - this may cause problems in AutoCAD
copy process ignored ACDB_BLOCKREPRESENTATION_DATA(#406D8) - this may cause problems in AutoCAD
copy process ignored ACDB_BLOCKREPRESENTATION_DATA(#406EA) - this may cause problems in AutoCAD
copy process ignored ACDB_BLOCKREPRESENTATION_DATA(#40749) - this may cause problems in AutoCAD
copy process ignored ACDB_BLOCKREPRESENTATION_DATA(#4075B) - this may cause problems in AutoCAD
copy process ignored ACDB_BLOCKREPRESENTATION_DATA(#4076D) - this may cause problems in AutoCAD
copy process ignored ACDB_BLOCKREPRESENTATION_DATA(#4077F) - this may cause problems in AutoCAD
copy process ignored ACDB_BLOCKREPRESENTATION_DATA(#40791) - this may cause problems in AutoCAD
copy process ignored ACDB_BLOCKREPRESENTATION_DATA(#407A3) - this may cause problems in AutoCAD
copy process ignored ACDB_BLOCKREPRESENTATION_DATA(#407B5) - this may cause problems in AutoCAD
copy process ignored ACDB_BLOCKREPRESENTATION_DATA(#407C7) - this may cause problems in AutoCAD
copy process ignored ACDB_BLOCKREPRESENTATION_DATA(#407D9) - this may cause problems in AutoCAD
copy process ignored ACDB_BLOCKREPRESENTATION_DATA(#407EB) - this may cause problems in AutoCAD
copy process ignored ACDB_BLOCKREPRESENTATION_DATA(#407FD) - this may cause problems in AutoCAD
copy process ignored ACDB_BLOCKREPRESENTATION_DATA(#4080F) - this may cause problems in AutoCAD
copy process ignored ACDB_BLOCKREPRESENTATION_DATA(#40821) - this may cause problems in AutoCAD
copy process ignored ACDB_BLOCKREPRESENTATION_DATA(#40833) - this may cause problems in AutoCAD
copy process ignored ACDB_BLOCKREPRESENTATION_DATA(#40845) - this may cause problems in AutoCAD
copy process ignored ACDB_BLOCKREPRESENTATION_DATA(#40857) - this may cause problems in AutoCAD
copy process ignored ACDB_BLOCKREPRESENTATION_DATA(#40869) - this may cause problems in AutoCAD
copy process ignored ACDB_BLOCKREPRESENTATION_DATA(#4087B) - this may cause problems in AutoCAD
copy process ignored ACDB_BLOCKREPRESENTATION_DATA(#4088D) - this may cause problems in AutoCAD
copy process ignored ACDB_BLOCKREPRESENTATION_DATA(#4089F) - this may cause problems in AutoCAD
copy process ignored ACDB_BLOCKREPRESENTATION_DATA(#408B1) - this may cause problems in AutoCAD
copy process ignored ACDB_BLOCKREPRESENTATION_DATA(#408C3) - this may cause problems in AutoCAD
copy process ignored ACDB_BLOCKREPRESENTATION_DATA(#408D5) - this may cause problems in AutoCAD
copy process ignored ACDB_BLOCKREPRESENTATION_DATA(#408E7) - this may cause problems in AutoCAD
copy process ignored ACDB_BLOCKREPRESENTATION_DATA(#408F9) - this may cause problems in AutoCAD
copy process ignored ACDB_BLOCKREPRESENTATION_DATA(#4090B) - this may cause problems in AutoCAD
copy process ignored ACDB_BLOCKREPRESENTATION_DATA(#4091D) - this may cause problems in AutoCAD
copy process ignored ACDB_BLOCKREPRESENTATION_DATA(#4092F) - this may cause problems in AutoCAD
copy process ignored ACDB_BLOCKREPRESENTATION_DATA(#40941) - this may cause problems in AutoCAD
copy process ignored ACDB_BLOCKREPRESENTATION_DATA(#40953) - this may cause problems in AutoCAD
copy process ignored ACDB_BLOCKREPRESENTATION_DATA(#40965) - this may cause problems in AutoCAD
copy process ignored ACDB_BLOCKREPRESENTATION_DATA(#40977) - this may cause problems in AutoCAD
copy process ignored ACDB_BLOCKREPRESENTATION_DATA(#40989) - this may cause problems in AutoCAD
copy process ignored ACDB_BLOCKREPRESENTATION_DATA(#4099B) - this may cause problems in AutoCAD
copy process ignored ACDB_BLOCKREPRESENTATION_DATA(#409AD) - this may cause problems in AutoCAD
copy process ignored ACDB_BLOCKREPRESENTATION_DATA(#409BF) - this may cause problems in AutoCAD
copy process ignored ACDB_BLOCKREPRESENTATION_DATA(#409D1) - this may cause problems in AutoCAD
copy process ignored ACDB_BLOCKREPRESENTATION_DATA(#409E3) - this may cause problems in AutoCAD
copy process ignored ACDB_BLOCKREPRESENTATION_DATA(#40C3B) - this may cause problems in AutoCAD
copy process ignored ACDB_BLOCKREPRESENTATION_DATA(#40C5F) - this may cause problems in AutoCAD
copy process ignored ACDB_BLOCKREPRESENTATION_DATA(#40C83) - this may cause problems in AutoCAD
copy process ignored ACDB_BLOCKREPRESENTATION_DATA(#40D74) - this may cause problems in AutoCAD
copy process ignored ACDB_BLOCKREPRESENTATION_DATA(#40D7C) - this may cause problems in AutoCAD
copy process ignored ACDB_BLOCKREPRESENTATION_DATA(#40D87) - this may cause problems in AutoCAD
copy process ignored ACDB_BLOCKREPRESENTATION_DATA(#40D9D) - this may cause problems in AutoCAD
copy process ignored ACDB_BLOCKREPRESENTATION_DATA(#40DA5) - this may cause problems in AutoCAD
copy process ignored ACDB_BLOCKREPRESENTATION_DATA(#40DBA) - this may cause problems in AutoCAD
copy process ignored ACDB_BLOCKREPRESENTATION_DATA(#40E65) - this may cause problems in AutoCAD
copy process ignored ACDB_BLOCKREPRESENTATION_DATA(#40E6D) - this may cause problems in AutoCAD
copy process ignored ACDB_BLOCKREPRESENTATION_DATA(#40E78) - this may cause problems in AutoCAD
copy process ignored ACDB_BLOCKREPRESENTATION_DATA(#40E9E) - this may cause problems in AutoCAD
copy process ignored ACDB_BLOCKREPRESENTATION_DATA(#40EA6) - this may cause problems in AutoCAD
copy process ignored ACDB_BLOCKREPRESENTATION_DATA(#40EB1) - this may cause problems in AutoCAD
copy process ignored ACDB_BLOCKREPRESENTATION_DATA(#40ED7) - this may cause problems in AutoCAD
copy process ignored ACDB_BLOCKREPRESENTATION_DATA(#40EDF) - this may cause problems in AutoCAD
copy process ignored ACDB_BLOCKREPRESENTATION_DATA(#40EEA) - this may cause problems in AutoCAD
copy process ignored ACDB_BLOCKREPRESENTATION_DATA(#3F0B1) - this may cause problems in AutoCAD
copy process ignored ACDB_BLOCKREPRESENTATION_DATA(#3F0C3) - this may cause problems in AutoCAD
copy process ignored ACDB_BLOCKREPRESENTATION_DATA(#3F0D5) - this may cause problems in AutoCAD
copy process ignored ACDB_BLOCKREPRESENTATION_DATA(#3F0E7) - this may cause problems in AutoCAD
copy process ignored ACDB_BLOCKREPRESENTATION_DATA(#3F0F9) - this may cause problems in AutoCAD
copy process ignored ACDB_BLOCKREPRESENTATION_DATA(#3F10B) - this may cause problems in AutoCAD
copy process ignored ACDB_BLOCKREPRESENTATION_DATA(#3F11D) - this may cause problems in AutoCAD
copy process ignored ACDB_BLOCKREPRESENTATION_DATA(#3F12F) - this may cause problems in AutoCAD
copy process ignored ACDB_BLOCKREPRESENTATION_DATA(#3F18E) - this may cause problems in AutoCAD
copy process ignored ACDB_BLOCKREPRESENTATION_DATA(#3F1A0) - this may cause problems in AutoCAD
copy process ignored ACDB_BLOCKREPRESENTATION_DATA(#3F1B2) - this may cause problems in AutoCAD
copy process ignored ACDB_BLOCKREPRESENTATION_DATA(#3F1C4) - this may cause problems in AutoCAD
copy process ignored ACDB_BLOCKREPRESENTATION_DATA(#3F1D6) - this may cause problems in AutoCAD
copy process ignored ACDB_BLOCKREPRESENTATION_DATA(#3F235) - this may cause problems in AutoCAD
copy process ignored ACDB_BLOCKREPRESENTATION_DATA(#3F247) - this may cause problems in AutoCAD
copy process ignored ACDB_BLOCKREPRESENTATION_DATA(#3F259) - this may cause problems in AutoCAD
copy process ignored ACDB_BLOCKREPRESENTATION_DATA(#3F26B) - this may cause problems in AutoCAD
copy process ignored ACDB_BLOCKREPRESENTATION_DATA(#3F27D) - this may cause problems in AutoCAD
copy process ignored ACDB_BLOCKREPRESENTATION_DATA(#3F28F) - this may cause problems in AutoCAD
copy process ignored ACDB_BLOCKREPRESENTATION_DATA(#3F2A1) - this may cause problems in AutoCAD
copy process ignored ACDB_BLOCKREPRESENTATION_DATA(#3F2B3) - this may cause problems in AutoCAD
copy process ignored ACDB_BLOCKREPRESENTATION_DATA(#3F2C5) - this may cause problems in AutoCAD
copy process ignored ACDB_BLOCKREPRESENTATION_DATA(#3F324) - this may cause problems in AutoCAD
copy process ignored ACDB_BLOCKREPRESENTATION_DATA(#3F383) - this may cause problems in AutoCAD
copy process ignored ACDB_BLOCKREPRESENTATION_DATA(#3F395) - this may cause problems in AutoCAD
copy process ignored ACDB_BLOCKREPRESENTATION_DATA(#3F3A7) - this may cause problems in AutoCAD
copy process ignored ACDB_BLOCKREPRESENTATION_DATA(#3F3B9) - this may cause problems in AutoCAD
copy process ignored ACDB_BLOCKREPRESENTATION_DATA(#3F3CB) - this may cause problems in AutoCAD
copy process ignored ACDB_BLOCKREPRESENTATION_DATA(#3F3DD) - this may cause problems in AutoCAD
copy process ignored ACDB_BLOCKREPRESENTATION_DATA(#3F3EF) - this may cause problems in AutoCAD
copy process ignored ACDB_BLOCKREPRESENTATION_DATA(#3F401) - this may cause problems in AutoCAD
copy process ignored ACDB_BLOCKREPRESENTATION_DATA(#3F413) - this may cause problems in AutoCAD
copy process ignored ACDB_BLOCKREPRESENTATION_DATA(#3F472) - this may cause problems in AutoCAD
copy process ignored ACDB_BLOCKREPRESENTATION_DATA(#3F484) - this may cause problems in AutoCAD
copy process ignored ACDB_BLOCKREPRESENTATION_DATA(#3F496) - this may cause problems in AutoCAD
copy process ignored ACDB_BLOCKREPRESENTATION_DATA(#3F4A8) - this may cause problems in AutoCAD
copy process ignored ACDB_BLOCKREPRESENTATION_DATA(#3F4BA) - this may cause problems in AutoCAD
copy process ignored ACDB_BLOCKREPRESENTATION_DATA(#3F4CC) - this may cause problems in AutoCAD
copy process ignored ACDB_BLOCKREPRESENTATION_DATA(#3F4DE) - this may cause problems in AutoCAD
copy process ignored ACDB_BLOCKREPRESENTATION_DATA(#3F4F0) - this may cause problems in AutoCAD
copy process ignored ACDB_BLOCKREPRESENTATION_DATA(#3F502) - this may cause problems in AutoCAD
copy process ignored ACDB_BLOCKREPRESENTATION_DATA(#3F514) - this may cause problems in AutoCAD
copy process ignored ACDB_BLOCKREPRESENTATION_DATA(#3F526) - this may cause problems in AutoCAD
copy process ignored ACDB_BLOCKREPRESENTATION_DATA(#3F538) - this may cause problems in AutoCAD
copy process ignored ACDB_BLOCKREPRESENTATION_DATA(#3F54A) - this may cause problems in AutoCAD
copy process ignored ACDB_BLOCKREPRESENTATION_DATA(#3F55C) - this may cause problems in AutoCAD
copy process ignored ACDB_BLOCKREPRESENTATION_DATA(#3F56E) - this may cause problems in AutoCAD
copy process ignored ACDB_BLOCKREPRESENTATION_DATA(#3F580) - this may cause problems in AutoCAD
copy process ignored ACDB_BLOCKREPRESENTATION_DATA(#3F592) - this may cause problems in AutoCAD
copy process ignored ACDB_BLOCKREPRESENTATION_DATA(#3F5A4) - this may cause problems in AutoCAD
copy process ignored ACDB_BLOCKREPRESENTATION_DATA(#3F5B6) - this may cause problems in AutoCAD
copy process ignored ACDB_BLOCKREPRESENTATION_DATA(#3F5C8) - this may cause problems in AutoCAD
copy process ignored ACDB_BLOCKREPRESENTATION_DATA(#3F5DA) - this may cause problems in AutoCAD
copy process ignored ACDB_BLOCKREPRESENTATION_DATA(#3F5EC) - this may cause problems in AutoCAD
copy process ignored ACDB_BLOCKREPRESENTATION_DATA(#3F5FE) - this may cause problems in AutoCAD
copy process ignored ACDB_BLOCKREPRESENTATION_DATA(#3F610) - this may cause problems in AutoCAD
copy process ignored ACDB_BLOCKREPRESENTATION_DATA(#3F622) - this may cause problems in AutoCAD
copy process ignored ACDB_BLOCKREPRESENTATION_DATA(#3F634) - this may cause problems in AutoCAD
copy process ignored ACDB_BLOCKREPRESENTATION_DATA(#3F646) - this may cause problems in AutoCAD
copy process ignored ACDB_BLOCKREPRESENTATION_DATA(#3F658) - this may cause problems in AutoCAD
copy process ignored ACDB_BLOCKREPRESENTATION_DATA(#3F66A) - this may cause problems in AutoCAD
copy process ignored ACDB_BLOCKREPRESENTATION_DATA(#3F67C) - this may cause problems in AutoCAD
copy process ignored ACDB_BLOCKREPRESENTATION_DATA(#3F68E) - this may cause problems in AutoCAD
copy process ignored ACDB_BLOCKREPRESENTATION_DATA(#3F6A0) - this may cause problems in AutoCAD
copy process ignored ACDB_BLOCKREPRESENTATION_DATA(#3F6B2) - this may cause problems in AutoCAD
copy process ignored ACDB_BLOCKREPRESENTATION_DATA(#3F6C4) - this may cause problems in AutoCAD
copy process ignored ACDB_BLOCKREPRESENTATION_DATA(#3F6D6) - this may cause problems in AutoCAD
copy process ignored ACDB_BLOCKREPRESENTATION_DATA(#3F6E8) - this may cause problems in AutoCAD
copy process ignored ACDB_BLOCKREPRESENTATION_DATA(#3F6FA) - this may cause problems in AutoCAD
copy process ignored ACDB_BLOCKREPRESENTATION_DATA(#3F70C) - this may cause problems in AutoCAD
copy process ignored ACDB_BLOCKREPRESENTATION_DATA(#3F71E) - this may cause problems in AutoCAD
copy process ignored ACDB_BLOCKREPRESENTATION_DATA(#3F730) - this may cause problems in AutoCAD
copy process ignored ACDB_BLOCKREPRESENTATION_DATA(#3F742) - this may cause problems in AutoCAD
copy process ignored ACDB_BLOCKREPRESENTATION_DATA(#3F754) - this may cause problems in AutoCAD
copy process ignored ACDB_BLOCKREPRESENTATION_DATA(#3F766) - this may cause problems in AutoCAD
copy process ignored ACDB_BLOCKREPRESENTATION_DATA(#3F7C5) - this may cause problems in AutoCAD
copy process ignored ACDB_BLOCKREPRESENTATION_DATA(#3F7D7) - this may cause problems in AutoCAD
copy process ignored ACDB_BLOCKREPRESENTATION_DATA(#3F836) - this may cause problems in AutoCAD
copy process ignored ACDB_BLOCKREPRESENTATION_DATA(#3F848) - this may cause problems in AutoCAD
copy process ignored ACDB_BLOCKREPRESENTATION_DATA(#3F85A) - this may cause problems in AutoCAD
copy process ignored ACDB_BLOCKREPRESENTATION_DATA(#3F86C) - this may cause problems in AutoCAD
copy process ignored ACDB_BLOCKREPRESENTATION_DATA(#3F87E) - this may cause problems in AutoCAD
copy process ignored ACDB_BLOCKREPRESENTATION_DATA(#3F890) - this may cause problems in AutoCAD
copy process ignored ACDB_BLOCKREPRESENTATION_DATA(#3F8A2) - this may cause problems in AutoCAD
copy process ignored ACDB_BLOCKREPRESENTATION_DATA(#3F8B4) - this may cause problems in AutoCAD
copy process ignored ACDB_BLOCKREPRESENTATION_DATA(#3F8C6) - this may cause problems in AutoCAD
copy process ignored ACDB_BLOCKREPRESENTATION_DATA(#3F8D8) - this may cause problems in AutoCAD
copy process ignored ACDB_BLOCKREPRESENTATION_DATA(#3F8EB) - this may cause problems in AutoCAD
copy process ignored ACDB_BLOCKREPRESENTATION_DATA(#3F8FD) - this may cause problems in AutoCAD
copy process ignored ACDB_BLOCKREPRESENTATION_DATA(#3F90F) - this may cause problems in AutoCAD
copy process ignored ACDB_BLOCKREPRESENTATION_DATA(#3F921) - this may cause problems in AutoCAD
copy process ignored ACDB_BLOCKREPRESENTATION_DATA(#3F933) - this may cause problems in AutoCAD
copy process ignored ACDB_BLOCKREPRESENTATION_DATA(#3F945) - this may cause problems in AutoCAD
copy process ignored ACDB_BLOCKREPRESENTATION_DATA(#3F957) - this may cause problems in AutoCAD
copy process ignored ACDB_BLOCKREPRESENTATION_DATA(#3F969) - this may cause problems in AutoCAD
copy process ignored ACDB_BLOCKREPRESENTATION_DATA(#3F97B) - this may cause problems in AutoCAD
copy process ignored ACDB_BLOCKREPRESENTATION_DATA(#3F98D) - this may cause problems in AutoCAD
copy process ignored ACDB_BLOCKREPRESENTATION_DATA(#3F99F) - this may cause problems in AutoCAD
copy process ignored ACDB_BLOCKREPRESENTATION_DATA(#3F9B1) - this may cause problems in AutoCAD
copy process ignored ACDB_BLOCKREPRESENTATION_DATA(#3F9C3) - this may cause problems in AutoCAD
copy process ignored ACDB_BLOCKREPRESENTATION_DATA(#3FA22) - this may cause problems in AutoCAD
copy process ignored ACDB_BLOCKREPRESENTATION_DATA(#3FA34) - this may cause problems in AutoCAD
copy process ignored ACDB_BLOCKREPRESENTATION_DATA(#3FA46) - this may cause problems in AutoCAD
copy process ignored ACDB_BLOCKREPRESENTATION_DATA(#3FA58) - this may cause problems in AutoCAD
copy process ignored ACDB_BLOCKREPRESENTATION_DATA(#3FA6A) - this may cause problems in AutoCAD
copy process ignored ACDB_BLOCKREPRESENTATION_DATA(#3FA7C) - this may cause problems in AutoCAD
copy process ignored ACDB_BLOCKREPRESENTATION_DATA(#3FA8E) - this may cause problems in AutoCAD
copy process ignored ACDB_BLOCKREPRESENTATION_DATA(#3FAA0) - this may cause problems in AutoCAD
copy process ignored ACDB_BLOCKREPRESENTATION_DATA(#3FAB2) - this may cause problems in AutoCAD
copy process ignored ACDB_BLOCKREPRESENTATION_DATA(#3FAC4) - this may cause problems in AutoCAD
copy process ignored ACDB_BLOCKREPRESENTATION_DATA(#3FAD6) - this may cause problems in AutoCAD
copy process ignored ACDB_BLOCKREPRESENTATION_DATA(#3FAE8) - this may cause problems in AutoCAD
copy process ignored ACDB_BLOCKREPRESENTATION_DATA(#3FAFA) - this may cause problems in AutoCAD
copy process ignored ACDB_BLOCKREPRESENTATION_DATA(#3FB0C) - this may cause problems in AutoCAD
copy process ignored ACDB_BLOCKREPRESENTATION_DATA(#3FB1E) - this may cause problems in AutoCAD
copy process ignored ACDB_BLOCKREPRESENTATION_DATA(#3FB30) - this may cause problems in AutoCAD
copy process ignored ACDB_BLOCKREPRESENTATION_DATA(#3FB42) - this may cause problems in AutoCAD
copy process ignored ACDB_BLOCKREPRESENTATION_DATA(#3FB54) - this may cause problems in AutoCAD
copy process ignored ACDB_BLOCKREPRESENTATION_DATA(#3FB66) - this may cause problems in AutoCAD
copy process ignored ACDB_BLOCKREPRESENTATION_DATA(#3FB78) - this may cause problems in AutoCAD
copy process ignored ACDB_BLOCKREPRESENTATION_DATA(#3FB8A) - this may cause problems in AutoCAD
copy process ignored ACDB_BLOCKREPRESENTATION_DATA(#3FB9C) - this may cause problems in AutoCAD
copy process ignored ACDB_BLOCKREPRESENTATION_DATA(#3FBAE) - this may cause problems in AutoCAD
copy process ignored ACDB_BLOCKREPRESENTATION_DATA(#3FBC0) - this may cause problems in AutoCAD
copy process ignored ACDB_BLOCKREPRESENTATION_DATA(#3FBD2) - this may cause problems in AutoCAD
copy process ignored ACDB_BLOCKREPRESENTATION_DATA(#3FBE4) - this may cause problems in AutoCAD
copy process ignored ACDB_BLOCKREPRESENTATION_DATA(#3FBF6) - this may cause problems in AutoCAD
copy process ignored ACDB_BLOCKREPRESENTATION_DATA(#3FC08) - this may cause problems in AutoCAD
copy process ignored ACDB_BLOCKREPRESENTATION_DATA(#3FC1A) - this may cause problems in AutoCAD
copy process ignored ACDB_BLOCKREPRESENTATION_DATA(#3FC2C) - this may cause problems in AutoCAD
copy process ignored ACDB_BLOCKREPRESENTATION_DATA(#3FC3E) - this may cause problems in AutoCAD
copy process ignored ACDB_BLOCKREPRESENTATION_DATA(#3FC50) - this may cause problems in AutoCAD
copy process ignored ACDB_BLOCKREPRESENTATION_DATA(#3FC62) - this may cause problems in AutoCAD
copy process ignored ACDB_BLOCKREPRESENTATION_DATA(#3FC74) - this may cause problems in AutoCAD
copy process ignored ACDB_BLOCKREPRESENTATION_DATA(#3FC86) - this may cause problems in AutoCAD
copy process ignored ACDB_BLOCKREPRESENTATION_DATA(#3FC98) - this may cause problems in AutoCAD
copy process ignored ACDB_BLOCKREPRESENTATION_DATA(#3FCAA) - this may cause problems in AutoCAD
copy process ignored ACDB_BLOCKREPRESENTATION_DATA(#3FCBC) - this may cause problems in AutoCAD
copy process ignored ACDB_BLOCKREPRESENTATION_DATA(#3FCCE) - this may cause problems in AutoCAD
copy process ignored ACDB_BLOCKREPRESENTATION_DATA(#3FDA9) - this may cause problems in AutoCAD
copy process ignored ACDB_BLOCKREPRESENTATION_DATA(#3FDBB) - this may cause problems in AutoCAD
copy process ignored ACDB_BLOCKREPRESENTATION_DATA(#3FDCD) - this may cause problems in AutoCAD
copy process ignored ACDB_BLOCKREPRESENTATION_DATA(#3FDFD) - this may cause problems in AutoCAD
copy process ignored ACDB_BLOCKREPRESENTATION_DATA(#3FE2B) - this may cause problems in AutoCAD
copy process ignored ACDB_BLOCKREPRESENTATION_DATA(#3FE3D) - this may cause problems in AutoCAD
copy process ignored ACDB_BLOCKREPRESENTATION_DATA(#3FE4F) - this may cause problems in AutoCAD
copy process ignored ACDB_BLOCKREPRESENTATION_DATA(#3FE70) - this may cause problems in AutoCAD
copy process ignored ACDB_BLOCKREPRESENTATION_DATA(#3FECF) - this may cause problems in AutoCAD
copy process ignored ACDB_BLOCKREPRESENTATION_DATA(#3FEE2) - this may cause problems in AutoCAD
copy process ignored ACDB_BLOCKREPRESENTATION_DATA(#3FF41) - this may cause problems in AutoCAD
copy process ignored ACDB_BLOCKREPRESENTATION_DATA(#3FF61) - this may cause problems in AutoCAD
copy process ignored ACDB_BLOCKREPRESENTATION_DATA(#3FFC0) - this may cause problems in AutoCAD
copy process ignored ACDB_BLOCKREPRESENTATION_DATA(#4001F) - this may cause problems in AutoCAD
copy process ignored ACDB_BLOCKREPRESENTATION_DATA(#4004B) - this may cause problems in AutoCAD
copy process ignored ACDB_BLOCKREPRESENTATION_DATA(#4020C) - this may cause problems in AutoCAD
copy process ignored ACDB_BLOCKREPRESENTATION_DATA(#4022C) - this may cause problems in AutoCAD
copy process ignored ACDB_BLOCKREPRESENTATION_DATA(#40F38) - this may cause problems in AutoCAD
copy process ignored ACDB_BLOCKREPRESENTATION_DATA(#40F42) - this may cause problems in AutoCAD
copy process ignored ACDB_BLOCKREPRESENTATION_DATA(#40F8F) - this may cause problems in AutoCAD
copy process ignored ACDB_BLOCKREPRESENTATION_DATA(#40F9A) - this may cause problems in AutoCAD
copy process ignored ACDB_BLOCKREPRESENTATION_DATA(#40FB7) - this may cause problems in AutoCAD
copy process ignored ACDB_BLOCKREPRESENTATION_DATA(#40FC2) - this may cause problems in AutoCAD
copy process ignored ACDB_BLOCKREPRESENTATION_DATA(#40FDB) - this may cause problems in AutoCAD
copy process ignored ACDB_BLOCKREPRESENTATION_DATA(#40FF3) - this may cause problems in AutoCAD
copy process ignored ACDB_BLOCKREPRESENTATION_DATA(#4100B) - this may cause problems in AutoCAD
copy process ignored ACDB_BLOCKREPRESENTATION_DATA(#41015) - this may cause problems in AutoCAD
copy process ignored ACDB_BLOCKREPRESENTATION_DATA(#4102F) - this may cause problems in AutoCAD
copy process ignored ACDB_BLOCKREPRESENTATION_DATA(#4104A) - this may cause problems in AutoCAD
copy process ignored ACDB_BLOCKREPRESENTATION_DATA(#41052) - this may cause problems in AutoCAD
copy process ignored ACDB_BLOCKREPRESENTATION_DATA(#4105C) - this may cause problems in AutoCAD
copy process ignored ACDB_BLOCKREPRESENTATION_DATA(#41063) - this may cause problems in AutoCAD
copy process ignored ACDB_BLOCKREPRESENTATION_DATA(#5BFCC) - this may cause problems in AutoCAD
copy process ignored ACDB_BLOCKREPRESENTATION_DATA(#41879) - this may cause problems in AutoCAD
copy process ignored ACDB_BLOCKREPRESENTATION_DATA(#4188A) - this may cause problems in AutoCAD
copy process ignored ACDB_BLOCKREPRESENTATION_DATA(#418C7) - this may cause problems in AutoCAD
copy process ignored ACDB_BLOCKREPRESENTATION_DATA(#418E7) - this may cause problems in AutoCAD
copy process ignored ACDB_BLOCKREPRESENTATION_DATA(#418F1) - this may cause problems in AutoCAD
copy process ignored ACDB_BLOCKREPRESENTATION_DATA(#5BFDC) - this may cause problems in AutoCAD
copy process ignored ACDB_BLOCKREPRESENTATION_DATA(#4115A) - this may cause problems in AutoCAD
copy process ignored ACDB_BLOCKREPRESENTATION_DATA(#4116B) - this may cause problems in AutoCAD
copy process ignored ACDB_BLOCKREPRESENTATION_DATA(#411A8) - this may cause problems in AutoCAD
copy process ignored ACDB_BLOCKREPRESENTATION_DATA(#411C8) - this may cause problems in AutoCAD
copy process ignored ACDB_BLOCKREPRESENTATION_DATA(#411D2) - this may cause problems in AutoCAD
copy process ignored ACDB_BLOCKREPRESENTATION_DATA(#5BFEC) - this may cause problems in AutoCAD
copy process ignored ACDB_BLOCKREPRESENTATION_DATA(#41213) - this may cause problems in AutoCAD
copy process ignored ACDB_BLOCKREPRESENTATION_DATA(#41224) - this may cause problems in AutoCAD
copy process ignored ACDB_BLOCKREPRESENTATION_DATA(#41261) - this may cause problems in AutoCAD
copy process ignored ACDB_BLOCKREPRESENTATION_DATA(#41281) - this may cause problems in AutoCAD
copy process ignored ACDB_BLOCKREPRESENTATION_DATA(#4128B) - this may cause problems in AutoCAD
copy process ignored ACDB_BLOCKREPRESENTATION_DATA(#5C15E) - this may cause problems in AutoCAD
copy process ignored ACDB_BLOCKREPRESENTATION_DATA(#42F78) - this may cause problems in AutoCAD
copy process ignored ACDB_BLOCKREPRESENTATION_DATA(#42F89) - this may cause problems in AutoCAD
copy process ignored ACDB_BLOCKREPRESENTATION_DATA(#42FC6) - this may cause problems in AutoCAD
copy process ignored ACDB_BLOCKREPRESENTATION_DATA(#42FE6) - this may cause problems in AutoCAD
copy process ignored ACDB_BLOCKREPRESENTATION_DATA(#42FF0) - this may cause problems in AutoCAD
copy process ignored ACDB_BLOCKREPRESENTATION_DATA(#5C16E) - this may cause problems in AutoCAD
copy process ignored ACDB_BLOCKREPRESENTATION_DATA(#42F78) - this may cause problems in AutoCAD
copy process ignored ACDB_BLOCKREPRESENTATION_DATA(#42F89) - this may cause problems in AutoCAD
copy process ignored ACDB_BLOCKREPRESENTATION_DATA(#42FC6) - this may cause problems in AutoCAD
copy process ignored ACDB_BLOCKREPRESENTATION_DATA(#42FE6) - this may cause problems in AutoCAD
copy process ignored ACDB_BLOCKREPRESENTATION_DATA(#42FF0) - this may cause problems in AutoCAD
copy process ignored ACDB_BLOCKREPRESENTATION_DATA(#5C17E) - this may cause problems in AutoCAD
copy process ignored ACDB_BLOCKREPRESENTATION_DATA(#412EC) - this may cause problems in AutoCAD
copy process ignored ACDB_BLOCKREPRESENTATION_DATA(#412FD) - this may cause problems in AutoCAD
copy process ignored ACDB_BLOCKREPRESENTATION_DATA(#4133A) - this may cause problems in AutoCAD
copy process ignored ACDB_BLOCKREPRESENTATION_DATA(#4135A) - this may cause problems in AutoCAD
copy process ignored ACDB_BLOCKREPRESENTATION_DATA(#41364) - this may cause problems in AutoCAD
copy process ignored ACDB_BLOCKREPRESENTATION_DATA(#5C18E) - this may cause problems in AutoCAD
copy process ignored ACDB_BLOCKREPRESENTATION_DATA(#413A5) - this may cause problems in AutoCAD
copy process ignored ACDB_BLOCKREPRESENTATION_DATA(#413B6) - this may cause problems in AutoCAD
copy process ignored ACDB_BLOCKREPRESENTATION_DATA(#413F3) - this may cause problems in AutoCAD
copy process ignored ACDB_BLOCKREPRESENTATION_DATA(#41413) - this may cause problems in AutoCAD
copy process ignored ACDB_BLOCKREPRESENTATION_DATA(#4141D) - this may cause problems in AutoCAD
copy process ignored ACDB_BLOCKREPRESENTATION_DATA(#3AFFB) - this may cause problems in AutoCAD
copy process ignored ACDB_BLOCKREPRESENTATION_DATA(#3B05F) - this may cause problems in AutoCAD
copy process ignored ACDB_BLOCKREPRESENTATION_DATA(#3B143) - this may cause problems in AutoCAD
copy process ignored ACDB_BLOCKREPRESENTATION_DATA(#3B152) - this may cause problems in AutoCAD
copy process ignored ACDB_BLOCKREPRESENTATION_DATA(#3B173) - this may cause problems in AutoCAD
copy process ignored ACDB_BLOCKREPRESENTATION_DATA(#3B1B7) - this may cause problems in AutoCAD
copy process ignored ACDB_BLOCKREPRESENTATION_DATA(#5C1A3) - this may cause problems in AutoCAD
copy process ignored ACDB_BLOCKREPRESENTATION_DATA(#3B55F) - this may cause problems in AutoCAD
copy process ignored ACDB_BLOCKREPRESENTATION_DATA(#3B591) - this may cause problems in AutoCAD
copy process ignored ACDB_BLOCKREPRESENTATION_DATA(#3B599) - this may cause problems in AutoCAD
copy process ignored ACDB_BLOCKREPRESENTATION_DATA(#3B5C0) - this may cause problems in AutoCAD
copy process ignored ACDB_BLOCKREPRESENTATION_DATA(#3B5F6) - this may cause problems in AutoCAD
copy process ignored ACDB_BLOCKREPRESENTATION_DATA(#3B613) - this may cause problems in AutoCAD
copy process ignored ACDB_BLOCKREPRESENTATION_DATA(#3B61D) - this may cause problems in AutoCAD
copy process ignored ACDB_BLOCKREPRESENTATION_DATA(#3B64E) - this may cause problems in AutoCAD
copy process ignored ACDB_BLOCKREPRESENTATION_DATA(#3B671) - this may cause problems in AutoCAD
copy process ignored ACDB_BLOCKREPRESENTATION_DATA(#3B68A) - this may cause problems in AutoCAD
copy process ignored ACDB_BLOCKREPRESENTATION_DATA(#3B6B7) - this may cause problems in AutoCAD
copy process ignored ACDB_BLOCKREPRESENTATION_DATA(#3B6D9) - this may cause problems in AutoCAD
copy process ignored ACDB_BLOCKREPRESENTATION_DATA(#3B71E) - this may cause problems in AutoCAD
copy process ignored ACDB_BLOCKREPRESENTATION_DATA(#3B76E) - this may cause problems in AutoCAD
copy process ignored ACDB_BLOCKREPRESENTATION_DATA(#3B7CC) - this may cause problems in AutoCAD
copy process ignored ACDB_BLOCKREPRESENTATION_DATA(#3B812) - this may cause problems in AutoCAD
copy process ignored ACDB_BLOCKREPRESENTATION_DATA(#3B81A) - this may cause problems in AutoCAD
copy process ignored ACDB_BLOCKREPRESENTATION_DATA(#3B878) - this may cause problems in AutoCAD
copy process ignored ACDB_BLOCKREPRESENTATION_DATA(#3B891) - this may cause problems in AutoCAD
copy process ignored ACDB_BLOCKREPRESENTATION_DATA(#3B8F8) - this may cause problems in AutoCAD
copy process ignored ACDB_BLOCKREPRESENTATION_DATA(#3B974) - this may cause problems in AutoCAD
copy process ignored ACDB_BLOCKREPRESENTATION_DATA(#3B6D9) - this may cause problems in AutoCAD
copy process ignored ACDB_BLOCKREPRESENTATION_DATA(#3B71E) - this may cause problems in AutoCAD
copy process ignored ACDB_BLOCKREPRESENTATION_DATA(#3B76E) - this may cause problems in AutoCAD
copy process ignored ACDB_BLOCKREPRESENTATION_DATA(#3B7CC) - this may cause problems in AutoCAD
copy process ignored ACDB_BLOCKREPRESENTATION_DATA(#3B812) - this may cause problems in AutoCAD
copy process ignored ACDB_BLOCKREPRESENTATION_DATA(#3B81A) - this may cause problems in AutoCAD
copy process ignored ACDB_BLOCKREPRESENTATION_DATA(#3B878) - this may cause problems in AutoCAD
copy process ignored ACDB_BLOCKREPRESENTATION_DATA(#3B891) - this may cause problems in AutoCAD
copy process ignored ACDB_BLOCKREPRESENTATION_DATA(#3B8F8) - this may cause problems in AutoCAD
copy process ignored ACDB_BLOCKREPRESENTATION_DATA(#3B974) - this may cause problems in AutoCAD
copy process ignored ACDB_BLOCKREPRESENTATION_DATA(#5C1B1) - this may cause problems in AutoCAD
copy process ignored ACDB_BLOCKREPRESENTATION_DATA(#41487) - this may cause problems in AutoCAD
copy process ignored ACDB_BLOCKREPRESENTATION_DATA(#414A0) - this may cause problems in AutoCAD
copy process ignored ACDB_BLOCKREPRESENTATION_DATA(#414A8) - this may cause problems in AutoCAD
copy process ignored ACDB_BLOCKREPRESENTATION_DATA(#414CF) - this may cause problems in AutoCAD
copy process ignored ACDB_BLOCKREPRESENTATION_DATA(#414EC) - this may cause problems in AutoCAD
copy process ignored ACDB_BLOCKREPRESENTATION_DATA(#41509) - this may cause problems in AutoCAD
copy process ignored ACDB_BLOCKREPRESENTATION_DATA(#41513) - this may cause problems in AutoCAD
copy process ignored ACDB_BLOCKREPRESENTATION_DATA(#4152B) - this may cause problems in AutoCAD
copy process ignored ACDB_BLOCKREPRESENTATION_DATA(#41535) - this may cause problems in AutoCAD
copy process ignored ACDB_BLOCKREPRESENTATION_DATA(#4154E) - this may cause problems in AutoCAD
copy process ignored ACDB_BLOCKREPRESENTATION_DATA(#41568) - this may cause problems in AutoCAD
copy process ignored ACDB_BLOCKREPRESENTATION_DATA(#5C1BD) - this may cause problems in AutoCAD
copy process ignored ACDB_BLOCKREPRESENTATION_DATA(#3BCBD) - this may cause problems in AutoCAD
copy process ignored ACDB_BLOCKREPRESENTATION_DATA(#3BCC4) - this may cause problems in AutoCAD
copy process ignored ACDB_BLOCKREPRESENTATION_DATA(#3BCDB) - this may cause problems in AutoCAD
copy process ignored ACDB_BLOCKREPRESENTATION_DATA(#3BD0D) - this may cause problems in AutoCAD
copy process ignored ACDB_BLOCKREPRESENTATION_DATA(#3BD2F) - this may cause problems in AutoCAD
copy process ignored ACDB_BLOCKREPRESENTATION_DATA(#3BD76) - this may cause problems in AutoCAD
copy process ignored ACDB_BLOCKREPRESENTATION_DATA(#3BDA7) - this may cause problems in AutoCAD
copy process ignored ACDB_BLOCKREPRESENTATION_DATA(#3BDC4) - this may cause problems in AutoCAD
copy process ignored ACDB_BLOCKREPRESENTATION_DATA(#3BDD7) - this may cause problems in AutoCAD
copy process ignored ACDB_BLOCKREPRESENTATION_DATA(#3BE18) - this may cause problems in AutoCAD
copy process ignored ACDB_BLOCKREPRESENTATION_DATA(#3BE2C) - this may cause problems in AutoCAD
copy process ignored ACDB_BLOCKREPRESENTATION_DATA(#5C1C7) - this may cause problems in AutoCAD
copy process ignored ACDB_BLOCKREPRESENTATION_DATA(#3BE9C) - this may cause problems in AutoCAD
copy process ignored ACDB_BLOCKREPRESENTATION_DATA(#3BEA3) - this may cause problems in AutoCAD
copy process ignored ACDB_BLOCKREPRESENTATION_DATA(#3BEBA) - this may cause problems in AutoCAD
copy process ignored ACDB_BLOCKREPRESENTATION_DATA(#3BED3) - this may cause problems in AutoCAD
copy process ignored ACDB_BLOCKREPRESENTATION_DATA(#3BEE2) - this may cause problems in AutoCAD
copy process ignored ACDB_BLOCKREPRESENTATION_DATA(#3BF10) - this may cause problems in AutoCAD
copy process ignored ACDB_BLOCKREPRESENTATION_DATA(#3BF28) - this may cause problems in AutoCAD
copy process ignored ACDB_BLOCKREPRESENTATION_DATA(#3BF45) - this may cause problems in AutoCAD
copy process ignored ACDB_BLOCKREPRESENTATION_DATA(#3BF58) - this may cause problems in AutoCAD
copy process ignored ACDB_BLOCKREPRESENTATION_DATA(#3BF80) - this may cause problems in AutoCAD
copy process ignored ACDB_BLOCKREPRESENTATION_DATA(#3BF94) - this may cause problems in AutoCAD
copy process ignored ACDB_BLOCKREPRESENTATION_DATA(#5C1D1) - this may cause problems in AutoCAD
copy process ignored ACDB_BLOCKREPRESENTATION_DATA(#3B55F) - this may cause problems in AutoCAD
copy process ignored ACDB_BLOCKREPRESENTATION_DATA(#3B591) - this may cause problems in AutoCAD
copy process ignored ACDB_BLOCKREPRESENTATION_DATA(#3B599) - this may cause problems in AutoCAD
copy process ignored ACDB_BLOCKREPRESENTATION_DATA(#3B5C0) - this may cause problems in AutoCAD
copy process ignored ACDB_BLOCKREPRESENTATION_DATA(#3B5F6) - this may cause problems in AutoCAD
copy process ignored ACDB_BLOCKREPRESENTATION_DATA(#3B613) - this may cause problems in AutoCAD
copy process ignored ACDB_BLOCKREPRESENTATION_DATA(#3B61D) - this may cause problems in AutoCAD
copy process ignored ACDB_BLOCKREPRESENTATION_DATA(#3B64E) - this may cause problems in AutoCAD
copy process ignored ACDB_BLOCKREPRESENTATION_DATA(#3B671) - this may cause problems in AutoCAD
copy process ignored ACDB_BLOCKREPRESENTATION_DATA(#3B68A) - this may cause problems in AutoCAD
copy process ignored ACDB_BLOCKREPRESENTATION_DATA(#3B6B7) - this may cause problems in AutoCAD
copy process ignored ACDB_BLOCKREPRESENTATION_DATA(#5BFFC) - this may cause problems in AutoCAD
copy process ignored ACDB_BLOCKREPRESENTATION_DATA(#42F78) - this may cause problems in AutoCAD
copy process ignored ACDB_BLOCKREPRESENTATION_DATA(#42F89) - this may cause problems in AutoCAD
copy process ignored ACDB_BLOCKREPRESENTATION_DATA(#42FC6) - this may cause problems in AutoCAD
copy process ignored ACDB_BLOCKREPRESENTATION_DATA(#42FE6) - this may cause problems in AutoCAD
copy process ignored ACDB_BLOCKREPRESENTATION_DATA(#42FF0) - this may cause problems in AutoCAD
copy process ignored ACDB_BLOCKREPRESENTATION_DATA(#5C00C) - this may cause problems in AutoCAD
copy process ignored ACDB_BLOCKREPRESENTATION_DATA(#42F78) - this may cause problems in AutoCAD
copy process ignored ACDB_BLOCKREPRESENTATION_DATA(#42F89) - this may cause problems in AutoCAD
copy process ignored ACDB_BLOCKREPRESENTATION_DATA(#42FC6) - this may cause problems in AutoCAD
copy process ignored ACDB_BLOCKREPRESENTATION_DATA(#42FE6) - this may cause problems in AutoCAD
copy process ignored ACDB_BLOCKREPRESENTATION_DATA(#42FF0) - this may cause problems in AutoCAD
copy process ignored ACDB_BLOCKREPRESENTATION_DATA(#5C01D) - this may cause problems in AutoCAD
copy process ignored ACDB_BLOCKREPRESENTATION_DATA(#39666) - this may cause problems in AutoCAD
copy process ignored ACDB_BLOCKREPRESENTATION_DATA(#39670) - this may cause problems in AutoCAD
copy process ignored ACDB_BLOCKREPRESENTATION_DATA(#396BE) - this may cause problems in AutoCAD
copy process ignored ACDB_BLOCKREPRESENTATION_DATA(#396C9) - this may cause problems in AutoCAD
copy process ignored ACDB_BLOCKREPRESENTATION_DATA(#396E6) - this may cause problems in AutoCAD
copy process ignored ACDB_BLOCKREPRESENTATION_DATA(#396F0) - this may cause problems in AutoCAD
copy process ignored ACDB_BLOCKREPRESENTATION_DATA(#39709) - this may cause problems in AutoCAD
copy process ignored ACDB_BLOCKREPRESENTATION_DATA(#39721) - this may cause problems in AutoCAD
copy process ignored ACDB_BLOCKREPRESENTATION_DATA(#39739) - this may cause problems in AutoCAD
copy process ignored ACDB_BLOCKREPRESENTATION_DATA(#39743) - this may cause problems in AutoCAD
copy process ignored ACDB_BLOCKREPRESENTATION_DATA(#3975D) - this may cause problems in AutoCAD
copy process ignored ACDB_BLOCKREPRESENTATION_DATA(#39774) - this may cause problems in AutoCAD
copy process ignored ACDB_BLOCKREPRESENTATION_DATA(#3977C) - this may cause problems in AutoCAD
copy process ignored ACDB_BLOCKREPRESENTATION_DATA(#39786) - this may cause problems in AutoCAD
copy process ignored ACDB_BLOCKREPRESENTATION_DATA(#3978D) - this may cause problems in AutoCAD
copy process ignored ACDB_BLOCKREPRESENTATION_DATA(#5C029) - this may cause problems in AutoCAD
copy process ignored ACDB_BLOCKREPRESENTATION_DATA(#41879) - this may cause problems in AutoCAD
copy process ignored ACDB_BLOCKREPRESENTATION_DATA(#4188A) - this may cause problems in AutoCAD
copy process ignored ACDB_BLOCKREPRESENTATION_DATA(#418C7) - this may cause problems in AutoCAD
copy process ignored ACDB_BLOCKREPRESENTATION_DATA(#418E7) - this may cause problems in AutoCAD
copy process ignored ACDB_BLOCKREPRESENTATION_DATA(#418F1) - this may cause problems in AutoCAD
copy process ignored ACDB_BLOCKREPRESENTATION_DATA(#5C039) - this may cause problems in AutoCAD
copy process ignored ACDB_BLOCKREPRESENTATION_DATA(#3A5E9) - this may cause problems in AutoCAD
copy process ignored ACDB_BLOCKREPRESENTATION_DATA(#3A5FA) - this may cause problems in AutoCAD
copy process ignored ACDB_BLOCKREPRESENTATION_DATA(#3A637) - this may cause problems in AutoCAD
copy process ignored ACDB_BLOCKREPRESENTATION_DATA(#3A657) - this may cause problems in AutoCAD
copy process ignored ACDB_BLOCKREPRESENTATION_DATA(#3A661) - this may cause problems in AutoCAD
copy process ignored ACDB_BLOCKREPRESENTATION_DATA(#5C049) - this may cause problems in AutoCAD
copy process ignored ACDB_BLOCKREPRESENTATION_DATA(#41213) - this may cause problems in AutoCAD
copy process ignored ACDB_BLOCKREPRESENTATION_DATA(#41224) - this may cause problems in AutoCAD
copy process ignored ACDB_BLOCKREPRESENTATION_DATA(#41261) - this may cause problems in AutoCAD
copy process ignored ACDB_BLOCKREPRESENTATION_DATA(#41281) - this may cause problems in AutoCAD
copy process ignored ACDB_BLOCKREPRESENTATION_DATA(#4128B) - this may cause problems in AutoCAD
copy process ignored ACDB_BLOCKREPRESENTATION_DATA(#5C059) - this may cause problems in AutoCAD
copy process ignored ACDB_BLOCKREPRESENTATION_DATA(#42F78) - this may cause problems in AutoCAD
copy process ignored ACDB_BLOCKREPRESENTATION_DATA(#42F89) - this may cause problems in AutoCAD
copy process ignored ACDB_BLOCKREPRESENTATION_DATA(#42FC6) - this may cause problems in AutoCAD
copy process ignored ACDB_BLOCKREPRESENTATION_DATA(#42FE6) - this may cause problems in AutoCAD
copy process ignored ACDB_BLOCKREPRESENTATION_DATA(#42FF0) - this may cause problems in AutoCAD
copy process ignored ACDB_BLOCKREPRESENTATION_DATA(#5C069) - this may cause problems in AutoCAD
copy process ignored ACDB_BLOCKREPRESENTATION_DATA(#42F78) - this may cause problems in AutoCAD
copy process ignored ACDB_BLOCKREPRESENTATION_DATA(#42F89) - this may cause problems in AutoCAD
copy process ignored ACDB_BLOCKREPRESENTATION_DATA(#42FC6) - this may cause problems in AutoCAD
copy process ignored ACDB_BLOCKREPRESENTATION_DATA(#42FE6) - this may cause problems in AutoCAD
copy process ignored ACDB_BLOCKREPRESENTATION_DATA(#42FF0) - this may cause problems in AutoCAD
copy process ignored ACDB_BLOCKREPRESENTATION_DATA(#5C1DD) - this may cause problems in AutoCAD
copy process ignored ACDB_BLOCKREPRESENTATION_DATA(#3A77B) - this may cause problems in AutoCAD
copy process ignored ACDB_BLOCKREPRESENTATION_DATA(#3A78C) - this may cause problems in AutoCAD
copy process ignored ACDB_BLOCKREPRESENTATION_DATA(#3A7C9) - this may cause problems in AutoCAD
copy process ignored ACDB_BLOCKREPRESENTATION_DATA(#3A7E9) - this may cause problems in AutoCAD
copy process ignored ACDB_BLOCKREPRESENTATION_DATA(#3A7F3) - this may cause problems in AutoCAD
copy process ignored ACDB_BLOCKREPRESENTATION_DATA(#5C1ED) - this may cause problems in AutoCAD
copy process ignored ACDB_BLOCKREPRESENTATION_DATA(#413A5) - this may cause problems in AutoCAD
copy process ignored ACDB_BLOCKREPRESENTATION_DATA(#413B6) - this may cause problems in AutoCAD
copy process ignored ACDB_BLOCKREPRESENTATION_DATA(#413F3) - this may cause problems in AutoCAD
copy process ignored ACDB_BLOCKREPRESENTATION_DATA(#41413) - this may cause problems in AutoCAD
copy process ignored ACDB_BLOCKREPRESENTATION_DATA(#4141D) - this may cause problems in AutoCAD
copy process ignored ACDB_BLOCKREPRESENTATION_DATA(#3AFFB) - this may cause problems in AutoCAD
copy process ignored ACDB_BLOCKREPRESENTATION_DATA(#3B05F) - this may cause problems in AutoCAD
copy process ignored ACDB_BLOCKREPRESENTATION_DATA(#3B143) - this may cause problems in AutoCAD
copy process ignored ACDB_BLOCKREPRESENTATION_DATA(#3B152) - this may cause problems in AutoCAD
copy process ignored ACDB_BLOCKREPRESENTATION_DATA(#3B173) - this may cause problems in AutoCAD
copy process ignored ACDB_BLOCKREPRESENTATION_DATA(#3B1B7) - this may cause problems in AutoCAD
copy process ignored ACDB_BLOCKREPRESENTATION_DATA(#5C1FF) - this may cause problems in AutoCAD
copy process ignored ACDB_BLOCKREPRESENTATION_DATA(#3B55F) - this may cause problems in AutoCAD
copy process ignored ACDB_BLOCKREPRESENTATION_DATA(#3B591) - this may cause problems in AutoCAD
copy process ignored ACDB_BLOCKREPRESENTATION_DATA(#3B599) - this may cause problems in AutoCAD
copy process ignored ACDB_BLOCKREPRESENTATION_DATA(#3B5C0) - this may cause problems in AutoCAD
copy process ignored ACDB_BLOCKREPRESENTATION_DATA(#3B5F6) - this may cause problems in AutoCAD
copy process ignored ACDB_BLOCKREPRESENTATION_DATA(#3B613) - this may cause problems in AutoCAD
copy process ignored ACDB_BLOCKREPRESENTATION_DATA(#3B61D) - this may cause problems in AutoCAD
copy process ignored ACDB_BLOCKREPRESENTATION_DATA(#3B64E) - this may cause problems in AutoCAD
copy process ignored ACDB_BLOCKREPRESENTATION_DATA(#3B671) - this may cause problems in AutoCAD
copy process ignored ACDB_BLOCKREPRESENTATION_DATA(#3B68A) - this may cause problems in AutoCAD
copy process ignored ACDB_BLOCKREPRESENTATION_DATA(#3B6B7) - this may cause problems in AutoCAD
copy process ignored ACDB_BLOCKREPRESENTATION_DATA(#3B6D9) - this may cause problems in AutoCAD
copy process ignored ACDB_BLOCKREPRESENTATION_DATA(#3B71E) - this may cause problems in AutoCAD
copy process ignored ACDB_BLOCKREPRESENTATION_DATA(#3B76E) - this may cause problems in AutoCAD
copy process ignored ACDB_BLOCKREPRESENTATION_DATA(#3B7CC) - this may cause problems in AutoCAD
copy process ignored ACDB_BLOCKREPRESENTATION_DATA(#3B812) - this may cause problems in AutoCAD
copy process ignored ACDB_BLOCKREPRESENTATION_DATA(#3B81A) - this may cause problems in AutoCAD
copy process ignored ACDB_BLOCKREPRESENTATION_DATA(#3B878) - this may cause problems in AutoCAD
copy process ignored ACDB_BLOCKREPRESENTATION_DATA(#3B891) - this may cause problems in AutoCAD
copy process ignored ACDB_BLOCKREPRESENTATION_DATA(#3B8F8) - this may cause problems in AutoCAD
copy process ignored ACDB_BLOCKREPRESENTATION_DATA(#3B974) - this may cause problems in AutoCAD
copy process ignored ACDB_BLOCKREPRESENTATION_DATA(#3B6D9) - this may cause problems in AutoCAD
copy process ignored ACDB_BLOCKREPRESENTATION_DATA(#3B71E) - this may cause problems in AutoCAD
copy process ignored ACDB_BLOCKREPRESENTATION_DATA(#3B76E) - this may cause problems in AutoCAD
copy process ignored ACDB_BLOCKREPRESENTATION_DATA(#3B7CC) - this may cause problems in AutoCAD
copy process ignored ACDB_BLOCKREPRESENTATION_DATA(#3B812) - this may cause problems in AutoCAD
copy process ignored ACDB_BLOCKREPRESENTATION_DATA(#3B81A) - this may cause problems in AutoCAD
copy process ignored ACDB_BLOCKREPRESENTATION_DATA(#3B878) - this may cause problems in AutoCAD
copy process ignored ACDB_BLOCKREPRESENTATION_DATA(#3B891) - this may cause problems in AutoCAD
copy process ignored ACDB_BLOCKREPRESENTATION_DATA(#3B8F8) - this may cause problems in AutoCAD
copy process ignored ACDB_BLOCKREPRESENTATION_DATA(#3B974) - this may cause problems in AutoCAD
copy process ignored ACDB_BLOCKREPRESENTATION_DATA(#5C20D) - this may cause problems in AutoCAD
copy process ignored ACDB_BLOCKREPRESENTATION_DATA(#41487) - this may cause problems in AutoCAD
copy process ignored ACDB_BLOCKREPRESENTATION_DATA(#414A0) - this may cause problems in AutoCAD
copy process ignored ACDB_BLOCKREPRESENTATION_DATA(#414A8) - this may cause problems in AutoCAD
copy process ignored ACDB_BLOCKREPRESENTATION_DATA(#414CF) - this may cause problems in AutoCAD
copy process ignored ACDB_BLOCKREPRESENTATION_DATA(#414EC) - this may cause problems in AutoCAD
copy process ignored ACDB_BLOCKREPRESENTATION_DATA(#41509) - this may cause problems in AutoCAD
copy process ignored ACDB_BLOCKREPRESENTATION_DATA(#41513) - this may cause problems in AutoCAD
copy process ignored ACDB_BLOCKREPRESENTATION_DATA(#4152B) - this may cause problems in AutoCAD
copy process ignored ACDB_BLOCKREPRESENTATION_DATA(#41535) - this may cause problems in AutoCAD
copy process ignored ACDB_BLOCKREPRESENTATION_DATA(#4154E) - this may cause problems in AutoCAD
copy process ignored ACDB_BLOCKREPRESENTATION_DATA(#41568) - this may cause problems in AutoCAD
copy process ignored ACDB_BLOCKREPRESENTATION_DATA(#5C219) - this may cause problems in AutoCAD
copy process ignored ACDB_BLOCKREPRESENTATION_DATA(#3BCBD) - this may cause problems in AutoCAD
copy process ignored ACDB_BLOCKREPRESENTATION_DATA(#3BCC4) - this may cause problems in AutoCAD
copy process ignored ACDB_BLOCKREPRESENTATION_DATA(#3BCDB) - this may cause problems in AutoCAD
copy process ignored ACDB_BLOCKREPRESENTATION_DATA(#3BD0D) - this may cause problems in AutoCAD
copy process ignored ACDB_BLOCKREPRESENTATION_DATA(#3BD2F) - this may cause problems in AutoCAD
copy process ignored ACDB_BLOCKREPRESENTATION_DATA(#3BD76) - this may cause problems in AutoCAD
copy process ignored ACDB_BLOCKREPRESENTATION_DATA(#3BDA7) - this may cause problems in AutoCAD
copy process ignored ACDB_BLOCKREPRESENTATION_DATA(#3BDC4) - this may cause problems in AutoCAD
copy process ignored ACDB_BLOCKREPRESENTATION_DATA(#3BDD7) - this may cause problems in AutoCAD
copy process ignored ACDB_BLOCKREPRESENTATION_DATA(#3BE18) - this may cause problems in AutoCAD
copy process ignored ACDB_BLOCKREPRESENTATION_DATA(#3BE2C) - this may cause problems in AutoCAD
copy process ignored ACDB_BLOCKREPRESENTATION_DATA(#5C223) - this may cause problems in AutoCAD
copy process ignored ACDB_BLOCKREPRESENTATION_DATA(#3BE9C) - this may cause problems in AutoCAD
copy process ignored ACDB_BLOCKREPRESENTATION_DATA(#3BEA3) - this may cause problems in AutoCAD
copy process ignored ACDB_BLOCKREPRESENTATION_DATA(#3BEBA) - this may cause problems in AutoCAD
copy process ignored ACDB_BLOCKREPRESENTATION_DATA(#3BED3) - this may cause problems in AutoCAD
copy process ignored ACDB_BLOCKREPRESENTATION_DATA(#3BEE2) - this may cause problems in AutoCAD
copy process ignored ACDB_BLOCKREPRESENTATION_DATA(#3BF10) - this may cause problems in AutoCAD
copy process ignored ACDB_BLOCKREPRESENTATION_DATA(#3BF28) - this may cause problems in AutoCAD
copy process ignored ACDB_BLOCKREPRESENTATION_DATA(#3BF45) - this may cause problems in AutoCAD
copy process ignored ACDB_BLOCKREPRESENTATION_DATA(#3BF58) - this may cause problems in AutoCAD
copy process ignored ACDB_BLOCKREPRESENTATION_DATA(#3BF80) - this may cause problems in AutoCAD
copy process ignored ACDB_BLOCKREPRESENTATION_DATA(#3BF94) - this may cause problems in AutoCAD
copy process ignored ACDB_BLOCKREPRESENTATION_DATA(#5C22D) - this may cause problems in AutoCAD
copy process ignored ACDB_BLOCKREPRESENTATION_DATA(#3B55F) - this may cause problems in AutoCAD
copy process ignored ACDB_BLOCKREPRESENTATION_DATA(#3B591) - this may cause problems in AutoCAD
copy process ignored ACDB_BLOCKREPRESENTATION_DATA(#3B599) - this may cause problems in AutoCAD
copy process ignored ACDB_BLOCKREPRESENTATION_DATA(#3B5C0) - this may cause problems in AutoCAD
copy process ignored ACDB_BLOCKREPRESENTATION_DATA(#3B5F6) - this may cause problems in AutoCAD
copy process ignored ACDB_BLOCKREPRESENTATION_DATA(#3B613) - this may cause problems in AutoCAD
copy process ignored ACDB_BLOCKREPRESENTATION_DATA(#3B61D) - this may cause problems in AutoCAD
copy process ignored ACDB_BLOCKREPRESENTATION_DATA(#3B64E) - this may cause problems in AutoCAD
copy process ignored ACDB_BLOCKREPRESENTATION_DATA(#3B671) - this may cause problems in AutoCAD
copy process ignored ACDB_BLOCKREPRESENTATION_DATA(#3B68A) - this may cause problems in AutoCAD
copy process ignored ACDB_BLOCKREPRESENTATION_DATA(#3B6B7) - this may cause problems in AutoCAD
copy process ignored ACDB_BLOCKREPRESENTATION_DATA(#5C239) - this may cause problems in AutoCAD
copy process ignored ACDB_BLOCKREPRESENTATION_DATA(#42F78) - this may cause problems in AutoCAD
copy process ignored ACDB_BLOCKREPRESENTATION_DATA(#42F89) - this may cause problems in AutoCAD
copy process ignored ACDB_BLOCKREPRESENTATION_DATA(#42FC6) - this may cause problems in AutoCAD
copy process ignored ACDB_BLOCKREPRESENTATION_DATA(#42FE6) - this may cause problems in AutoCAD
copy process ignored ACDB_BLOCKREPRESENTATION_DATA(#42FF0) - this may cause problems in AutoCAD
copy process ignored ACDB_BLOCKREPRESENTATION_DATA(#5C2BD) - this may cause problems in AutoCAD
copy process ignored ACDB_BLOCKREPRESENTATION_DATA(#42F78) - this may cause problems in AutoCAD
copy process ignored ACDB_BLOCKREPRESENTATION_DATA(#42F89) - this may cause problems in AutoCAD
copy process ignored ACDB_BLOCKREPRESENTATION_DATA(#42FC6) - this may cause problems in AutoCAD
copy process ignored ACDB_BLOCKREPRESENTATION_DATA(#42FE6) - this may cause problems in AutoCAD
copy process ignored ACDB_BLOCKREPRESENTATION_DATA(#42FF0) - this may cause problems in AutoCAD
copy process ignored ACDB_BLOCKREPRESENTATION_DATA(#5C2CD) - this may cause problems in AutoCAD
copy process ignored ACDB_BLOCKREPRESENTATION_DATA(#42F78) - this may cause problems in AutoCAD
copy process ignored ACDB_BLOCKREPRESENTATION_DATA(#42F89) - this may cause problems in AutoCAD
copy process ignored ACDB_BLOCKREPRESENTATION_DATA(#42FC6) - this may cause problems in AutoCAD
copy process ignored ACDB_BLOCKREPRESENTATION_DATA(#42FE6) - this may cause problems in AutoCAD
copy process ignored ACDB_BLOCKREPRESENTATION_DATA(#42FF0) - this may cause problems in AutoCAD
copy process ignored ACDB_BLOCKREPRESENTATION_DATA(#5C2DD) - this may cause problems in AutoCAD
copy process ignored ACDB_BLOCKREPRESENTATION_DATA(#42F78) - this may cause problems in AutoCAD
copy process ignored ACDB_BLOCKREPRESENTATION_DATA(#42F89) - this may cause problems in AutoCAD
copy process ignored ACDB_BLOCKREPRESENTATION_DATA(#42FC6) - this may cause problems in AutoCAD
copy process ignored ACDB_BLOCKREPRESENTATION_DATA(#42FE6) - this may cause problems in AutoCAD
copy process ignored ACDB_BLOCKREPRESENTATION_DATA(#42FF0) - this may cause problems in AutoCAD
copy process ignored ACDB_BLOCKREPRESENTATION_DATA(#5C2ED) - this may cause problems in AutoCAD
copy process ignored ACDB_BLOCKREPRESENTATION_DATA(#42F78) - this may cause problems in AutoCAD
copy process ignored ACDB_BLOCKREPRESENTATION_DATA(#42F89) - this may cause problems in AutoCAD
copy process ignored ACDB_BLOCKREPRESENTATION_DATA(#42FC6) - this may cause problems in AutoCAD
copy process ignored ACDB_BLOCKREPRESENTATION_DATA(#42FE6) - this may cause problems in AutoCAD
copy process ignored ACDB_BLOCKREPRESENTATION_DATA(#42FF0) - this may cause problems in AutoCAD
copy process ignored ACDB_BLOCKREPRESENTATION_DATA(#5C2FE) - this may cause problems in AutoCAD
copy process ignored ACDB_BLOCKREPRESENTATION_DATA(#5C309) - this may cause problems in AutoCAD
copy process ignored ACDB_BLOCKREPRESENTATION_DATA(#5C314) - this may cause problems in AutoCAD
copy process ignored ACDB_BLOCKREPRESENTATION_DATA(#493C1) - this may cause problems in AutoCAD
copy process ignored ACDB_BLOCKREPRESENTATION_DATA(#493EB) - this may cause problems in AutoCAD
copy process ignored ACDB_BLOCKREPRESENTATION_DATA(#493F8) - this may cause problems in AutoCAD
copy process ignored ACDB_BLOCKREPRESENTATION_DATA(#4940E) - this may cause problems in AutoCAD
copy process ignored ACDB_BLOCKREPRESENTATION_DATA(#49424) - this may cause problems in AutoCAD
copy process ignored ACDB_BLOCKREPRESENTATION_DATA(#4943A) - this may cause problems in AutoCAD
copy process ignored ACDB_BLOCKREPRESENTATION_DATA(#49446) - this may cause problems in AutoCAD
copy process ignored ACDB_BLOCKREPRESENTATION_DATA(#49451) - this may cause problems in AutoCAD
copy process ignored ACDB_BLOCKREPRESENTATION_DATA(#5C324) - this may cause problems in AutoCAD
copy process ignored ACDB_BLOCKREPRESENTATION_DATA(#41C69) - this may cause problems in AutoCAD
copy process ignored ACDB_BLOCKREPRESENTATION_DATA(#41C73) - this may cause problems in AutoCAD
copy process ignored ACDB_BLOCKREPRESENTATION_DATA(#41CC1) - this may cause problems in AutoCAD
copy process ignored ACDB_BLOCKREPRESENTATION_DATA(#41CCC) - this may cause problems in AutoCAD
copy process ignored ACDB_BLOCKREPRESENTATION_DATA(#41CE9) - this may cause problems in AutoCAD
copy process ignored ACDB_BLOCKREPRESENTATION_DATA(#41CF3) - this may cause problems in AutoCAD
copy process ignored ACDB_BLOCKREPRESENTATION_DATA(#41D0C) - this may cause problems in AutoCAD
copy process ignored ACDB_BLOCKREPRESENTATION_DATA(#41D24) - this may cause problems in AutoCAD
copy process ignored ACDB_BLOCKREPRESENTATION_DATA(#41D3C) - this may cause problems in AutoCAD
copy process ignored ACDB_BLOCKREPRESENTATION_DATA(#41D46) - this may cause problems in AutoCAD
copy process ignored ACDB_BLOCKREPRESENTATION_DATA(#41D60) - this may cause problems in AutoCAD
copy process ignored ACDB_BLOCKREPRESENTATION_DATA(#41D77) - this may cause problems in AutoCAD
copy process ignored ACDB_BLOCKREPRESENTATION_DATA(#41D7F) - this may cause problems in AutoCAD
copy process ignored ACDB_BLOCKREPRESENTATION_DATA(#41D89) - this may cause problems in AutoCAD
copy process ignored ACDB_BLOCKREPRESENTATION_DATA(#41D90) - this may cause problems in AutoCAD
copy process ignored ACDB_BLOCKREPRESENTATION_DATA(#5C330) - this may cause problems in AutoCAD
copy process ignored ACDB_BLOCKREPRESENTATION_DATA(#41DD2) - this may cause problems in AutoCAD
copy process ignored ACDB_BLOCKREPRESENTATION_DATA(#41DE3) - this may cause problems in AutoCAD
copy process ignored ACDB_BLOCKREPRESENTATION_DATA(#41E20) - this may cause problems in AutoCAD
copy process ignored ACDB_BLOCKREPRESENTATION_DATA(#41E40) - this may cause problems in AutoCAD
copy process ignored ACDB_BLOCKREPRESENTATION_DATA(#41E4A) - this may cause problems in AutoCAD
copy process ignored ACDB_BLOCKREPRESENTATION_DATA(#39B01) - this may cause problems in AutoCAD
copy process ignored ACDB_BLOCKREPRESENTATION_DATA(#39B27) - this may cause problems in AutoCAD
copy process ignored ACDB_BLOCKREPRESENTATION_DATA(#39B54) - this may cause problems in AutoCAD
copy process ignored ACDB_BLOCKREPRESENTATION_DATA(#39B71) - this may cause problems in AutoCAD
copy process ignored ACDB_BLOCKREPRESENTATION_DATA(#39B79) - this may cause problems in AutoCAD
copy process ignored ACDB_BLOCKREPRESENTATION_DATA(#39B81) - this may cause problems in AutoCAD
copy process ignored ACDB_BLOCKREPRESENTATION_DATA(#39B89) - this may cause problems in AutoCAD
copy process ignored ACDB_BLOCKREPRESENTATION_DATA(#39B91) - this may cause problems in AutoCAD
copy process ignored ACDB_BLOCKREPRESENTATION_DATA(#39B99) - this may cause problems in AutoCAD
copy process ignored ACDB_BLOCKREPRESENTATION_DATA(#39BA1) - this may cause problems in AutoCAD
copy process ignored ACDB_BLOCKREPRESENTATION_DATA(#39BB0) - this may cause problems in AutoCAD
copy process ignored ACDB_BLOCKREPRESENTATION_DATA(#39BB8) - this may cause problems in AutoCAD
copy process ignored ACDB_BLOCKREPRESENTATION_DATA(#39BC0) - this may cause problems in AutoCAD
copy process ignored ACDB_BLOCKREPRESENTATION_DATA(#39BC8) - this may cause problems in AutoCAD
copy process ignored ACDB_BLOCKREPRESENTATION_DATA(#39BD0) - this may cause problems in AutoCAD
copy process ignored ACDB_BLOCKREPRESENTATION_DATA(#39BD8) - this may cause problems in AutoCAD
copy process ignored ACDB_BLOCKREPRESENTATION_DATA(#39BE0) - this may cause problems in AutoCAD
copy process ignored ACDB_BLOCKREPRESENTATION_DATA(#39BE8) - this may cause problems in AutoCAD
copy process ignored ACDB_BLOCKREPRESENTATION_DATA(#39BF7) - this may cause problems in AutoCAD
copy process ignored ACDB_BLOCKREPRESENTATION_DATA(#39C06) - this may cause problems in AutoCAD
copy process ignored ACDB_BLOCKREPRESENTATION_DATA(#39C15) - this may cause problems in AutoCAD
copy process ignored ACDB_BLOCKREPRESENTATION_DATA(#39C24) - this may cause problems in AutoCAD
copy process ignored ACDB_BLOCKREPRESENTATION_DATA(#39C33) - this may cause problems in AutoCAD
copy process ignored ACDB_BLOCKREPRESENTATION_DATA(#39C3B) - this may cause problems in AutoCAD
copy process ignored ACDB_BLOCKREPRESENTATION_DATA(#39C43) - this may cause problems in AutoCAD
copy process ignored ACDB_BLOCKREPRESENTATION_DATA(#39C4E) - this may cause problems in AutoCAD
copy process ignored ACDB_BLOCKREPRESENTATION_DATA(#39C59) - this may cause problems in AutoCAD
copy process ignored ACDB_BLOCKREPRESENTATION_DATA(#39C64) - this may cause problems in AutoCAD
copy process ignored ACDB_BLOCKREPRESENTATION_DATA(#39C6F) - this may cause problems in AutoCAD
copy process ignored ACDB_BLOCKREPRESENTATION_DATA(#39C7A) - this may cause problems in AutoCAD
copy process ignored ACDB_BLOCKREPRESENTATION_DATA(#39C85) - this may cause problems in AutoCAD
copy process ignored ACDB_BLOCKREPRESENTATION_DATA(#39C90) - this may cause problems in AutoCAD
copy process ignored ACDB_BLOCKREPRESENTATION_DATA(#39C9B) - this may cause problems in AutoCAD
copy process ignored ACDB_BLOCKREPRESENTATION_DATA(#39CA6) - this may cause problems in AutoCAD
copy process ignored ACDB_BLOCKREPRESENTATION_DATA(#39CB1) - this may cause problems in AutoCAD
copy process ignored ACDB_BLOCKREPRESENTATION_DATA(#39CBC) - this may cause problems in AutoCAD
copy process ignored ACDB_BLOCKREPRESENTATION_DATA(#39CC7) - this may cause problems in AutoCAD
copy process ignored ACDB_BLOCKREPRESENTATION_DATA(#39CD2) - this may cause problems in AutoCAD
copy process ignored ACDB_BLOCKREPRESENTATION_DATA(#39CDD) - this may cause problems in AutoCAD
copy process ignored ACDB_BLOCKREPRESENTATION_DATA(#39CE8) - this may cause problems in AutoCAD
copy process ignored ACDB_BLOCKREPRESENTATION_DATA(#39CF3) - this may cause problems in AutoCAD
copy process ignored ACDB_BLOCKREPRESENTATION_DATA(#39CFE) - this may cause problems in AutoCAD
copy process ignored ACDB_BLOCKREPRESENTATION_DATA(#39D09) - this may cause problems in AutoCAD
copy process ignored ACDB_BLOCKREPRESENTATION_DATA(#39D14) - this may cause problems in AutoCAD
copy process ignored ACDB_BLOCKREPRESENTATION_DATA(#39D1F) - this may cause problems in AutoCAD
copy process ignored ACDB_BLOCKREPRESENTATION_DATA(#39D2A) - this may cause problems in AutoCAD
copy process ignored ACDB_BLOCKREPRESENTATION_DATA(#39D35) - this may cause problems in AutoCAD
copy process ignored ACDB_BLOCKREPRESENTATION_DATA(#39D40) - this may cause problems in AutoCAD
copy process ignored ACDB_BLOCKREPRESENTATION_DATA(#39D4B) - this may cause problems in AutoCAD
copy process ignored ACDB_BLOCKREPRESENTATION_DATA(#39D56) - this may cause problems in AutoCAD
copy process ignored ACDB_BLOCKREPRESENTATION_DATA(#39D61) - this may cause problems in AutoCAD
copy process ignored ACDB_BLOCKREPRESENTATION_DATA(#39D6C) - this may cause problems in AutoCAD
copy process ignored ACDB_BLOCKREPRESENTATION_DATA(#39D77) - this may cause problems in AutoCAD
copy process ignored ACDB_BLOCKREPRESENTATION_DATA(#39D82) - this may cause problems in AutoCAD
copy process ignored ACDB_BLOCKREPRESENTATION_DATA(#39D8D) - this may cause problems in AutoCAD
copy process ignored ACDB_BLOCKREPRESENTATION_DATA(#39D98) - this may cause problems in AutoCAD
copy process ignored ACDB_BLOCKREPRESENTATION_DATA(#39DA3) - this may cause problems in AutoCAD
copy process ignored ACDB_BLOCKREPRESENTATION_DATA(#39DAE) - this may cause problems in AutoCAD
copy process ignored ACDB_BLOCKREPRESENTATION_DATA(#39DB9) - this may cause problems in AutoCAD
copy process ignored ACDB_BLOCKREPRESENTATION_DATA(#39DC4) - this may cause problems in AutoCAD
copy process ignored ACDB_BLOCKREPRESENTATION_DATA(#39DCF) - this may cause problems in AutoCAD
copy process ignored ACDB_BLOCKREPRESENTATION_DATA(#39DDA) - this may cause problems in AutoCAD
copy process ignored ACDB_BLOCKREPRESENTATION_DATA(#39DE5) - this may cause problems in AutoCAD
copy process ignored ACDB_BLOCKREPRESENTATION_DATA(#39DF0) - this may cause problems in AutoCAD
copy process ignored ACDB_BLOCKREPRESENTATION_DATA(#39DFB) - this may cause problems in AutoCAD
copy process ignored ACDB_BLOCKREPRESENTATION_DATA(#39E06) - this may cause problems in AutoCAD
copy process ignored ACDB_BLOCKREPRESENTATION_DATA(#39E11) - this may cause problems in AutoCAD
copy process ignored ACDB_BLOCKREPRESENTATION_DATA(#39E1C) - this may cause problems in AutoCAD
copy process ignored ACDB_BLOCKREPRESENTATION_DATA(#39E27) - this may cause problems in AutoCAD
copy process ignored ACDB_BLOCKREPRESENTATION_DATA(#39E3A) - this may cause problems in AutoCAD
copy process ignored ACDB_BLOCKREPRESENTATION_DATA(#39E45) - this may cause problems in AutoCAD
copy process ignored ACDB_BLOCKREPRESENTATION_DATA(#39E50) - this may cause problems in AutoCAD
copy process ignored ACDB_BLOCKREPRESENTATION_DATA(#39E5B) - this may cause problems in AutoCAD
copy process ignored ACDB_BLOCKREPRESENTATION_DATA(#39E68) - this may cause problems in AutoCAD
copy process ignored ACDB_BLOCKREPRESENTATION_DATA(#39E73) - this may cause problems in AutoCAD
copy process ignored ACDB_BLOCKREPRESENTATION_DATA(#39E7E) - this may cause problems in AutoCAD
copy process ignored ACDB_BLOCKREPRESENTATION_DATA(#39E89) - this may cause problems in AutoCAD
copy process ignored ACDB_BLOCKREPRESENTATION_DATA(#39E94) - this may cause problems in AutoCAD
copy process ignored ACDB_BLOCKREPRESENTATION_DATA(#39EA3) - this may cause problems in AutoCAD
copy process ignored ACDB_BLOCKREPRESENTATION_DATA(#39EB2) - this may cause problems in AutoCAD
copy process ignored ACDB_BLOCKREPRESENTATION_DATA(#39EC1) - this may cause problems in AutoCAD
copy process ignored ACDB_BLOCKREPRESENTATION_DATA(#39ED0) - this may cause problems in AutoCAD
copy process ignored ACDB_BLOCKREPRESENTATION_DATA(#39EE2) - this may cause problems in AutoCAD
copy process ignored ACDB_BLOCKREPRESENTATION_DATA(#39EEA) - this may cause problems in AutoCAD
copy process ignored ACDB_BLOCKREPRESENTATION_DATA(#39EFC) - this may cause problems in AutoCAD
copy process ignored ACDB_BLOCKREPRESENTATION_DATA(#39F0E) - this may cause problems in AutoCAD
copy process ignored ACDB_BLOCKREPRESENTATION_DATA(#39F20) - this may cause problems in AutoCAD
copy process ignored ACDB_BLOCKREPRESENTATION_DATA(#39F28) - this may cause problems in AutoCAD
copy process ignored ACDB_BLOCKREPRESENTATION_DATA(#39F3A) - this may cause problems in AutoCAD
copy process ignored ACDB_BLOCKREPRESENTATION_DATA(#39F42) - this may cause problems in AutoCAD
copy process ignored ACDB_BLOCKREPRESENTATION_DATA(#39F54) - this may cause problems in AutoCAD
copy process ignored ACDB_BLOCKREPRESENTATION_DATA(#39F66) - this may cause problems in AutoCAD
copy process ignored ACDB_BLOCKREPRESENTATION_DATA(#39F6E) - this may cause problems in AutoCAD
copy process ignored ACDB_BLOCKREPRESENTATION_DATA(#39F76) - this may cause problems in AutoCAD
copy process ignored ACDB_BLOCKREPRESENTATION_DATA(#39F88) - this may cause problems in AutoCAD
copy process ignored ACDB_BLOCKREPRESENTATION_DATA(#39F9A) - this may cause problems in AutoCAD
copy process ignored ACDB_BLOCKREPRESENTATION_DATA(#39FA2) - this may cause problems in AutoCAD
copy process ignored ACDB_BLOCKREPRESENTATION_DATA(#39FB4) - this may cause problems in AutoCAD
copy process ignored ACDB_BLOCKREPRESENTATION_DATA(#39FBC) - this may cause problems in AutoCAD
copy process ignored ACDB_BLOCKREPRESENTATION_DATA(#39FCE) - this may cause problems in AutoCAD
copy process ignored ACDB_BLOCKREPRESENTATION_DATA(#39FE0) - this may cause problems in AutoCAD
copy process ignored ACDB_BLOCKREPRESENTATION_DATA(#39FF2) - this may cause problems in AutoCAD
copy process ignored ACDB_BLOCKREPRESENTATION_DATA(#3A004) - this may cause problems in AutoCAD
copy process ignored ACDB_BLOCKREPRESENTATION_DATA(#3A016) - this may cause problems in AutoCAD
copy process ignored ACDB_BLOCKREPRESENTATION_DATA(#3A028) - this may cause problems in AutoCAD
copy process ignored ACDB_BLOCKREPRESENTATION_DATA(#3A03A) - this may cause problems in AutoCAD
copy process ignored ACDB_BLOCKREPRESENTATION_DATA(#3A042) - this may cause problems in AutoCAD
copy process ignored ACDB_BLOCKREPRESENTATION_DATA(#3A054) - this may cause problems in AutoCAD
copy process ignored ACDB_BLOCKREPRESENTATION_DATA(#3A066) - this may cause problems in AutoCAD
copy process ignored ACDB_BLOCKREPRESENTATION_DATA(#3A06E) - this may cause problems in AutoCAD
copy process ignored ACDB_BLOCKREPRESENTATION_DATA(#3A080) - this may cause problems in AutoCAD
copy process ignored ACDB_BLOCKREPRESENTATION_DATA(#3A088) - this may cause problems in AutoCAD
copy process ignored ACDB_BLOCKREPRESENTATION_DATA(#3A090) - this may cause problems in AutoCAD
copy process ignored ACDB_BLOCKREPRESENTATION_DATA(#3A098) - this may cause problems in AutoCAD
copy process ignored ACDB_BLOCKREPRESENTATION_DATA(#3A0AA) - this may cause problems in AutoCAD
copy process ignored ACDB_BLOCKREPRESENTATION_DATA(#3A0BC) - this may cause problems in AutoCAD
copy process ignored ACDB_BLOCKREPRESENTATION_DATA(#3A0C7) - this may cause problems in AutoCAD
copy process ignored ACDB_BLOCKREPRESENTATION_DATA(#3A0D9) - this may cause problems in AutoCAD
copy process ignored ACDB_BLOCKREPRESENTATION_DATA(#3A0EB) - this may cause problems in AutoCAD
copy process ignored ACDB_BLOCKREPRESENTATION_DATA(#3A0FD) - this may cause problems in AutoCAD
copy process ignored ACDB_BLOCKREPRESENTATION_DATA(#3A10F) - this may cause problems in AutoCAD
copy process ignored ACDB_BLOCKREPRESENTATION_DATA(#3A117) - this may cause problems in AutoCAD
copy process ignored ACDB_BLOCKREPRESENTATION_DATA(#3A129) - this may cause problems in AutoCAD
copy process ignored ACDB_BLOCKREPRESENTATION_DATA(#3A13B) - this may cause problems in AutoCAD
copy process ignored ACDB_BLOCKREPRESENTATION_DATA(#3A14D) - this may cause problems in AutoCAD
copy process ignored ACDB_BLOCKREPRESENTATION_DATA(#3A15F) - this may cause problems in AutoCAD
copy process ignored ACDB_BLOCKREPRESENTATION_DATA(#3A171) - this may cause problems in AutoCAD
copy process ignored ACDB_BLOCKREPRESENTATION_DATA(#3A183) - this may cause problems in AutoCAD
copy process ignored ACDB_BLOCKREPRESENTATION_DATA(#3A195) - this may cause problems in AutoCAD
copy process ignored ACDB_BLOCKREPRESENTATION_DATA(#3A1A7) - this may cause problems in AutoCAD
copy process ignored ACDB_BLOCKREPRESENTATION_DATA(#3A1B9) - this may cause problems in AutoCAD
copy process ignored ACDB_BLOCKREPRESENTATION_DATA(#3A1CB) - this may cause problems in AutoCAD
copy process ignored ACDB_BLOCKREPRESENTATION_DATA(#3A1DD) - this may cause problems in AutoCAD
copy process ignored ACDB_BLOCKREPRESENTATION_DATA(#3A1EF) - this may cause problems in AutoCAD
copy process ignored ACDB_BLOCKREPRESENTATION_DATA(#3A289) - this may cause problems in AutoCAD
copy process ignored ACDB_BLOCKREPRESENTATION_DATA(#3A341) - this may cause problems in AutoCAD
copy process ignored ACDB_BLOCKREPRESENTATION_DATA(#3A378) - this may cause problems in AutoCAD
copy process ignored ACDB_BLOCKREPRESENTATION_DATA(#3A389) - this may cause problems in AutoCAD
copy process ignored ACDB_BLOCKREPRESENTATION_DATA(#3A3A4) - this may cause problems in AutoCAD
copy process ignored ACDB_BLOCKREPRESENTATION_DATA(#3A3C7) - this may cause problems in AutoCAD
copy process ignored ACDB_BLOCKREPRESENTATION_DATA(#3A481) - this may cause problems in AutoCAD
copy process ignored ACDB_BLOCKREPRESENTATION_DATA(#5C3B7) - this may cause problems in AutoCAD
copy process ignored ACDB_BLOCKREPRESENTATION_DATA(#41E8C) - this may cause problems in AutoCAD
copy process ignored ACDB_BLOCKREPRESENTATION_DATA(#41E9D) - this may cause problems in AutoCAD
copy process ignored ACDB_BLOCKREPRESENTATION_DATA(#41EDA) - this may cause problems in AutoCAD
copy process ignored ACDB_BLOCKREPRESENTATION_DATA(#41EFA) - this may cause problems in AutoCAD
copy process ignored ACDB_BLOCKREPRESENTATION_DATA(#41F04) - this may cause problems in AutoCAD
copy process ignored ACDB_BLOCKREPRESENTATION_DATA(#5C3C7) - this may cause problems in AutoCAD
copy process ignored ACDB_BLOCKREPRESENTATION_DATA(#41F45) - this may cause problems in AutoCAD
copy process ignored ACDB_BLOCKREPRESENTATION_DATA(#41F56) - this may cause problems in AutoCAD
copy process ignored ACDB_BLOCKREPRESENTATION_DATA(#41F93) - this may cause problems in AutoCAD
copy process ignored ACDB_BLOCKREPRESENTATION_DATA(#41FB3) - this may cause problems in AutoCAD
copy process ignored ACDB_BLOCKREPRESENTATION_DATA(#41FBD) - this may cause problems in AutoCAD
copy process ignored ACDB_BLOCKREPRESENTATION_DATA(#5C3D7) - this may cause problems in AutoCAD
copy process ignored ACDB_BLOCKREPRESENTATION_DATA(#41FFE) - this may cause problems in AutoCAD
copy process ignored ACDB_BLOCKREPRESENTATION_DATA(#4200F) - this may cause problems in AutoCAD
copy process ignored ACDB_BLOCKREPRESENTATION_DATA(#4204C) - this may cause problems in AutoCAD
copy process ignored ACDB_BLOCKREPRESENTATION_DATA(#4206C) - this may cause problems in AutoCAD
copy process ignored ACDB_BLOCKREPRESENTATION_DATA(#42076) - this may cause problems in AutoCAD
copy process ignored ACDB_BLOCKREPRESENTATION_DATA(#5C3E7) - this may cause problems in AutoCAD
copy process ignored ACDB_BLOCKREPRESENTATION_DATA(#420B7) - this may cause problems in AutoCAD
copy process ignored ACDB_BLOCKREPRESENTATION_DATA(#420C8) - this may cause problems in AutoCAD
copy process ignored ACDB_BLOCKREPRESENTATION_DATA(#42105) - this may cause problems in AutoCAD
copy process ignored ACDB_BLOCKREPRESENTATION_DATA(#42125) - this may cause problems in AutoCAD
copy process ignored ACDB_BLOCKREPRESENTATION_DATA(#4212F) - this may cause problems in AutoCAD
copy process ignored ACDB_BLOCKREPRESENTATION_DATA(#5C3F7) - this may cause problems in AutoCAD
copy process ignored ACDB_BLOCKREPRESENTATION_DATA(#42170) - this may cause problems in AutoCAD
copy process ignored ACDB_BLOCKREPRESENTATION_DATA(#42181) - this may cause problems in AutoCAD
copy process ignored ACDB_BLOCKREPRESENTATION_DATA(#421BE) - this may cause problems in AutoCAD
copy process ignored ACDB_BLOCKREPRESENTATION_DATA(#421DE) - this may cause problems in AutoCAD
copy process ignored ACDB_BLOCKREPRESENTATION_DATA(#421E8) - this may cause problems in AutoCAD
copy process ignored ACDB_BLOCKREPRESENTATION_DATA(#5C407) - this may cause problems in AutoCAD
copy process ignored ACDB_BLOCKREPRESENTATION_DATA(#42229) - this may cause problems in AutoCAD
copy process ignored ACDB_BLOCKREPRESENTATION_DATA(#4223A) - this may cause problems in AutoCAD
copy process ignored ACDB_BLOCKREPRESENTATION_DATA(#42277) - this may cause problems in AutoCAD
copy process ignored ACDB_BLOCKREPRESENTATION_DATA(#42297) - this may cause problems in AutoCAD
copy process ignored ACDB_BLOCKREPRESENTATION_DATA(#422A1) - this may cause problems in AutoCAD
copy process ignored ACDB_BLOCKREPRESENTATION_DATA(#5C417) - this may cause problems in AutoCAD
copy process ignored ACDB_BLOCKREPRESENTATION_DATA(#422E2) - this may cause problems in AutoCAD
copy process ignored ACDB_BLOCKREPRESENTATION_DATA(#422F3) - this may cause problems in AutoCAD
copy process ignored ACDB_BLOCKREPRESENTATION_DATA(#42330) - this may cause problems in AutoCAD
copy process ignored ACDB_BLOCKREPRESENTATION_DATA(#42350) - this may cause problems in AutoCAD
copy process ignored ACDB_BLOCKREPRESENTATION_DATA(#4235A) - this may cause problems in AutoCAD
copy process ignored ACDB_BLOCKREPRESENTATION_DATA(#5C340) - this may cause problems in AutoCAD
copy process ignored ACDB_BLOCKREPRESENTATION_DATA(#42F78) - this may cause problems in AutoCAD
copy process ignored ACDB_BLOCKREPRESENTATION_DATA(#42F89) - this may cause problems in AutoCAD
copy process ignored ACDB_BLOCKREPRESENTATION_DATA(#42FC6) - this may cause problems in AutoCAD
copy process ignored ACDB_BLOCKREPRESENTATION_DATA(#42FE6) - this may cause problems in AutoCAD
copy process ignored ACDB_BLOCKREPRESENTATION_DATA(#42FF0) - this may cause problems in AutoCAD
copy process ignored ACDB_BLOCKREPRESENTATION_DATA(#5C350) - this may cause problems in AutoCAD
copy process ignored ACDB_BLOCKREPRESENTATION_DATA(#423AB) - this may cause problems in AutoCAD
copy process ignored ACDB_BLOCKREPRESENTATION_DATA(#423BC) - this may cause problems in AutoCAD
copy process ignored ACDB_BLOCKREPRESENTATION_DATA(#423F9) - this may cause problems in AutoCAD
copy process ignored ACDB_BLOCKREPRESENTATION_DATA(#42419) - this may cause problems in AutoCAD
copy process ignored ACDB_BLOCKREPRESENTATION_DATA(#42423) - this may cause problems in AutoCAD
copy process ignored ACDB_BLOCKREPRESENTATION_DATA(#5C360) - this may cause problems in AutoCAD
copy process ignored ACDB_BLOCKREPRESENTATION_DATA(#42458) - this may cause problems in AutoCAD
copy process ignored ACDB_BLOCKREPRESENTATION_DATA(#4246E) - this may cause problems in AutoCAD
copy process ignored ACDB_BLOCKREPRESENTATION_DATA(#42487) - this may cause problems in AutoCAD
copy process ignored ACDB_BLOCKREPRESENTATION_DATA(#42496) - this may cause problems in AutoCAD
copy process ignored ACDB_BLOCKREPRESENTATION_DATA(#424B1) - this may cause problems in AutoCAD
copy process ignored ACDB_BLOCKREPRESENTATION_DATA(#424B8) - this may cause problems in AutoCAD
copy process ignored ACDB_BLOCKREPRESENTATION_DATA(#424D8) - this may cause problems in AutoCAD
copy process ignored ACDB_BLOCKREPRESENTATION_DATA(#424F0) - this may cause problems in AutoCAD
copy process ignored ACDB_BLOCKREPRESENTATION_DATA(#42509) - this may cause problems in AutoCAD
copy process ignored ACDB_BLOCKREPRESENTATION_DATA(#42524) - this may cause problems in AutoCAD
copy process ignored ACDB_BLOCKREPRESENTATION_DATA(#42541) - this may cause problems in AutoCAD
copy process ignored ACDB_BLOCKREPRESENTATION_DATA(#4254B) - this may cause problems in AutoCAD
copy process ignored ACDB_BLOCKREPRESENTATION_DATA(#5C36C) - this may cause problems in AutoCAD
copy process ignored ACDB_BLOCKREPRESENTATION_DATA(#4258C) - this may cause problems in AutoCAD
copy process ignored ACDB_BLOCKREPRESENTATION_DATA(#425A2) - this may cause problems in AutoCAD
copy process ignored ACDB_BLOCKREPRESENTATION_DATA(#425BB) - this may cause problems in AutoCAD
copy process ignored ACDB_BLOCKREPRESENTATION_DATA(#425CA) - this may cause problems in AutoCAD
copy process ignored ACDB_BLOCKREPRESENTATION_DATA(#425E5) - this may cause problems in AutoCAD
copy process ignored ACDB_BLOCKREPRESENTATION_DATA(#425EC) - this may cause problems in AutoCAD
copy process ignored ACDB_BLOCKREPRESENTATION_DATA(#4260C) - this may cause problems in AutoCAD
copy process ignored ACDB_BLOCKREPRESENTATION_DATA(#42624) - this may cause problems in AutoCAD
copy process ignored ACDB_BLOCKREPRESENTATION_DATA(#4263D) - this may cause problems in AutoCAD
copy process ignored ACDB_BLOCKREPRESENTATION_DATA(#42658) - this may cause problems in AutoCAD
copy process ignored ACDB_BLOCKREPRESENTATION_DATA(#42675) - this may cause problems in AutoCAD
copy process ignored ACDB_BLOCKREPRESENTATION_DATA(#4267F) - this may cause problems in AutoCAD
copy process ignored ACDB_BLOCKREPRESENTATION_DATA(#5C378) - this may cause problems in AutoCAD
copy process ignored ACDB_BLOCKREPRESENTATION_DATA(#413A5) - this may cause problems in AutoCAD
copy process ignored ACDB_BLOCKREPRESENTATION_DATA(#413B6) - this may cause problems in AutoCAD
copy process ignored ACDB_BLOCKREPRESENTATION_DATA(#413F3) - this may cause problems in AutoCAD
copy process ignored ACDB_BLOCKREPRESENTATION_DATA(#41413) - this may cause problems in AutoCAD
copy process ignored ACDB_BLOCKREPRESENTATION_DATA(#4141D) - this may cause problems in AutoCAD
copy process ignored ACDB_BLOCKREPRESENTATION_DATA(#3AFFB) - this may cause problems in AutoCAD
copy process ignored ACDB_BLOCKREPRESENTATION_DATA(#3B05F) - this may cause problems in AutoCAD
copy process ignored ACDB_BLOCKREPRESENTATION_DATA(#3B143) - this may cause problems in AutoCAD
copy process ignored ACDB_BLOCKREPRESENTATION_DATA(#3B152) - this may cause problems in AutoCAD
copy process ignored ACDB_BLOCKREPRESENTATION_DATA(#3B173) - this may cause problems in AutoCAD
copy process ignored ACDB_BLOCKREPRESENTATION_DATA(#3B1B7) - this may cause problems in AutoCAD
copy process ignored ACDB_BLOCKREPRESENTATION_DATA(#5C38A) - this may cause problems in AutoCAD
copy process ignored ACDB_BLOCKREPRESENTATION_DATA(#426F4) - this may cause problems in AutoCAD
copy process ignored ACDB_BLOCKREPRESENTATION_DATA(#4270D) - this may cause problems in AutoCAD
copy process ignored ACDB_BLOCKREPRESENTATION_DATA(#42715) - this may cause problems in AutoCAD
copy process ignored ACDB_BLOCKREPRESENTATION_DATA(#4273C) - this may cause problems in AutoCAD
copy process ignored ACDB_BLOCKREPRESENTATION_DATA(#42759) - this may cause problems in AutoCAD
copy process ignored ACDB_BLOCKREPRESENTATION_DATA(#42776) - this may cause problems in AutoCAD
copy process ignored ACDB_BLOCKREPRESENTATION_DATA(#42780) - this may cause problems in AutoCAD
copy process ignored ACDB_BLOCKREPRESENTATION_DATA(#42798) - this may cause problems in AutoCAD
copy process ignored ACDB_BLOCKREPRESENTATION_DATA(#427A2) - this may cause problems in AutoCAD
copy process ignored ACDB_BLOCKREPRESENTATION_DATA(#427BB) - this may cause problems in AutoCAD
copy process ignored ACDB_BLOCKREPRESENTATION_DATA(#427D5) - this may cause problems in AutoCAD
copy process ignored ACDB_BLOCKREPRESENTATION_DATA(#5C396) - this may cause problems in AutoCAD
copy process ignored ACDB_BLOCKREPRESENTATION_DATA(#427F4) - this may cause problems in AutoCAD
copy process ignored ACDB_BLOCKREPRESENTATION_DATA(#42817) - this may cause problems in AutoCAD
copy process ignored ACDB_BLOCKREPRESENTATION_DATA(#42842) - this may cause problems in AutoCAD
copy process ignored ACDB_BLOCKREPRESENTATION_DATA(#42893) - this may cause problems in AutoCAD
copy process ignored ACDB_BLOCKREPRESENTATION_DATA(#428A9) - this may cause problems in AutoCAD
copy process ignored ACDB_BLOCKREPRESENTATION_DATA(#428B1) - this may cause problems in AutoCAD
copy process ignored ACDB_BLOCKREPRESENTATION_DATA(#428F8) - this may cause problems in AutoCAD
copy process ignored ACDB_BLOCKREPRESENTATION_DATA(#42911) - this may cause problems in AutoCAD
copy process ignored ACDB_BLOCKREPRESENTATION_DATA(#42965) - this may cause problems in AutoCAD
copy process ignored ACDB_BLOCKREPRESENTATION_DATA(#429E1) - this may cause problems in AutoCAD
copy process ignored ACDB_BLOCKREPRESENTATION_DATA(#5C3A0) - this may cause problems in AutoCAD
copy process ignored ACDB_BLOCKREPRESENTATION_DATA(#42A11) - this may cause problems in AutoCAD
copy process ignored ACDB_BLOCKREPRESENTATION_DATA(#42A1F) - this may cause problems in AutoCAD
copy process ignored ACDB_BLOCKREPRESENTATION_DATA(#42A29) - this may cause problems in AutoCAD
copy process ignored ACDB_BLOCKREPRESENTATION_DATA(#42A61) - this may cause problems in AutoCAD
copy process ignored ACDB_BLOCKREPRESENTATION_DATA(#42A69) - this may cause problems in AutoCAD
copy process ignored ACDB_BLOCKREPRESENTATION_DATA(#42A71) - this may cause problems in AutoCAD
copy process ignored ACDB_BLOCKREPRESENTATION_DATA(#42A9F) - this may cause problems in AutoCAD
copy process ignored ACDB_BLOCKREPRESENTATION_DATA(#42AAD) - this may cause problems in AutoCAD
copy process ignored ACDB_BLOCKREPRESENTATION_DATA(#42AE8) - this may cause problems in AutoCAD
copy process ignored ACDB_BLOCKREPRESENTATION_DATA(#42B51) - this may cause problems in AutoCAD
copy process ignored ACDB_BLOCKREPRESENTATION_DATA(#5C3AA) - this may cause problems in AutoCAD
copy process ignored ACDB_BLOCKREPRESENTATION_DATA(#42B92) - this may cause problems in AutoCAD
copy process ignored ACDB_BLOCKREPRESENTATION_DATA(#42BAB) - this may cause problems in AutoCAD
copy process ignored ACDB_BLOCKREPRESENTATION_DATA(#42BB3) - this may cause problems in AutoCAD
copy process ignored ACDB_BLOCKREPRESENTATION_DATA(#42BDA) - this may cause problems in AutoCAD
copy process ignored ACDB_BLOCKREPRESENTATION_DATA(#42BF7) - this may cause problems in AutoCAD
copy process ignored ACDB_BLOCKREPRESENTATION_DATA(#42C14) - this may cause problems in AutoCAD
copy process ignored ACDB_BLOCKREPRESENTATION_DATA(#42C1E) - this may cause problems in AutoCAD
copy process ignored ACDB_BLOCKREPRESENTATION_DATA(#42C36) - this may cause problems in AutoCAD
copy process ignored ACDB_BLOCKREPRESENTATION_DATA(#42C40) - this may cause problems in AutoCAD
copy process ignored ACDB_BLOCKREPRESENTATION_DATA(#42C59) - this may cause problems in AutoCAD
copy process ignored ACDB_BLOCKREPRESENTATION_DATA(#42C73) - this may cause problems in AutoCAD
copy process ignored ACDB_BLOCKREPRESENTATION_DATA(#5C249) - this may cause problems in AutoCAD
copy process ignored ACDB_BLOCKREPRESENTATION_DATA(#3BCBD) - this may cause problems in AutoCAD
copy process ignored ACDB_BLOCKREPRESENTATION_DATA(#3BCC4) - this may cause problems in AutoCAD
copy process ignored ACDB_BLOCKREPRESENTATION_DATA(#3BCDB) - this may cause problems in AutoCAD
copy process ignored ACDB_BLOCKREPRESENTATION_DATA(#3BD0D) - this may cause problems in AutoCAD
copy process ignored ACDB_BLOCKREPRESENTATION_DATA(#3BD2F) - this may cause problems in AutoCAD
copy process ignored ACDB_BLOCKREPRESENTATION_DATA(#3BD76) - this may cause problems in AutoCAD
copy process ignored ACDB_BLOCKREPRESENTATION_DATA(#3BDA7) - this may cause problems in AutoCAD
copy process ignored ACDB_BLOCKREPRESENTATION_DATA(#3BDC4) - this may cause problems in AutoCAD
copy process ignored ACDB_BLOCKREPRESENTATION_DATA(#3BDD7) - this may cause problems in AutoCAD
copy process ignored ACDB_BLOCKREPRESENTATION_DATA(#3BE18) - this may cause problems in AutoCAD
copy process ignored ACDB_BLOCKREPRESENTATION_DATA(#3BE2C) - this may cause problems in AutoCAD
copy process ignored ACDB_BLOCKREPRESENTATION_DATA(#5C253) - this may cause problems in AutoCAD
copy process ignored ACDB_BLOCKREPRESENTATION_DATA(#3BE9C) - this may cause problems in AutoCAD
copy process ignored ACDB_BLOCKREPRESENTATION_DATA(#3BEA3) - this may cause problems in AutoCAD
copy process ignored ACDB_BLOCKREPRESENTATION_DATA(#3BEBA) - this may cause problems in AutoCAD
copy process ignored ACDB_BLOCKREPRESENTATION_DATA(#3BED3) - this may cause problems in AutoCAD
copy process ignored ACDB_BLOCKREPRESENTATION_DATA(#3BEE2) - this may cause problems in AutoCAD
copy process ignored ACDB_BLOCKREPRESENTATION_DATA(#3BF10) - this may cause problems in AutoCAD
copy process ignored ACDB_BLOCKREPRESENTATION_DATA(#3BF28) - this may cause problems in AutoCAD
copy process ignored ACDB_BLOCKREPRESENTATION_DATA(#3BF45) - this may cause problems in AutoCAD
copy process ignored ACDB_BLOCKREPRESENTATION_DATA(#3BF58) - this may cause problems in AutoCAD
copy process ignored ACDB_BLOCKREPRESENTATION_DATA(#3BF80) - this may cause problems in AutoCAD
copy process ignored ACDB_BLOCKREPRESENTATION_DATA(#3BF94) - this may cause problems in AutoCAD
copy process ignored ACDB_BLOCKREPRESENTATION_DATA(#5C25D) - this may cause problems in AutoCAD
copy process ignored ACDB_BLOCKREPRESENTATION_DATA(#42CAC) - this may cause problems in AutoCAD
copy process ignored ACDB_BLOCKREPRESENTATION_DATA(#42CD0) - this may cause problems in AutoCAD
copy process ignored ACDB_BLOCKREPRESENTATION_DATA(#42CF2) - this may cause problems in AutoCAD
copy process ignored ACDB_BLOCKREPRESENTATION_DATA(#42D2E) - this may cause problems in AutoCAD
copy process ignored ACDB_BLOCKREPRESENTATION_DATA(#42D67) - this may cause problems in AutoCAD
copy process ignored ACDB_BLOCKREPRESENTATION_DATA(#42D71) - this may cause problems in AutoCAD
copy process ignored ACDB_BLOCKREPRESENTATION_DATA(#5C265) - this may cause problems in AutoCAD
copy process ignored ACDB_BLOCKREPRESENTATION_DATA(#42DB1) - this may cause problems in AutoCAD
copy process ignored ACDB_BLOCKREPRESENTATION_DATA(#42DCA) - this may cause problems in AutoCAD
copy process ignored ACDB_BLOCKREPRESENTATION_DATA(#42DD2) - this may cause problems in AutoCAD
copy process ignored ACDB_BLOCKREPRESENTATION_DATA(#42DF9) - this may cause problems in AutoCAD
copy process ignored ACDB_BLOCKREPRESENTATION_DATA(#42E16) - this may cause problems in AutoCAD
copy process ignored ACDB_BLOCKREPRESENTATION_DATA(#42E33) - this may cause problems in AutoCAD
copy process ignored ACDB_BLOCKREPRESENTATION_DATA(#42E3D) - this may cause problems in AutoCAD
copy process ignored ACDB_BLOCKREPRESENTATION_DATA(#42E55) - this may cause problems in AutoCAD
copy process ignored ACDB_BLOCKREPRESENTATION_DATA(#42E5F) - this may cause problems in AutoCAD
copy process ignored ACDB_BLOCKREPRESENTATION_DATA(#42E78) - this may cause problems in AutoCAD
copy process ignored ACDB_BLOCKREPRESENTATION_DATA(#42E92) - this may cause problems in AutoCAD
copy process ignored ACDB_BLOCKREPRESENTATION_DATA(#5C271) - this may cause problems in AutoCAD
copy process ignored ACDB_BLOCKREPRESENTATION_DATA(#42EBF) - this may cause problems in AutoCAD
copy process ignored ACDB_BLOCKREPRESENTATION_DATA(#42ED0) - this may cause problems in AutoCAD
copy process ignored ACDB_BLOCKREPRESENTATION_DATA(#42F0D) - this may cause problems in AutoCAD
copy process ignored ACDB_BLOCKREPRESENTATION_DATA(#42F2D) - this may cause problems in AutoCAD
copy process ignored ACDB_BLOCKREPRESENTATION_DATA(#42F37) - this may cause problems in AutoCAD
copy process ignored ACDB_BLOCKREPRESENTATION_DATA(#5C281) - this may cause problems in AutoCAD
copy process ignored ACDB_BLOCKREPRESENTATION_DATA(#42F78) - this may cause problems in AutoCAD
copy process ignored ACDB_BLOCKREPRESENTATION_DATA(#42F89) - this may cause problems in AutoCAD
copy process ignored ACDB_BLOCKREPRESENTATION_DATA(#42FC6) - this may cause problems in AutoCAD
copy process ignored ACDB_BLOCKREPRESENTATION_DATA(#42FE6) - this may cause problems in AutoCAD
copy process ignored ACDB_BLOCKREPRESENTATION_DATA(#42FF0) - this may cause problems in AutoCAD
copy process ignored ACDB_BLOCKREPRESENTATION_DATA(#5C291) - this may cause problems in AutoCAD
copy process ignored ACDB_BLOCKREPRESENTATION_DATA(#39B01) - this may cause problems in AutoCAD
copy process ignored ACDB_BLOCKREPRESENTATION_DATA(#39B27) - this may cause problems in AutoCAD
copy process ignored ACDB_BLOCKREPRESENTATION_DATA(#39B54) - this may cause problems in AutoCAD
copy process ignored ACDB_BLOCKREPRESENTATION_DATA(#39B71) - this may cause problems in AutoCAD
copy process ignored ACDB_BLOCKREPRESENTATION_DATA(#39B79) - this may cause problems in AutoCAD
copy process ignored ACDB_BLOCKREPRESENTATION_DATA(#39B81) - this may cause problems in AutoCAD
copy process ignored ACDB_BLOCKREPRESENTATION_DATA(#39B89) - this may cause problems in AutoCAD
copy process ignored ACDB_BLOCKREPRESENTATION_DATA(#39B91) - this may cause problems in AutoCAD
copy process ignored ACDB_BLOCKREPRESENTATION_DATA(#39B99) - this may cause problems in AutoCAD
copy process ignored ACDB_BLOCKREPRESENTATION_DATA(#39BA1) - this may cause problems in AutoCAD
copy process ignored ACDB_BLOCKREPRESENTATION_DATA(#39BB0) - this may cause problems in AutoCAD
copy process ignored ACDB_BLOCKREPRESENTATION_DATA(#39BB8) - this may cause problems in AutoCAD
copy process ignored ACDB_BLOCKREPRESENTATION_DATA(#39BC0) - this may cause problems in AutoCAD
copy process ignored ACDB_BLOCKREPRESENTATION_DATA(#39BC8) - this may cause problems in AutoCAD
copy process ignored ACDB_BLOCKREPRESENTATION_DATA(#39BD0) - this may cause problems in AutoCAD
copy process ignored ACDB_BLOCKREPRESENTATION_DATA(#39BD8) - this may cause problems in AutoCAD
copy process ignored ACDB_BLOCKREPRESENTATION_DATA(#39BE0) - this may cause problems in AutoCAD
copy process ignored ACDB_BLOCKREPRESENTATION_DATA(#39BE8) - this may cause problems in AutoCAD
copy process ignored ACDB_BLOCKREPRESENTATION_DATA(#39BF7) - this may cause problems in AutoCAD
copy process ignored ACDB_BLOCKREPRESENTATION_DATA(#39C06) - this may cause problems in AutoCAD
copy process ignored ACDB_BLOCKREPRESENTATION_DATA(#39C15) - this may cause problems in AutoCAD
copy process ignored ACDB_BLOCKREPRESENTATION_DATA(#39C24) - this may cause problems in AutoCAD
copy process ignored ACDB_BLOCKREPRESENTATION_DATA(#39C33) - this may cause problems in AutoCAD
copy process ignored ACDB_BLOCKREPRESENTATION_DATA(#39C3B) - this may cause problems in AutoCAD
copy process ignored ACDB_BLOCKREPRESENTATION_DATA(#39C43) - this may cause problems in AutoCAD
copy process ignored ACDB_BLOCKREPRESENTATION_DATA(#39C4E) - this may cause problems in AutoCAD
copy process ignored ACDB_BLOCKREPRESENTATION_DATA(#39C59) - this may cause problems in AutoCAD
copy process ignored ACDB_BLOCKREPRESENTATION_DATA(#39C64) - this may cause problems in AutoCAD
copy process ignored ACDB_BLOCKREPRESENTATION_DATA(#39C6F) - this may cause problems in AutoCAD
copy process ignored ACDB_BLOCKREPRESENTATION_DATA(#39C7A) - this may cause problems in AutoCAD
copy process ignored ACDB_BLOCKREPRESENTATION_DATA(#39C85) - this may cause problems in AutoCAD
copy process ignored ACDB_BLOCKREPRESENTATION_DATA(#39C90) - this may cause problems in AutoCAD
copy process ignored ACDB_BLOCKREPRESENTATION_DATA(#39C9B) - this may cause problems in AutoCAD
copy process ignored ACDB_BLOCKREPRESENTATION_DATA(#39CA6) - this may cause problems in AutoCAD
copy process ignored ACDB_BLOCKREPRESENTATION_DATA(#39CB1) - this may cause problems in AutoCAD
copy process ignored ACDB_BLOCKREPRESENTATION_DATA(#39CBC) - this may cause problems in AutoCAD
copy process ignored ACDB_BLOCKREPRESENTATION_DATA(#39CC7) - this may cause problems in AutoCAD
copy process ignored ACDB_BLOCKREPRESENTATION_DATA(#39CD2) - this may cause problems in AutoCAD
copy process ignored ACDB_BLOCKREPRESENTATION_DATA(#39CDD) - this may cause problems in AutoCAD
copy process ignored ACDB_BLOCKREPRESENTATION_DATA(#39CE8) - this may cause problems in AutoCAD
copy process ignored ACDB_BLOCKREPRESENTATION_DATA(#39CF3) - this may cause problems in AutoCAD
copy process ignored ACDB_BLOCKREPRESENTATION_DATA(#39CFE) - this may cause problems in AutoCAD
copy process ignored ACDB_BLOCKREPRESENTATION_DATA(#39D09) - this may cause problems in AutoCAD
copy process ignored ACDB_BLOCKREPRESENTATION_DATA(#39D14) - this may cause problems in AutoCAD
copy process ignored ACDB_BLOCKREPRESENTATION_DATA(#39D1F) - this may cause problems in AutoCAD
copy process ignored ACDB_BLOCKREPRESENTATION_DATA(#39D2A) - this may cause problems in AutoCAD
copy process ignored ACDB_BLOCKREPRESENTATION_DATA(#39D35) - this may cause problems in AutoCAD
copy process ignored ACDB_BLOCKREPRESENTATION_DATA(#39D40) - this may cause problems in AutoCAD
copy process ignored ACDB_BLOCKREPRESENTATION_DATA(#39D4B) - this may cause problems in AutoCAD
copy process ignored ACDB_BLOCKREPRESENTATION_DATA(#39D56) - this may cause problems in AutoCAD
copy process ignored ACDB_BLOCKREPRESENTATION_DATA(#39D61) - this may cause problems in AutoCAD
copy process ignored ACDB_BLOCKREPRESENTATION_DATA(#39D6C) - this may cause problems in AutoCAD
copy process ignored ACDB_BLOCKREPRESENTATION_DATA(#39D77) - this may cause problems in AutoCAD
copy process ignored ACDB_BLOCKREPRESENTATION_DATA(#39D82) - this may cause problems in AutoCAD
copy process ignored ACDB_BLOCKREPRESENTATION_DATA(#39D8D) - this may cause problems in AutoCAD
copy process ignored ACDB_BLOCKREPRESENTATION_DATA(#39D98) - this may cause problems in AutoCAD
copy process ignored ACDB_BLOCKREPRESENTATION_DATA(#39DA3) - this may cause problems in AutoCAD
copy process ignored ACDB_BLOCKREPRESENTATION_DATA(#39DAE) - this may cause problems in AutoCAD
copy process ignored ACDB_BLOCKREPRESENTATION_DATA(#39DB9) - this may cause problems in AutoCAD
copy process ignored ACDB_BLOCKREPRESENTATION_DATA(#39DC4) - this may cause problems in AutoCAD
copy process ignored ACDB_BLOCKREPRESENTATION_DATA(#39DCF) - this may cause problems in AutoCAD
copy process ignored ACDB_BLOCKREPRESENTATION_DATA(#39DDA) - this may cause problems in AutoCAD
copy process ignored ACDB_BLOCKREPRESENTATION_DATA(#39DE5) - this may cause problems in AutoCAD
copy process ignored ACDB_BLOCKREPRESENTATION_DATA(#39DF0) - this may cause problems in AutoCAD
copy process ignored ACDB_BLOCKREPRESENTATION_DATA(#39DFB) - this may cause problems in AutoCAD
copy process ignored ACDB_BLOCKREPRESENTATION_DATA(#39E06) - this may cause problems in AutoCAD
copy process ignored ACDB_BLOCKREPRESENTATION_DATA(#39E11) - this may cause problems in AutoCAD
copy process ignored ACDB_BLOCKREPRESENTATION_DATA(#39E1C) - this may cause problems in AutoCAD
copy process ignored ACDB_BLOCKREPRESENTATION_DATA(#39E27) - this may cause problems in AutoCAD
copy process ignored ACDB_BLOCKREPRESENTATION_DATA(#39E3A) - this may cause problems in AutoCAD
copy process ignored ACDB_BLOCKREPRESENTATION_DATA(#39E45) - this may cause problems in AutoCAD
copy process ignored ACDB_BLOCKREPRESENTATION_DATA(#39E50) - this may cause problems in AutoCAD
copy process ignored ACDB_BLOCKREPRESENTATION_DATA(#39E5B) - this may cause problems in AutoCAD
copy process ignored ACDB_BLOCKREPRESENTATION_DATA(#39E68) - this may cause problems in AutoCAD
copy process ignored ACDB_BLOCKREPRESENTATION_DATA(#39E73) - this may cause problems in AutoCAD
copy process ignored ACDB_BLOCKREPRESENTATION_DATA(#39E7E) - this may cause problems in AutoCAD
copy process ignored ACDB_BLOCKREPRESENTATION_DATA(#39E89) - this may cause problems in AutoCAD
copy process ignored ACDB_BLOCKREPRESENTATION_DATA(#39E94) - this may cause problems in AutoCAD
copy process ignored ACDB_BLOCKREPRESENTATION_DATA(#39EA3) - this may cause problems in AutoCAD
copy process ignored ACDB_BLOCKREPRESENTATION_DATA(#39EB2) - this may cause problems in AutoCAD
copy process ignored ACDB_BLOCKREPRESENTATION_DATA(#39EC1) - this may cause problems in AutoCAD
copy process ignored ACDB_BLOCKREPRESENTATION_DATA(#39ED0) - this may cause problems in AutoCAD
copy process ignored ACDB_BLOCKREPRESENTATION_DATA(#39EE2) - this may cause problems in AutoCAD
copy process ignored ACDB_BLOCKREPRESENTATION_DATA(#39EEA) - this may cause problems in AutoCAD
copy process ignored ACDB_BLOCKREPRESENTATION_DATA(#39EFC) - this may cause problems in AutoCAD
copy process ignored ACDB_BLOCKREPRESENTATION_DATA(#39F0E) - this may cause problems in AutoCAD
copy process ignored ACDB_BLOCKREPRESENTATION_DATA(#39F20) - this may cause problems in AutoCAD
copy process ignored ACDB_BLOCKREPRESENTATION_DATA(#39F28) - this may cause problems in AutoCAD
copy process ignored ACDB_BLOCKREPRESENTATION_DATA(#39F3A) - this may cause problems in AutoCAD
copy process ignored ACDB_BLOCKREPRESENTATION_DATA(#39F42) - this may cause problems in AutoCAD
copy process ignored ACDB_BLOCKREPRESENTATION_DATA(#39F54) - this may cause problems in AutoCAD
copy process ignored ACDB_BLOCKREPRESENTATION_DATA(#39F66) - this may cause problems in AutoCAD
copy process ignored ACDB_BLOCKREPRESENTATION_DATA(#39F6E) - this may cause problems in AutoCAD
copy process ignored ACDB_BLOCKREPRESENTATION_DATA(#39F76) - this may cause problems in AutoCAD
copy process ignored ACDB_BLOCKREPRESENTATION_DATA(#39F88) - this may cause problems in AutoCAD
copy process ignored ACDB_BLOCKREPRESENTATION_DATA(#39F9A) - this may cause problems in AutoCAD
copy process ignored ACDB_BLOCKREPRESENTATION_DATA(#39FA2) - this may cause problems in AutoCAD
copy process ignored ACDB_BLOCKREPRESENTATION_DATA(#39FB4) - this may cause problems in AutoCAD
copy process ignored ACDB_BLOCKREPRESENTATION_DATA(#39FBC) - this may cause problems in AutoCAD
copy process ignored ACDB_BLOCKREPRESENTATION_DATA(#39FCE) - this may cause problems in AutoCAD
copy process ignored ACDB_BLOCKREPRESENTATION_DATA(#39FE0) - this may cause problems in AutoCAD
copy process ignored ACDB_BLOCKREPRESENTATION_DATA(#39FF2) - this may cause problems in AutoCAD
copy process ignored ACDB_BLOCKREPRESENTATION_DATA(#3A004) - this may cause problems in AutoCAD
copy process ignored ACDB_BLOCKREPRESENTATION_DATA(#3A016) - this may cause problems in AutoCAD
copy process ignored ACDB_BLOCKREPRESENTATION_DATA(#3A028) - this may cause problems in AutoCAD
copy process ignored ACDB_BLOCKREPRESENTATION_DATA(#3A03A) - this may cause problems in AutoCAD
copy process ignored ACDB_BLOCKREPRESENTATION_DATA(#3A042) - this may cause problems in AutoCAD
copy process ignored ACDB_BLOCKREPRESENTATION_DATA(#3A054) - this may cause problems in AutoCAD
copy process ignored ACDB_BLOCKREPRESENTATION_DATA(#3A066) - this may cause problems in AutoCAD
copy process ignored ACDB_BLOCKREPRESENTATION_DATA(#3A06E) - this may cause problems in AutoCAD
copy process ignored ACDB_BLOCKREPRESENTATION_DATA(#3A080) - this may cause problems in AutoCAD
copy process ignored ACDB_BLOCKREPRESENTATION_DATA(#3A088) - this may cause problems in AutoCAD
copy process ignored ACDB_BLOCKREPRESENTATION_DATA(#3A090) - this may cause problems in AutoCAD
copy process ignored ACDB_BLOCKREPRESENTATION_DATA(#3A098) - this may cause problems in AutoCAD
copy process ignored ACDB_BLOCKREPRESENTATION_DATA(#3A0AA) - this may cause problems in AutoCAD
copy process ignored ACDB_BLOCKREPRESENTATION_DATA(#3A0BC) - this may cause problems in AutoCAD
copy process ignored ACDB_BLOCKREPRESENTATION_DATA(#3A0C7) - this may cause problems in AutoCAD
copy process ignored ACDB_BLOCKREPRESENTATION_DATA(#3A0D9) - this may cause problems in AutoCAD
copy process ignored ACDB_BLOCKREPRESENTATION_DATA(#3A0EB) - this may cause problems in AutoCAD
copy process ignored ACDB_BLOCKREPRESENTATION_DATA(#3A0FD) - this may cause problems in AutoCAD
copy process ignored ACDB_BLOCKREPRESENTATION_DATA(#3A10F) - this may cause problems in AutoCAD
copy process ignored ACDB_BLOCKREPRESENTATION_DATA(#3A117) - this may cause problems in AutoCAD
copy process ignored ACDB_BLOCKREPRESENTATION_DATA(#3A129) - this may cause problems in AutoCAD
copy process ignored ACDB_BLOCKREPRESENTATION_DATA(#3A13B) - this may cause problems in AutoCAD
copy process ignored ACDB_BLOCKREPRESENTATION_DATA(#3A14D) - this may cause problems in AutoCAD
copy process ignored ACDB_BLOCKREPRESENTATION_DATA(#3A15F) - this may cause problems in AutoCAD
copy process ignored ACDB_BLOCKREPRESENTATION_DATA(#3A171) - this may cause problems in AutoCAD
copy process ignored ACDB_BLOCKREPRESENTATION_DATA(#3A183) - this may cause problems in AutoCAD
copy process ignored ACDB_BLOCKREPRESENTATION_DATA(#3A195) - this may cause problems in AutoCAD
copy process ignored ACDB_BLOCKREPRESENTATION_DATA(#3A1A7) - this may cause problems in AutoCAD
copy process ignored ACDB_BLOCKREPRESENTATION_DATA(#3A1B9) - this may cause problems in AutoCAD
copy process ignored ACDB_BLOCKREPRESENTATION_DATA(#3A1CB) - this may cause problems in AutoCAD
copy process ignored ACDB_BLOCKREPRESENTATION_DATA(#3A1DD) - this may cause problems in AutoCAD
copy process ignored ACDB_BLOCKREPRESENTATION_DATA(#3A1EF) - this may cause problems in AutoCAD
copy process ignored ACDB_BLOCKREPRESENTATION_DATA(#3A289) - this may cause problems in AutoCAD
copy process ignored ACDB_BLOCKREPRESENTATION_DATA(#3A341) - this may cause problems in AutoCAD
copy process ignored ACDB_BLOCKREPRESENTATION_DATA(#3A378) - this may cause problems in AutoCAD
copy process ignored ACDB_BLOCKREPRESENTATION_DATA(#3A389) - this may cause problems in AutoCAD
copy process ignored ACDB_BLOCKREPRESENTATION_DATA(#3A3A4) - this may cause problems in AutoCAD
copy process ignored ACDB_BLOCKREPRESENTATION_DATA(#3A3C7) - this may cause problems in AutoCAD
copy process ignored ACDB_BLOCKREPRESENTATION_DATA(#3A481) - this may cause problems in AutoCAD
copy process ignored ACDB_BLOCKREPRESENTATION_DATA(#3AFFB) - this may cause problems in AutoCAD
copy process ignored ACDB_BLOCKREPRESENTATION_DATA(#3B05F) - this may cause problems in AutoCAD
copy process ignored ACDB_BLOCKREPRESENTATION_DATA(#3B143) - this may cause problems in AutoCAD
copy process ignored ACDB_BLOCKREPRESENTATION_DATA(#3B152) - this may cause problems in AutoCAD
copy process ignored ACDB_BLOCKREPRESENTATION_DATA(#3B173) - this may cause problems in AutoCAD
copy process ignored ACDB_BLOCKREPRESENTATION_DATA(#3B1B7) - this may cause problems in AutoCAD
copy process ignored ACDB_BLOCKREPRESENTATION_DATA(#493C1) - this may cause problems in AutoCAD
copy process ignored ACDB_BLOCKREPRESENTATION_DATA(#493EB) - this may cause problems in AutoCAD
copy process ignored ACDB_BLOCKREPRESENTATION_DATA(#493F8) - this may cause problems in AutoCAD
copy process ignored ACDB_BLOCKREPRESENTATION_DATA(#4940E) - this may cause problems in AutoCAD
copy process ignored ACDB_BLOCKREPRESENTATION_DATA(#49424) - this may cause problems in AutoCAD
copy process ignored ACDB_BLOCKREPRESENTATION_DATA(#4943A) - this may cause problems in AutoCAD
copy process ignored ACDB_BLOCKREPRESENTATION_DATA(#49446) - this may cause problems in AutoCAD
copy process ignored ACDB_BLOCKREPRESENTATION_DATA(#49451) - this may cause problems in AutoCAD
copy process ignored ACDB_BLOCKREPRESENTATION_DATA(#43195) - this may cause problems in AutoCAD
copy process ignored ACDB_BLOCKREPRESENTATION_DATA(#431B3) - this may cause problems in AutoCAD
copy process ignored ACDB_BLOCKREPRESENTATION_DATA(#431BE) - this may cause problems in AutoCAD
copy process ignored ACDB_BLOCKREPRESENTATION_DATA(#431C9) - this may cause problems in AutoCAD
copy process ignored ACDB_BLOCKREPRESENTATION_DATA(#431FD) - this may cause problems in AutoCAD
copy process ignored ACDB_BLOCKREPRESENTATION_DATA(#4323C) - this may cause problems in AutoCAD
copy process ignored ACDB_BLOCKREPRESENTATION_DATA(#43253) - this may cause problems in AutoCAD
copy process ignored ACDB_BLOCKREPRESENTATION_DATA(#432D7) - this may cause problems in AutoCAD
copy process ignored ACDB_BLOCKREPRESENTATION_DATA(#432F9) - this may cause problems in AutoCAD
copy process ignored ACDB_BLOCKREPRESENTATION_DATA(#43350) - this may cause problems in AutoCAD
copy process ignored ACDB_BLOCKREPRESENTATION_DATA(#43358) - this may cause problems in AutoCAD
copy process ignored ACDB_BLOCKREPRESENTATION_DATA(#433C8) - this may cause problems in AutoCAD
copy process ignored ACDB_BLOCKREPRESENTATION_DATA(#433D0) - this may cause problems in AutoCAD
copy process ignored ACDB_BLOCKREPRESENTATION_DATA(#43422) - this may cause problems in AutoCAD
copy process ignored ACDB_BLOCKREPRESENTATION_DATA(#4342A) - this may cause problems in AutoCAD
copy process ignored ACDB_BLOCKREPRESENTATION_DATA(#43484) - this may cause problems in AutoCAD
copy process ignored ACDB_BLOCKREPRESENTATION_DATA(#4348C) - this may cause problems in AutoCAD
copy process ignored ACDB_BLOCKREPRESENTATION_DATA(#434F6) - this may cause problems in AutoCAD
copy process ignored ACDB_BLOCKREPRESENTATION_DATA(#434FE) - this may cause problems in AutoCAD
copy process ignored ACDB_BLOCKREPRESENTATION_DATA(#4357A) - this may cause problems in AutoCAD
copy process ignored ACDB_BLOCKREPRESENTATION_DATA(#43582) - this may cause problems in AutoCAD
copy process ignored ACDB_BLOCKREPRESENTATION_DATA(#435CA) - this may cause problems in AutoCAD
copy process ignored ACDB_BLOCKREPRESENTATION_DATA(#435D2) - this may cause problems in AutoCAD
copy process ignored ACDB_BLOCKREPRESENTATION_DATA(#4357A) - this may cause problems in AutoCAD
copy process ignored ACDB_BLOCKREPRESENTATION_DATA(#43582) - this may cause problems in AutoCAD
copy process ignored ACDB_BLOCKREPRESENTATION_DATA(#435CA) - this may cause problems in AutoCAD
copy process ignored ACDB_BLOCKREPRESENTATION_DATA(#435D2) - this may cause problems in AutoCAD
copy process ignored ACDB_BLOCKREPRESENTATION_DATA(#4357A) - this may cause problems in AutoCAD
copy process ignored ACDB_BLOCKREPRESENTATION_DATA(#43582) - this may cause problems in AutoCAD
copy process ignored ACDB_BLOCKREPRESENTATION_DATA(#435CA) - this may cause problems in AutoCAD
copy process ignored ACDB_BLOCKREPRESENTATION_DATA(#435D2) - this may cause problems in AutoCAD
copy process ignored ACDB_BLOCKREPRESENTATION_DATA(#4357A) - this may cause problems in AutoCAD
copy process ignored ACDB_BLOCKREPRESENTATION_DATA(#43582) - this may cause problems in AutoCAD
copy process ignored ACDB_BLOCKREPRESENTATION_DATA(#435CA) - this may cause problems in AutoCAD
copy process ignored ACDB_BLOCKREPRESENTATION_DATA(#435D2) - this may cause problems in AutoCAD
copy process ignored ACDB_BLOCKREPRESENTATION_DATA(#43606) - this may cause problems in AutoCAD
copy process ignored ACDB_BLOCKREPRESENTATION_DATA(#4360E) - this may cause problems in AutoCAD
copy process ignored ACDB_BLOCKREPRESENTATION_DATA(#436A4) - this may cause problems in AutoCAD
copy process ignored ACDB_BLOCKREPRESENTATION_DATA(#436AC) - this may cause problems in AutoCAD
copy process ignored ACDB_BLOCKREPRESENTATION_DATA(#43704) - this may cause problems in AutoCAD
copy process ignored ACDB_BLOCKREPRESENTATION_DATA(#43714) - this may cause problems in AutoCAD
copy process ignored ACDB_BLOCKREPRESENTATION_DATA(#4377A) - this may cause problems in AutoCAD
copy process ignored ACDB_BLOCKREPRESENTATION_DATA(#43782) - this may cause problems in AutoCAD
copy process ignored ACDB_BLOCKREPRESENTATION_DATA(#437D8) - this may cause problems in AutoCAD
copy process ignored ACDB_BLOCKREPRESENTATION_DATA(#437E0) - this may cause problems in AutoCAD
copy process ignored ACDB_BLOCKREPRESENTATION_DATA(#5C4B1) - this may cause problems in AutoCAD
copy process ignored ACDB_BLOCKREPRESENTATION_DATA(#46375) - this may cause problems in AutoCAD
copy process ignored ACDB_BLOCKREPRESENTATION_DATA(#4639B) - this may cause problems in AutoCAD
copy process ignored ACDB_BLOCKREPRESENTATION_DATA(#463D7) - this may cause problems in AutoCAD
copy process ignored ACDB_BLOCKREPRESENTATION_DATA(#463F7) - this may cause problems in AutoCAD
copy process ignored ACDB_BLOCKREPRESENTATION_DATA(#46401) - this may cause problems in AutoCAD
copy process ignored ACDB_BLOCKREPRESENTATION_DATA(#5C4B9) - this may cause problems in AutoCAD
copy process ignored ACDB_BLOCKREPRESENTATION_DATA(#46375) - this may cause problems in AutoCAD
copy process ignored ACDB_BLOCKREPRESENTATION_DATA(#4639B) - this may cause problems in AutoCAD
copy process ignored ACDB_BLOCKREPRESENTATION_DATA(#463D7) - this may cause problems in AutoCAD
copy process ignored ACDB_BLOCKREPRESENTATION_DATA(#463F7) - this may cause problems in AutoCAD
copy process ignored ACDB_BLOCKREPRESENTATION_DATA(#46401) - this may cause problems in AutoCAD
copy process ignored ACDB_BLOCKREPRESENTATION_DATA(#5C4C1) - this may cause problems in AutoCAD
copy process ignored ACDB_BLOCKREPRESENTATION_DATA(#46375) - this may cause problems in AutoCAD
copy process ignored ACDB_BLOCKREPRESENTATION_DATA(#4639B) - this may cause problems in AutoCAD
copy process ignored ACDB_BLOCKREPRESENTATION_DATA(#463D7) - this may cause problems in AutoCAD
copy process ignored ACDB_BLOCKREPRESENTATION_DATA(#463F7) - this may cause problems in AutoCAD
copy process ignored ACDB_BLOCKREPRESENTATION_DATA(#46401) - this may cause problems in AutoCAD
copy process ignored ACDB_BLOCKREPRESENTATION_DATA(#5C4C9) - this may cause problems in AutoCAD
copy process ignored ACDB_BLOCKREPRESENTATION_DATA(#46375) - this may cause problems in AutoCAD
copy process ignored ACDB_BLOCKREPRESENTATION_DATA(#4639B) - this may cause problems in AutoCAD
copy process ignored ACDB_BLOCKREPRESENTATION_DATA(#463D7) - this may cause problems in AutoCAD
copy process ignored ACDB_BLOCKREPRESENTATION_DATA(#463F7) - this may cause problems in AutoCAD
copy process ignored ACDB_BLOCKREPRESENTATION_DATA(#46401) - this may cause problems in AutoCAD
copy process ignored ACDB_BLOCKREPRESENTATION_DATA(#5C4D1) - this may cause problems in AutoCAD
copy process ignored ACDB_BLOCKREPRESENTATION_DATA(#4643F) - this may cause problems in AutoCAD
copy process ignored ACDB_BLOCKREPRESENTATION_DATA(#46465) - this may cause problems in AutoCAD
copy process ignored ACDB_BLOCKREPRESENTATION_DATA(#464A1) - this may cause problems in AutoCAD
copy process ignored ACDB_BLOCKREPRESENTATION_DATA(#464C1) - this may cause problems in AutoCAD
copy process ignored ACDB_BLOCKREPRESENTATION_DATA(#464CB) - this may cause problems in AutoCAD
copy process ignored ACDB_BLOCKREPRESENTATION_DATA(#5C4D9) - this may cause problems in AutoCAD
copy process ignored ACDB_BLOCKREPRESENTATION_DATA(#464F1) - this may cause problems in AutoCAD
copy process ignored ACDB_BLOCKREPRESENTATION_DATA(#46517) - this may cause problems in AutoCAD
copy process ignored ACDB_BLOCKREPRESENTATION_DATA(#46553) - this may cause problems in AutoCAD
copy process ignored ACDB_BLOCKREPRESENTATION_DATA(#46573) - this may cause problems in AutoCAD
copy process ignored ACDB_BLOCKREPRESENTATION_DATA(#4657D) - this may cause problems in AutoCAD
copy process ignored ACDB_BLOCKREPRESENTATION_DATA(#4384C) - this may cause problems in AutoCAD
copy process ignored ACDB_BLOCKREPRESENTATION_DATA(#43854) - this may cause problems in AutoCAD
copy process ignored ACDB_BLOCKREPRESENTATION_DATA(#438B0) - this may cause problems in AutoCAD
copy process ignored ACDB_BLOCKREPRESENTATION_DATA(#438B8) - this may cause problems in AutoCAD
copy process ignored ACDB_BLOCKREPRESENTATION_DATA(#493C1) - this may cause problems in AutoCAD
copy process ignored ACDB_BLOCKREPRESENTATION_DATA(#493EB) - this may cause problems in AutoCAD
copy process ignored ACDB_BLOCKREPRESENTATION_DATA(#493F8) - this may cause problems in AutoCAD
copy process ignored ACDB_BLOCKREPRESENTATION_DATA(#4940E) - this may cause problems in AutoCAD
copy process ignored ACDB_BLOCKREPRESENTATION_DATA(#49424) - this may cause problems in AutoCAD
copy process ignored ACDB_BLOCKREPRESENTATION_DATA(#4943A) - this may cause problems in AutoCAD
copy process ignored ACDB_BLOCKREPRESENTATION_DATA(#49446) - this may cause problems in AutoCAD
copy process ignored ACDB_BLOCKREPRESENTATION_DATA(#49451) - this may cause problems in AutoCAD
copy process ignored ACDB_BLOCKREPRESENTATION_DATA(#43195) - this may cause problems in AutoCAD
copy process ignored ACDB_BLOCKREPRESENTATION_DATA(#431B3) - this may cause problems in AutoCAD
copy process ignored ACDB_BLOCKREPRESENTATION_DATA(#431BE) - this may cause problems in AutoCAD
copy process ignored ACDB_BLOCKREPRESENTATION_DATA(#431C9) - this may cause problems in AutoCAD
copy process ignored ACDB_BLOCKREPRESENTATION_DATA(#5C4F8) - this may cause problems in AutoCAD
copy process ignored ACDB_BLOCKREPRESENTATION_DATA(#5C503) - this may cause problems in AutoCAD
copy process ignored ACDB_BLOCKREPRESENTATION_DATA(#5C511) - this may cause problems in AutoCAD
copy process ignored ACDB_BLOCKREPRESENTATION_DATA(#5C51C) - this may cause problems in AutoCAD
copy process ignored ACDB_BLOCKREPRESENTATION_DATA(#5C528) - this may cause problems in AutoCAD
copy process ignored ACDB_BLOCKREPRESENTATION_DATA(#5C534) - this may cause problems in AutoCAD
copy process ignored ACDB_BLOCKREPRESENTATION_DATA(#5C540) - this may cause problems in AutoCAD
copy process ignored ACDB_BLOCKREPRESENTATION_DATA(#43AAF) - this may cause problems in AutoCAD
copy process ignored ACDB_BLOCKREPRESENTATION_DATA(#43AC5) - this may cause problems in AutoCAD
copy process ignored ACDB_BLOCKREPRESENTATION_DATA(#43ADB) - this may cause problems in AutoCAD
copy process ignored ACDB_BLOCKREPRESENTATION_DATA(#43AF1) - this may cause problems in AutoCAD
copy process ignored ACDB_BLOCKREPRESENTATION_DATA(#43B07) - this may cause problems in AutoCAD
copy process ignored ACDB_BLOCKREPRESENTATION_DATA(#43B1D) - this may cause problems in AutoCAD
copy process ignored ACDB_BLOCKREPRESENTATION_DATA(#43B33) - this may cause problems in AutoCAD
copy process ignored ACDB_BLOCKREPRESENTATION_DATA(#43B3E) - this may cause problems in AutoCAD
copy process ignored ACDB_BLOCKREPRESENTATION_DATA(#43B54) - this may cause problems in AutoCAD
copy process ignored ACDB_BLOCKREPRESENTATION_DATA(#43B5F) - this may cause problems in AutoCAD
copy process ignored ACDB_BLOCKREPRESENTATION_DATA(#43B6A) - this may cause problems in AutoCAD
copy process ignored ACDB_BLOCKREPRESENTATION_DATA(#43B80) - this may cause problems in AutoCAD
copy process ignored ACDB_BLOCKREPRESENTATION_DATA(#43B8B) - this may cause problems in AutoCAD
copy process ignored ACDB_BLOCKREPRESENTATION_DATA(#43B96) - this may cause problems in AutoCAD
copy process ignored ACDB_BLOCKREPRESENTATION_DATA(#43BAC) - this may cause problems in AutoCAD
copy process ignored ACDB_BLOCKREPRESENTATION_DATA(#43BB7) - this may cause problems in AutoCAD
copy process ignored ACDB_BLOCKREPRESENTATION_DATA(#43AAF) - this may cause problems in AutoCAD
copy process ignored ACDB_BLOCKREPRESENTATION_DATA(#43AC5) - this may cause problems in AutoCAD
copy process ignored ACDB_BLOCKREPRESENTATION_DATA(#43ADB) - this may cause problems in AutoCAD
copy process ignored ACDB_BLOCKREPRESENTATION_DATA(#43AF1) - this may cause problems in AutoCAD
copy process ignored ACDB_BLOCKREPRESENTATION_DATA(#43B07) - this may cause problems in AutoCAD
copy process ignored ACDB_BLOCKREPRESENTATION_DATA(#43B1D) - this may cause problems in AutoCAD
copy process ignored ACDB_BLOCKREPRESENTATION_DATA(#43B33) - this may cause problems in AutoCAD
copy process ignored ACDB_BLOCKREPRESENTATION_DATA(#43B3E) - this may cause problems in AutoCAD
copy process ignored ACDB_BLOCKREPRESENTATION_DATA(#43B54) - this may cause problems in AutoCAD
copy process ignored ACDB_BLOCKREPRESENTATION_DATA(#43B5F) - this may cause problems in AutoCAD
copy process ignored ACDB_BLOCKREPRESENTATION_DATA(#43B6A) - this may cause problems in AutoCAD
copy process ignored ACDB_BLOCKREPRESENTATION_DATA(#43B80) - this may cause problems in AutoCAD
copy process ignored ACDB_BLOCKREPRESENTATION_DATA(#43B8B) - this may cause problems in AutoCAD
copy process ignored ACDB_BLOCKREPRESENTATION_DATA(#43B96) - this may cause problems in AutoCAD
copy process ignored ACDB_BLOCKREPRESENTATION_DATA(#43BAC) - this may cause problems in AutoCAD
copy process ignored ACDB_BLOCKREPRESENTATION_DATA(#43BB7) - this may cause problems in AutoCAD
copy process ignored ACDB_BLOCKREPRESENTATION_DATA(#43EC8) - this may cause problems in AutoCAD
copy process ignored ACDB_BLOCKREPRESENTATION_DATA(#43ED3) - this may cause problems in AutoCAD
copy process ignored ACDB_BLOCKREPRESENTATION_DATA(#43EDE) - this may cause problems in AutoCAD
copy process ignored ACDB_BLOCKREPRESENTATION_DATA(#43EE9) - this may cause problems in AutoCAD
copy process ignored ACDB_BLOCKREPRESENTATION_DATA(#43EF4) - this may cause problems in AutoCAD
copy process ignored ACDB_BLOCKREPRESENTATION_DATA(#43EFF) - this may cause problems in AutoCAD
copy process ignored ACDB_BLOCKREPRESENTATION_DATA(#43F0A) - this may cause problems in AutoCAD
copy process ignored ACDB_BLOCKREPRESENTATION_DATA(#43F15) - this may cause problems in AutoCAD
copy process ignored ACDB_BLOCKREPRESENTATION_DATA(#43F20) - this may cause problems in AutoCAD
copy process ignored ACDB_BLOCKREPRESENTATION_DATA(#43EC8) - this may cause problems in AutoCAD
copy process ignored ACDB_BLOCKREPRESENTATION_DATA(#43ED3) - this may cause problems in AutoCAD
copy process ignored ACDB_BLOCKREPRESENTATION_DATA(#43EDE) - this may cause problems in AutoCAD
copy process ignored ACDB_BLOCKREPRESENTATION_DATA(#43EE9) - this may cause problems in AutoCAD
copy process ignored ACDB_BLOCKREPRESENTATION_DATA(#43EF4) - this may cause problems in AutoCAD
copy process ignored ACDB_BLOCKREPRESENTATION_DATA(#43EFF) - this may cause problems in AutoCAD
copy process ignored ACDB_BLOCKREPRESENTATION_DATA(#43F0A) - this may cause problems in AutoCAD
copy process ignored ACDB_BLOCKREPRESENTATION_DATA(#43F15) - this may cause problems in AutoCAD
copy process ignored ACDB_BLOCKREPRESENTATION_DATA(#43F20) - this may cause problems in AutoCAD
copy process ignored ACDB_BLOCKREPRESENTATION_DATA(#43EC8) - this may cause problems in AutoCAD
copy process ignored ACDB_BLOCKREPRESENTATION_DATA(#43ED3) - this may cause problems in AutoCAD
copy process ignored ACDB_BLOCKREPRESENTATION_DATA(#43EDE) - this may cause problems in AutoCAD
copy process ignored ACDB_BLOCKREPRESENTATION_DATA(#43EE9) - this may cause problems in AutoCAD
copy process ignored ACDB_BLOCKREPRESENTATION_DATA(#43EF4) - this may cause problems in AutoCAD
copy process ignored ACDB_BLOCKREPRESENTATION_DATA(#43EFF) - this may cause problems in AutoCAD
copy process ignored ACDB_BLOCKREPRESENTATION_DATA(#43F0A) - this may cause problems in AutoCAD
copy process ignored ACDB_BLOCKREPRESENTATION_DATA(#43F15) - this may cause problems in AutoCAD
copy process ignored ACDB_BLOCKREPRESENTATION_DATA(#43F20) - this may cause problems in AutoCAD
copy process ignored ACDB_BLOCKREPRESENTATION_DATA(#440F2) - this may cause problems in AutoCAD
copy process ignored ACDB_BLOCKREPRESENTATION_DATA(#4414D) - this may cause problems in AutoCAD
copy process ignored ACDB_BLOCKREPRESENTATION_DATA(#44266) - this may cause problems in AutoCAD
copy process ignored ACDB_BLOCKREPRESENTATION_DATA(#44271) - this may cause problems in AutoCAD
copy process ignored ACDB_BLOCKREPRESENTATION_DATA(#4427C) - this may cause problems in AutoCAD
copy process ignored ACDB_BLOCKREPRESENTATION_DATA(#44287) - this may cause problems in AutoCAD
copy process ignored ACDB_BLOCKREPRESENTATION_DATA(#44292) - this may cause problems in AutoCAD
copy process ignored ACDB_BLOCKREPRESENTATION_DATA(#4429D) - this may cause problems in AutoCAD
copy process ignored ACDB_BLOCKREPRESENTATION_DATA(#4431F) - this may cause problems in AutoCAD
copy process ignored ACDB_BLOCKREPRESENTATION_DATA(#44335) - this may cause problems in AutoCAD
copy process ignored ACDB_BLOCKREPRESENTATION_DATA(#44340) - this may cause problems in AutoCAD
copy process ignored ACDB_BLOCKREPRESENTATION_DATA(#443D2) - this may cause problems in AutoCAD
copy process ignored ACDB_BLOCKREPRESENTATION_DATA(#443DD) - this may cause problems in AutoCAD
copy process ignored ACDB_BLOCKREPRESENTATION_DATA(#443E8) - this may cause problems in AutoCAD
copy process ignored ACDB_BLOCKREPRESENTATION_DATA(#443F3) - this may cause problems in AutoCAD
copy process ignored ACDB_BLOCKREPRESENTATION_DATA(#443FE) - this may cause problems in AutoCAD
copy process ignored ACDB_BLOCKREPRESENTATION_DATA(#44409) - this may cause problems in AutoCAD
copy process ignored ACDB_BLOCKREPRESENTATION_DATA(#44492) - this may cause problems in AutoCAD
copy process ignored ACDB_BLOCKREPRESENTATION_DATA(#444A8) - this may cause problems in AutoCAD
copy process ignored ACDB_BLOCKREPRESENTATION_DATA(#4453F) - this may cause problems in AutoCAD
copy process ignored ACDB_BLOCKREPRESENTATION_DATA(#44555) - this may cause problems in AutoCAD
copy process ignored ACDB_BLOCKREPRESENTATION_DATA(#5C56F) - this may cause problems in AutoCAD
copy process ignored ACDB_BLOCKREPRESENTATION_DATA(#5C57A) - this may cause problems in AutoCAD
copy process ignored ACDB_BLOCKREPRESENTATION_DATA(#5C585) - this may cause problems in AutoCAD
copy process ignored ACDB_BLOCKREPRESENTATION_DATA(#53C5A) - this may cause problems in AutoCAD
copy process ignored ACDB_BLOCKREPRESENTATION_DATA(#53C6C) - this may cause problems in AutoCAD
copy process ignored ACDB_BLOCKREPRESENTATION_DATA(#53C7E) - this may cause problems in AutoCAD
copy process ignored ACDB_BLOCKREPRESENTATION_DATA(#53C90) - this may cause problems in AutoCAD
copy process ignored ACDB_BLOCKREPRESENTATION_DATA(#53CA2) - this may cause problems in AutoCAD
copy process ignored ACDB_BLOCKREPRESENTATION_DATA(#53CB4) - this may cause problems in AutoCAD
copy process ignored ACDB_BLOCKREPRESENTATION_DATA(#53CC6) - this may cause problems in AutoCAD
copy process ignored ACDB_BLOCKREPRESENTATION_DATA(#53CD8) - this may cause problems in AutoCAD
copy process ignored ACDB_BLOCKREPRESENTATION_DATA(#53CEA) - this may cause problems in AutoCAD
copy process ignored ACDB_BLOCKREPRESENTATION_DATA(#53AEB) - this may cause problems in AutoCAD
copy process ignored ACDB_BLOCKREPRESENTATION_DATA(#53AFD) - this may cause problems in AutoCAD
copy process ignored ACDB_BLOCKREPRESENTATION_DATA(#53B0F) - this may cause problems in AutoCAD
copy process ignored ACDB_BLOCKREPRESENTATION_DATA(#53B21) - this may cause problems in AutoCAD
copy process ignored ACDB_BLOCKREPRESENTATION_DATA(#53B33) - this may cause problems in AutoCAD
copy process ignored ACDB_BLOCKREPRESENTATION_DATA(#53B45) - this may cause problems in AutoCAD
copy process ignored ACDB_BLOCKREPRESENTATION_DATA(#53B57) - this may cause problems in AutoCAD
copy process ignored ACDB_BLOCKREPRESENTATION_DATA(#53DA6) - this may cause problems in AutoCAD
copy process ignored ACDB_BLOCKREPRESENTATION_DATA(#53DB8) - this may cause problems in AutoCAD
copy process ignored ACDB_BLOCKREPRESENTATION_DATA(#53DCA) - this may cause problems in AutoCAD
copy process ignored ACDB_BLOCKREPRESENTATION_DATA(#53DDC) - this may cause problems in AutoCAD
copy process ignored ACDB_BLOCKREPRESENTATION_DATA(#53DEE) - this may cause problems in AutoCAD
copy process ignored ACDB_BLOCKREPRESENTATION_DATA(#53E00) - this may cause problems in AutoCAD
copy process ignored ACDB_BLOCKREPRESENTATION_DATA(#53E12) - this may cause problems in AutoCAD
copy process ignored ACDB_BLOCKREPRESENTATION_DATA(#53EA2) - this may cause problems in AutoCAD
copy process ignored ACDB_BLOCKREPRESENTATION_DATA(#53EB4) - this may cause problems in AutoCAD
copy process ignored ACDB_BLOCKREPRESENTATION_DATA(#53EC6) - this may cause problems in AutoCAD
copy process ignored ACDB_BLOCKREPRESENTATION_DATA(#53ED8) - this may cause problems in AutoCAD
copy process ignored ACDB_BLOCKREPRESENTATION_DATA(#53EEA) - this may cause problems in AutoCAD
copy process ignored ACDB_BLOCKREPRESENTATION_DATA(#53EFC) - this may cause problems in AutoCAD
copy process ignored ACDB_BLOCKREPRESENTATION_DATA(#53F0E) - this may cause problems in AutoCAD
copy process ignored ACDB_BLOCKREPRESENTATION_DATA(#53F20) - this may cause problems in AutoCAD
copy process ignored ACDB_BLOCKREPRESENTATION_DATA(#53F32) - this may cause problems in AutoCAD
copy process ignored ACDB_BLOCKREPRESENTATION_DATA(#53F44) - this may cause problems in AutoCAD
copy process ignored ACDB_BLOCKREPRESENTATION_DATA(#53F56) - this may cause problems in AutoCAD
copy process ignored ACDB_BLOCKREPRESENTATION_DATA(#53F68) - this may cause problems in AutoCAD
copy process ignored ACDB_BLOCKREPRESENTATION_DATA(#53F7A) - this may cause problems in AutoCAD
copy process ignored ACDB_BLOCKREPRESENTATION_DATA(#53E24) - this may cause problems in AutoCAD
copy process ignored ACDB_BLOCKREPRESENTATION_DATA(#53E36) - this may cause problems in AutoCAD
copy process ignored ACDB_BLOCKREPRESENTATION_DATA(#53E48) - this may cause problems in AutoCAD
copy process ignored ACDB_BLOCKREPRESENTATION_DATA(#53E5A) - this may cause problems in AutoCAD
copy process ignored ACDB_BLOCKREPRESENTATION_DATA(#53E6C) - this may cause problems in AutoCAD
copy process ignored ACDB_BLOCKREPRESENTATION_DATA(#53E7E) - this may cause problems in AutoCAD
copy process ignored ACDB_BLOCKREPRESENTATION_DATA(#53E90) - this may cause problems in AutoCAD
copy process ignored ACDB_BLOCKREPRESENTATION_DATA(#53B6C) - this may cause problems in AutoCAD
copy process ignored ACDB_BLOCKREPRESENTATION_DATA(#53B80) - this may cause problems in AutoCAD
copy process ignored ACDB_BLOCKREPRESENTATION_DATA(#53B94) - this may cause problems in AutoCAD
copy process ignored ACDB_BLOCKREPRESENTATION_DATA(#53BA6) - this may cause problems in AutoCAD
copy process ignored ACDB_BLOCKREPRESENTATION_DATA(#53BB8) - this may cause problems in AutoCAD
copy process ignored ACDB_BLOCKREPRESENTATION_DATA(#53BCA) - this may cause problems in AutoCAD
copy process ignored ACDB_BLOCKREPRESENTATION_DATA(#53A7F) - this may cause problems in AutoCAD
copy process ignored ACDB_BLOCKREPRESENTATION_DATA(#53A91) - this may cause problems in AutoCAD
copy process ignored ACDB_BLOCKREPRESENTATION_DATA(#53AA3) - this may cause problems in AutoCAD
copy process ignored ACDB_BLOCKREPRESENTATION_DATA(#53AB5) - this may cause problems in AutoCAD
copy process ignored ACDB_BLOCKREPRESENTATION_DATA(#53AC7) - this may cause problems in AutoCAD
copy process ignored ACDB_BLOCKREPRESENTATION_DATA(#53AD9) - this may cause problems in AutoCAD
copy process ignored ACDB_BLOCKREPRESENTATION_DATA(#53BDC) - this may cause problems in AutoCAD
copy process ignored ACDB_BLOCKREPRESENTATION_DATA(#53BEE) - this may cause problems in AutoCAD
copy process ignored ACDB_BLOCKREPRESENTATION_DATA(#53C00) - this may cause problems in AutoCAD
copy process ignored ACDB_BLOCKREPRESENTATION_DATA(#53C12) - this may cause problems in AutoCAD
copy process ignored ACDB_BLOCKREPRESENTATION_DATA(#53C24) - this may cause problems in AutoCAD
copy process ignored ACDB_BLOCKREPRESENTATION_DATA(#53C36) - this may cause problems in AutoCAD
copy process ignored ACDB_BLOCKREPRESENTATION_DATA(#53C48) - this may cause problems in AutoCAD
copy process ignored ACDB_BLOCKREPRESENTATION_DATA(#53CFC) - this may cause problems in AutoCAD
copy process ignored ACDB_BLOCKREPRESENTATION_DATA(#53D0E) - this may cause problems in AutoCAD
copy process ignored ACDB_BLOCKREPRESENTATION_DATA(#53D20) - this may cause problems in AutoCAD
copy process ignored ACDB_BLOCKREPRESENTATION_DATA(#53D32) - this may cause problems in AutoCAD
copy process ignored ACDB_BLOCKREPRESENTATION_DATA(#53D44) - this may cause problems in AutoCAD
copy process ignored ACDB_BLOCKREPRESENTATION_DATA(#53D56) - this may cause problems in AutoCAD
copy process ignored ACDB_BLOCKREPRESENTATION_DATA(#53D68) - this may cause problems in AutoCAD
copy process ignored ACDB_BLOCKREPRESENTATION_DATA(#3C0EB) - this may cause problems in AutoCAD
copy process ignored ACDB_BLOCKREPRESENTATION_DATA(#3C219) - this may cause problems in AutoCAD
copy process ignored ACDB_BLOCKREPRESENTATION_DATA(#3C22B) - this may cause problems in AutoCAD
copy process ignored ACDB_BLOCKREPRESENTATION_DATA(#3C23D) - this may cause problems in AutoCAD
copy process ignored ACDB_BLOCKREPRESENTATION_DATA(#3C24F) - this may cause problems in AutoCAD
copy process ignored ACDB_BLOCKREPRESENTATION_DATA(#3C261) - this may cause problems in AutoCAD
copy process ignored ACDB_BLOCKREPRESENTATION_DATA(#3C273) - this may cause problems in AutoCAD
copy process ignored ACDB_BLOCKREPRESENTATION_DATA(#3C285) - this may cause problems in AutoCAD
copy process ignored ACDB_BLOCKREPRESENTATION_DATA(#3C2E4) - this may cause problems in AutoCAD
copy process ignored ACDB_BLOCKREPRESENTATION_DATA(#3C2F6) - this may cause problems in AutoCAD
copy process ignored ACDB_BLOCKREPRESENTATION_DATA(#3C308) - this may cause problems in AutoCAD
copy process ignored ACDB_BLOCKREPRESENTATION_DATA(#3C31A) - this may cause problems in AutoCAD
copy process ignored ACDB_BLOCKREPRESENTATION_DATA(#3C32C) - this may cause problems in AutoCAD
copy process ignored ACDB_BLOCKREPRESENTATION_DATA(#3C33E) - this may cause problems in AutoCAD
copy process ignored ACDB_BLOCKREPRESENTATION_DATA(#3C350) - this may cause problems in AutoCAD
copy process ignored ACDB_BLOCKREPRESENTATION_DATA(#3C3AF) - this may cause problems in AutoCAD
copy process ignored ACDB_BLOCKREPRESENTATION_DATA(#3C3C1) - this may cause problems in AutoCAD
copy process ignored ACDB_BLOCKREPRESENTATION_DATA(#3C3D3) - this may cause problems in AutoCAD
copy process ignored ACDB_BLOCKREPRESENTATION_DATA(#3C3E5) - this may cause problems in AutoCAD
copy process ignored ACDB_BLOCKREPRESENTATION_DATA(#3C3F7) - this may cause problems in AutoCAD
copy process ignored ACDB_BLOCKREPRESENTATION_DATA(#3C409) - this may cause problems in AutoCAD
copy process ignored ACDB_BLOCKREPRESENTATION_DATA(#3C41B) - this may cause problems in AutoCAD
copy process ignored ACDB_BLOCKREPRESENTATION_DATA(#3C42D) - this may cause problems in AutoCAD
copy process ignored ACDB_BLOCKREPRESENTATION_DATA(#3C43F) - this may cause problems in AutoCAD
copy process ignored ACDB_BLOCKREPRESENTATION_DATA(#3C49E) - this may cause problems in AutoCAD
copy process ignored ACDB_BLOCKREPRESENTATION_DATA(#3C4FD) - this may cause problems in AutoCAD
copy process ignored ACDB_BLOCKREPRESENTATION_DATA(#3C50F) - this may cause problems in AutoCAD
copy process ignored ACDB_BLOCKREPRESENTATION_DATA(#3C521) - this may cause problems in AutoCAD
copy process ignored ACDB_BLOCKREPRESENTATION_DATA(#3C533) - this may cause problems in AutoCAD
copy process ignored ACDB_BLOCKREPRESENTATION_DATA(#3C545) - this may cause problems in AutoCAD
copy process ignored ACDB_BLOCKREPRESENTATION_DATA(#3C557) - this may cause problems in AutoCAD
copy process ignored ACDB_BLOCKREPRESENTATION_DATA(#3C5B6) - this may cause problems in AutoCAD
copy process ignored ACDB_BLOCKREPRESENTATION_DATA(#3C5C8) - this may cause problems in AutoCAD
copy process ignored ACDB_BLOCKREPRESENTATION_DATA(#3C5DA) - this may cause problems in AutoCAD
copy process ignored ACDB_BLOCKREPRESENTATION_DATA(#3C5EC) - this may cause problems in AutoCAD
copy process ignored ACDB_BLOCKREPRESENTATION_DATA(#3C5FE) - this may cause problems in AutoCAD
copy process ignored ACDB_BLOCKREPRESENTATION_DATA(#3C65D) - this may cause problems in AutoCAD
copy process ignored ACDB_BLOCKREPRESENTATION_DATA(#3C66F) - this may cause problems in AutoCAD
copy process ignored ACDB_BLOCKREPRESENTATION_DATA(#3C6CE) - this may cause problems in AutoCAD
copy process ignored ACDB_BLOCKREPRESENTATION_DATA(#3C6E0) - this may cause problems in AutoCAD
copy process ignored ACDB_BLOCKREPRESENTATION_DATA(#3C6F2) - this may cause problems in AutoCAD
copy process ignored ACDB_BLOCKREPRESENTATION_DATA(#3C704) - this may cause problems in AutoCAD
copy process ignored ACDB_BLOCKREPRESENTATION_DATA(#3C716) - this may cause problems in AutoCAD
copy process ignored ACDB_BLOCKREPRESENTATION_DATA(#3C728) - this may cause problems in AutoCAD
copy process ignored ACDB_BLOCKREPRESENTATION_DATA(#3C73A) - this may cause problems in AutoCAD
copy process ignored ACDB_BLOCKREPRESENTATION_DATA(#3C74C) - this may cause problems in AutoCAD
copy process ignored ACDB_BLOCKREPRESENTATION_DATA(#3C75E) - this may cause problems in AutoCAD
copy process ignored ACDB_BLOCKREPRESENTATION_DATA(#3C770) - this may cause problems in AutoCAD
copy process ignored ACDB_BLOCKREPRESENTATION_DATA(#3C782) - this may cause problems in AutoCAD
copy process ignored ACDB_BLOCKREPRESENTATION_DATA(#3C794) - this may cause problems in AutoCAD
copy process ignored ACDB_BLOCKREPRESENTATION_DATA(#3C7A6) - this may cause problems in AutoCAD
copy process ignored ACDB_BLOCKREPRESENTATION_DATA(#3C7B8) - this may cause problems in AutoCAD
copy process ignored ACDB_BLOCKREPRESENTATION_DATA(#3C7CA) - this may cause problems in AutoCAD
copy process ignored ACDB_BLOCKREPRESENTATION_DATA(#3C7DC) - this may cause problems in AutoCAD
copy process ignored ACDB_BLOCKREPRESENTATION_DATA(#3C7EE) - this may cause problems in AutoCAD
copy process ignored ACDB_BLOCKREPRESENTATION_DATA(#3C800) - this may cause problems in AutoCAD
copy process ignored ACDB_BLOCKREPRESENTATION_DATA(#3C85F) - this may cause problems in AutoCAD
copy process ignored ACDB_BLOCKREPRESENTATION_DATA(#3C871) - this may cause problems in AutoCAD
copy process ignored ACDB_BLOCKREPRESENTATION_DATA(#3C883) - this may cause problems in AutoCAD
copy process ignored ACDB_BLOCKREPRESENTATION_DATA(#3C895) - this may cause problems in AutoCAD
copy process ignored ACDB_BLOCKREPRESENTATION_DATA(#3C8A7) - this may cause problems in AutoCAD
copy process ignored ACDB_BLOCKREPRESENTATION_DATA(#3C8B9) - this may cause problems in AutoCAD
copy process ignored ACDB_BLOCKREPRESENTATION_DATA(#3C8CB) - this may cause problems in AutoCAD
copy process ignored ACDB_BLOCKREPRESENTATION_DATA(#3C8DD) - this may cause problems in AutoCAD
copy process ignored ACDB_BLOCKREPRESENTATION_DATA(#3C8EF) - this may cause problems in AutoCAD
copy process ignored ACDB_BLOCKREPRESENTATION_DATA(#3C901) - this may cause problems in AutoCAD
copy process ignored ACDB_BLOCKREPRESENTATION_DATA(#3C913) - this may cause problems in AutoCAD
copy process ignored ACDB_BLOCKREPRESENTATION_DATA(#3C925) - this may cause problems in AutoCAD
copy process ignored ACDB_BLOCKREPRESENTATION_DATA(#3C987) - this may cause problems in AutoCAD
copy process ignored ACDB_BLOCKREPRESENTATION_DATA(#3C9F4) - this may cause problems in AutoCAD
copy process ignored ACDB_BLOCKREPRESENTATION_DATA(#3CA14) - this may cause problems in AutoCAD
copy process ignored ACDB_BLOCKREPRESENTATION_DATA(#3CA73) - this may cause problems in AutoCAD
copy process ignored ACDB_BLOCKREPRESENTATION_DATA(#3CA85) - this may cause problems in AutoCAD
copy process ignored ACDB_BLOCKREPRESENTATION_DATA(#3CA97) - this may cause problems in AutoCAD
copy process ignored ACDB_BLOCKREPRESENTATION_DATA(#3C0EB) - this may cause problems in AutoCAD
copy process ignored ACDB_BLOCKREPRESENTATION_DATA(#3C219) - this may cause problems in AutoCAD
copy process ignored ACDB_BLOCKREPRESENTATION_DATA(#3C22B) - this may cause problems in AutoCAD
copy process ignored ACDB_BLOCKREPRESENTATION_DATA(#3C23D) - this may cause problems in AutoCAD
copy process ignored ACDB_BLOCKREPRESENTATION_DATA(#3C24F) - this may cause problems in AutoCAD
copy process ignored ACDB_BLOCKREPRESENTATION_DATA(#3C261) - this may cause problems in AutoCAD
copy process ignored ACDB_BLOCKREPRESENTATION_DATA(#3C273) - this may cause problems in AutoCAD
copy process ignored ACDB_BLOCKREPRESENTATION_DATA(#3C285) - this may cause problems in AutoCAD
copy process ignored ACDB_BLOCKREPRESENTATION_DATA(#3C2E4) - this may cause problems in AutoCAD
copy process ignored ACDB_BLOCKREPRESENTATION_DATA(#3C2F6) - this may cause problems in AutoCAD
copy process ignored ACDB_BLOCKREPRESENTATION_DATA(#3C308) - this may cause problems in AutoCAD
copy process ignored ACDB_BLOCKREPRESENTATION_DATA(#3C31A) - this may cause problems in AutoCAD
copy process ignored ACDB_BLOCKREPRESENTATION_DATA(#3C32C) - this may cause problems in AutoCAD
copy process ignored ACDB_BLOCKREPRESENTATION_DATA(#3C33E) - this may cause problems in AutoCAD
copy process ignored ACDB_BLOCKREPRESENTATION_DATA(#3C350) - this may cause problems in AutoCAD
copy process ignored ACDB_BLOCKREPRESENTATION_DATA(#3C3AF) - this may cause problems in AutoCAD
copy process ignored ACDB_BLOCKREPRESENTATION_DATA(#3C3C1) - this may cause problems in AutoCAD
copy process ignored ACDB_BLOCKREPRESENTATION_DATA(#3C3D3) - this may cause problems in AutoCAD
copy process ignored ACDB_BLOCKREPRESENTATION_DATA(#3C3E5) - this may cause problems in AutoCAD
copy process ignored ACDB_BLOCKREPRESENTATION_DATA(#3C3F7) - this may cause problems in AutoCAD
copy process ignored ACDB_BLOCKREPRESENTATION_DATA(#3C409) - this may cause problems in AutoCAD
copy process ignored ACDB_BLOCKREPRESENTATION_DATA(#3C41B) - this may cause problems in AutoCAD
copy process ignored ACDB_BLOCKREPRESENTATION_DATA(#3C42D) - this may cause problems in AutoCAD
copy process ignored ACDB_BLOCKREPRESENTATION_DATA(#3C43F) - this may cause problems in AutoCAD
copy process ignored ACDB_BLOCKREPRESENTATION_DATA(#3C49E) - this may cause problems in AutoCAD
copy process ignored ACDB_BLOCKREPRESENTATION_DATA(#3C4FD) - this may cause problems in AutoCAD
copy process ignored ACDB_BLOCKREPRESENTATION_DATA(#3C50F) - this may cause problems in AutoCAD
copy process ignored ACDB_BLOCKREPRESENTATION_DATA(#3C521) - this may cause problems in AutoCAD
copy process ignored ACDB_BLOCKREPRESENTATION_DATA(#3C533) - this may cause problems in AutoCAD
copy process ignored ACDB_BLOCKREPRESENTATION_DATA(#3C545) - this may cause problems in AutoCAD
copy process ignored ACDB_BLOCKREPRESENTATION_DATA(#3C557) - this may cause problems in AutoCAD
copy process ignored ACDB_BLOCKREPRESENTATION_DATA(#3C5B6) - this may cause problems in AutoCAD
copy process ignored ACDB_BLOCKREPRESENTATION_DATA(#3C5C8) - this may cause problems in AutoCAD
copy process ignored ACDB_BLOCKREPRESENTATION_DATA(#3C5DA) - this may cause problems in AutoCAD
copy process ignored ACDB_BLOCKREPRESENTATION_DATA(#3C5EC) - this may cause problems in AutoCAD
copy process ignored ACDB_BLOCKREPRESENTATION_DATA(#3C5FE) - this may cause problems in AutoCAD
copy process ignored ACDB_BLOCKREPRESENTATION_DATA(#3C65D) - this may cause problems in AutoCAD
copy process ignored ACDB_BLOCKREPRESENTATION_DATA(#3C66F) - this may cause problems in AutoCAD
copy process ignored ACDB_BLOCKREPRESENTATION_DATA(#3C6CE) - this may cause problems in AutoCAD
copy process ignored ACDB_BLOCKREPRESENTATION_DATA(#3C6E0) - this may cause problems in AutoCAD
copy process ignored ACDB_BLOCKREPRESENTATION_DATA(#3C6F2) - this may cause problems in AutoCAD
copy process ignored ACDB_BLOCKREPRESENTATION_DATA(#3C704) - this may cause problems in AutoCAD
copy process ignored ACDB_BLOCKREPRESENTATION_DATA(#3C716) - this may cause problems in AutoCAD
copy process ignored ACDB_BLOCKREPRESENTATION_DATA(#3C728) - this may cause problems in AutoCAD
copy process ignored ACDB_BLOCKREPRESENTATION_DATA(#3C73A) - this may cause problems in AutoCAD
copy process ignored ACDB_BLOCKREPRESENTATION_DATA(#3C74C) - this may cause problems in AutoCAD
copy process ignored ACDB_BLOCKREPRESENTATION_DATA(#3C75E) - this may cause problems in AutoCAD
copy process ignored ACDB_BLOCKREPRESENTATION_DATA(#3C770) - this may cause problems in AutoCAD
copy process ignored ACDB_BLOCKREPRESENTATION_DATA(#3C782) - this may cause problems in AutoCAD
copy process ignored ACDB_BLOCKREPRESENTATION_DATA(#3C794) - this may cause problems in AutoCAD
copy process ignored ACDB_BLOCKREPRESENTATION_DATA(#3C7A6) - this may cause problems in AutoCAD
copy process ignored ACDB_BLOCKREPRESENTATION_DATA(#3C7B8) - this may cause problems in AutoCAD
copy process ignored ACDB_BLOCKREPRESENTATION_DATA(#3C7CA) - this may cause problems in AutoCAD
copy process ignored ACDB_BLOCKREPRESENTATION_DATA(#3C7DC) - this may cause problems in AutoCAD
copy process ignored ACDB_BLOCKREPRESENTATION_DATA(#3C7EE) - this may cause problems in AutoCAD
copy process ignored ACDB_BLOCKREPRESENTATION_DATA(#3C800) - this may cause problems in AutoCAD
copy process ignored ACDB_BLOCKREPRESENTATION_DATA(#3C85F) - this may cause problems in AutoCAD
copy process ignored ACDB_BLOCKREPRESENTATION_DATA(#3C871) - this may cause problems in AutoCAD
copy process ignored ACDB_BLOCKREPRESENTATION_DATA(#3C883) - this may cause problems in AutoCAD
copy process ignored ACDB_BLOCKREPRESENTATION_DATA(#3C895) - this may cause problems in AutoCAD
copy process ignored ACDB_BLOCKREPRESENTATION_DATA(#3C8A7) - this may cause problems in AutoCAD
copy process ignored ACDB_BLOCKREPRESENTATION_DATA(#3C8B9) - this may cause problems in AutoCAD
copy process ignored ACDB_BLOCKREPRESENTATION_DATA(#3C8CB) - this may cause problems in AutoCAD
copy process ignored ACDB_BLOCKREPRESENTATION_DATA(#3C8DD) - this may cause problems in AutoCAD
copy process ignored ACDB_BLOCKREPRESENTATION_DATA(#3C8EF) - this may cause problems in AutoCAD
copy process ignored ACDB_BLOCKREPRESENTATION_DATA(#3C901) - this may cause problems in AutoCAD
copy process ignored ACDB_BLOCKREPRESENTATION_DATA(#3C913) - this may cause problems in AutoCAD
copy process ignored ACDB_BLOCKREPRESENTATION_DATA(#3C925) - this may cause problems in AutoCAD
copy process ignored ACDB_BLOCKREPRESENTATION_DATA(#3C987) - this may cause problems in AutoCAD
copy process ignored ACDB_BLOCKREPRESENTATION_DATA(#3C9F4) - this may cause problems in AutoCAD
copy process ignored ACDB_BLOCKREPRESENTATION_DATA(#3CA14) - this may cause problems in AutoCAD
copy process ignored ACDB_BLOCKREPRESENTATION_DATA(#3CA73) - this may cause problems in AutoCAD
copy process ignored ACDB_BLOCKREPRESENTATION_DATA(#3CA85) - this may cause problems in AutoCAD
copy process ignored ACDB_BLOCKREPRESENTATION_DATA(#3CA97) - this may cause problems in AutoCAD
copy process ignored ACDB_BLOCKREPRESENTATION_DATA(#3C0EB) - this may cause problems in AutoCAD
copy process ignored ACDB_BLOCKREPRESENTATION_DATA(#3C219) - this may cause problems in AutoCAD
copy process ignored ACDB_BLOCKREPRESENTATION_DATA(#3C22B) - this may cause problems in AutoCAD
copy process ignored ACDB_BLOCKREPRESENTATION_DATA(#3C23D) - this may cause problems in AutoCAD
copy process ignored ACDB_BLOCKREPRESENTATION_DATA(#3C24F) - this may cause problems in AutoCAD
copy process ignored ACDB_BLOCKREPRESENTATION_DATA(#3C261) - this may cause problems in AutoCAD
copy process ignored ACDB_BLOCKREPRESENTATION_DATA(#3C273) - this may cause problems in AutoCAD
copy process ignored ACDB_BLOCKREPRESENTATION_DATA(#3C285) - this may cause problems in AutoCAD
copy process ignored ACDB_BLOCKREPRESENTATION_DATA(#3C2E4) - this may cause problems in AutoCAD
copy process ignored ACDB_BLOCKREPRESENTATION_DATA(#3C2F6) - this may cause problems in AutoCAD
copy process ignored ACDB_BLOCKREPRESENTATION_DATA(#3C308) - this may cause problems in AutoCAD
copy process ignored ACDB_BLOCKREPRESENTATION_DATA(#3C31A) - this may cause problems in AutoCAD
copy process ignored ACDB_BLOCKREPRESENTATION_DATA(#3C32C) - this may cause problems in AutoCAD
copy process ignored ACDB_BLOCKREPRESENTATION_DATA(#3C33E) - this may cause problems in AutoCAD
copy process ignored ACDB_BLOCKREPRESENTATION_DATA(#3C350) - this may cause problems in AutoCAD
copy process ignored ACDB_BLOCKREPRESENTATION_DATA(#3C3AF) - this may cause problems in AutoCAD
copy process ignored ACDB_BLOCKREPRESENTATION_DATA(#3C3C1) - this may cause problems in AutoCAD
copy process ignored ACDB_BLOCKREPRESENTATION_DATA(#3C3D3) - this may cause problems in AutoCAD
copy process ignored ACDB_BLOCKREPRESENTATION_DATA(#3C3E5) - this may cause problems in AutoCAD
copy process ignored ACDB_BLOCKREPRESENTATION_DATA(#3C3F7) - this may cause problems in AutoCAD
copy process ignored ACDB_BLOCKREPRESENTATION_DATA(#3C409) - this may cause problems in AutoCAD
copy process ignored ACDB_BLOCKREPRESENTATION_DATA(#3C41B) - this may cause problems in AutoCAD
copy process ignored ACDB_BLOCKREPRESENTATION_DATA(#3C42D) - this may cause problems in AutoCAD
copy process ignored ACDB_BLOCKREPRESENTATION_DATA(#3C43F) - this may cause problems in AutoCAD
copy process ignored ACDB_BLOCKREPRESENTATION_DATA(#3C49E) - this may cause problems in AutoCAD
copy process ignored ACDB_BLOCKREPRESENTATION_DATA(#3C4FD) - this may cause problems in AutoCAD
copy process ignored ACDB_BLOCKREPRESENTATION_DATA(#3C50F) - this may cause problems in AutoCAD
copy process ignored ACDB_BLOCKREPRESENTATION_DATA(#3C521) - this may cause problems in AutoCAD
copy process ignored ACDB_BLOCKREPRESENTATION_DATA(#3C533) - this may cause problems in AutoCAD
copy process ignored ACDB_BLOCKREPRESENTATION_DATA(#3C545) - this may cause problems in AutoCAD
copy process ignored ACDB_BLOCKREPRESENTATION_DATA(#3C557) - this may cause problems in AutoCAD
copy process ignored ACDB_BLOCKREPRESENTATION_DATA(#3C5B6) - this may cause problems in AutoCAD
copy process ignored ACDB_BLOCKREPRESENTATION_DATA(#3C5C8) - this may cause problems in AutoCAD
copy process ignored ACDB_BLOCKREPRESENTATION_DATA(#3C5DA) - this may cause problems in AutoCAD
copy process ignored ACDB_BLOCKREPRESENTATION_DATA(#3C5EC) - this may cause problems in AutoCAD
copy process ignored ACDB_BLOCKREPRESENTATION_DATA(#3C5FE) - this may cause problems in AutoCAD
copy process ignored ACDB_BLOCKREPRESENTATION_DATA(#3C65D) - this may cause problems in AutoCAD
copy process ignored ACDB_BLOCKREPRESENTATION_DATA(#3C66F) - this may cause problems in AutoCAD
copy process ignored ACDB_BLOCKREPRESENTATION_DATA(#3C6CE) - this may cause problems in AutoCAD
copy process ignored ACDB_BLOCKREPRESENTATION_DATA(#3C6E0) - this may cause problems in AutoCAD
copy process ignored ACDB_BLOCKREPRESENTATION_DATA(#3C6F2) - this may cause problems in AutoCAD
copy process ignored ACDB_BLOCKREPRESENTATION_DATA(#3C704) - this may cause problems in AutoCAD
copy process ignored ACDB_BLOCKREPRESENTATION_DATA(#3C716) - this may cause problems in AutoCAD
copy process ignored ACDB_BLOCKREPRESENTATION_DATA(#3C728) - this may cause problems in AutoCAD
copy process ignored ACDB_BLOCKREPRESENTATION_DATA(#3C73A) - this may cause problems in AutoCAD
copy process ignored ACDB_BLOCKREPRESENTATION_DATA(#3C74C) - this may cause problems in AutoCAD
copy process ignored ACDB_BLOCKREPRESENTATION_DATA(#3C75E) - this may cause problems in AutoCAD
copy process ignored ACDB_BLOCKREPRESENTATION_DATA(#3C770) - this may cause problems in AutoCAD
copy process ignored ACDB_BLOCKREPRESENTATION_DATA(#3C782) - this may cause problems in AutoCAD
copy process ignored ACDB_BLOCKREPRESENTATION_DATA(#3C794) - this may cause problems in AutoCAD
copy process ignored ACDB_BLOCKREPRESENTATION_DATA(#3C7A6) - this may cause problems in AutoCAD
copy process ignored ACDB_BLOCKREPRESENTATION_DATA(#3C7B8) - this may cause problems in AutoCAD
copy process ignored ACDB_BLOCKREPRESENTATION_DATA(#3C7CA) - this may cause problems in AutoCAD
copy process ignored ACDB_BLOCKREPRESENTATION_DATA(#3C7DC) - this may cause problems in AutoCAD
copy process ignored ACDB_BLOCKREPRESENTATION_DATA(#3C7EE) - this may cause problems in AutoCAD
copy process ignored ACDB_BLOCKREPRESENTATION_DATA(#3C800) - this may cause problems in AutoCAD
copy process ignored ACDB_BLOCKREPRESENTATION_DATA(#3C85F) - this may cause problems in AutoCAD
copy process ignored ACDB_BLOCKREPRESENTATION_DATA(#3C871) - this may cause problems in AutoCAD
copy process ignored ACDB_BLOCKREPRESENTATION_DATA(#3C883) - this may cause problems in AutoCAD
copy process ignored ACDB_BLOCKREPRESENTATION_DATA(#3C895) - this may cause problems in AutoCAD
copy process ignored ACDB_BLOCKREPRESENTATION_DATA(#3C8A7) - this may cause problems in AutoCAD
copy process ignored ACDB_BLOCKREPRESENTATION_DATA(#3C8B9) - this may cause problems in AutoCAD
copy process ignored ACDB_BLOCKREPRESENTATION_DATA(#3C8CB) - this may cause problems in AutoCAD
copy process ignored ACDB_BLOCKREPRESENTATION_DATA(#3C8DD) - this may cause problems in AutoCAD
copy process ignored ACDB_BLOCKREPRESENTATION_DATA(#3C8EF) - this may cause problems in AutoCAD
copy process ignored ACDB_BLOCKREPRESENTATION_DATA(#3C901) - this may cause problems in AutoCAD
copy process ignored ACDB_BLOCKREPRESENTATION_DATA(#3C913) - this may cause problems in AutoCAD
copy process ignored ACDB_BLOCKREPRESENTATION_DATA(#3C925) - this may cause problems in AutoCAD
copy process ignored ACDB_BLOCKREPRESENTATION_DATA(#3C987) - this may cause problems in AutoCAD
copy process ignored ACDB_BLOCKREPRESENTATION_DATA(#3C9F4) - this may cause problems in AutoCAD
copy process ignored ACDB_BLOCKREPRESENTATION_DATA(#3CA14) - this may cause problems in AutoCAD
copy process ignored ACDB_BLOCKREPRESENTATION_DATA(#3CA73) - this may cause problems in AutoCAD
copy process ignored ACDB_BLOCKREPRESENTATION_DATA(#3CA85) - this may cause problems in AutoCAD
copy process ignored ACDB_BLOCKREPRESENTATION_DATA(#3CA97) - this may cause problems in AutoCAD
copy process ignored ACDB_BLOCKREPRESENTATION_DATA(#5C595) - this may cause problems in AutoCAD
copy process ignored ACDB_BLOCKREPRESENTATION_DATA(#5C59D) - this may cause problems in AutoCAD
copy process ignored ACDB_BLOCKREPRESENTATION_DATA(#44B07) - this may cause problems in AutoCAD
copy process ignored ACDB_BLOCKREPRESENTATION_DATA(#44B17) - this may cause problems in AutoCAD
copy process ignored ACDB_BLOCKREPRESENTATION_DATA(#4377A) - this may cause problems in AutoCAD
copy process ignored ACDB_BLOCKREPRESENTATION_DATA(#43782) - this may cause problems in AutoCAD
copy process ignored ACDB_BLOCKREPRESENTATION_DATA(#4377A) - this may cause problems in AutoCAD
copy process ignored ACDB_BLOCKREPRESENTATION_DATA(#43782) - this may cause problems in AutoCAD
copy process ignored ACDB_BLOCKREPRESENTATION_DATA(#44B7F) - this may cause problems in AutoCAD
copy process ignored ACDB_BLOCKREPRESENTATION_DATA(#44B87) - this may cause problems in AutoCAD
copy process ignored ACDB_BLOCKREPRESENTATION_DATA(#43704) - this may cause problems in AutoCAD
copy process ignored ACDB_BLOCKREPRESENTATION_DATA(#43714) - this may cause problems in AutoCAD
copy process ignored ACDB_BLOCKREPRESENTATION_DATA(#43704) - this may cause problems in AutoCAD
copy process ignored ACDB_BLOCKREPRESENTATION_DATA(#43714) - this may cause problems in AutoCAD
copy process ignored ACDB_BLOCKREPRESENTATION_DATA(#5C5B9) - this may cause problems in AutoCAD
copy process ignored ACDB_BLOCKREPRESENTATION_DATA(#5C5C3) - this may cause problems in AutoCAD
copy process ignored ACDB_BLOCKREPRESENTATION_DATA(#5C5CD) - this may cause problems in AutoCAD
copy process ignored ACDB_BLOCKREPRESENTATION_DATA(#493C1) - this may cause problems in AutoCAD
copy process ignored ACDB_BLOCKREPRESENTATION_DATA(#493EB) - this may cause problems in AutoCAD
copy process ignored ACDB_BLOCKREPRESENTATION_DATA(#493F8) - this may cause problems in AutoCAD
copy process ignored ACDB_BLOCKREPRESENTATION_DATA(#4940E) - this may cause problems in AutoCAD
copy process ignored ACDB_BLOCKREPRESENTATION_DATA(#49424) - this may cause problems in AutoCAD
copy process ignored ACDB_BLOCKREPRESENTATION_DATA(#4943A) - this may cause problems in AutoCAD
copy process ignored ACDB_BLOCKREPRESENTATION_DATA(#49446) - this may cause problems in AutoCAD
copy process ignored ACDB_BLOCKREPRESENTATION_DATA(#49451) - this may cause problems in AutoCAD
copy process ignored ACDB_BLOCKREPRESENTATION_DATA(#5C5E0) - this may cause problems in AutoCAD
copy process ignored ACDB_BLOCKREPRESENTATION_DATA(#44C7F) - this may cause problems in AutoCAD
copy process ignored ACDB_BLOCKREPRESENTATION_DATA(#44C89) - this may cause problems in AutoCAD
copy process ignored ACDB_BLOCKREPRESENTATION_DATA(#44CD7) - this may cause problems in AutoCAD
copy process ignored ACDB_BLOCKREPRESENTATION_DATA(#44CE2) - this may cause problems in AutoCAD
copy process ignored ACDB_BLOCKREPRESENTATION_DATA(#44CFF) - this may cause problems in AutoCAD
copy process ignored ACDB_BLOCKREPRESENTATION_DATA(#44D09) - this may cause problems in AutoCAD
copy process ignored ACDB_BLOCKREPRESENTATION_DATA(#44D22) - this may cause problems in AutoCAD
copy process ignored ACDB_BLOCKREPRESENTATION_DATA(#44D3A) - this may cause problems in AutoCAD
copy process ignored ACDB_BLOCKREPRESENTATION_DATA(#44D52) - this may cause problems in AutoCAD
copy process ignored ACDB_BLOCKREPRESENTATION_DATA(#44D5C) - this may cause problems in AutoCAD
copy process ignored ACDB_BLOCKREPRESENTATION_DATA(#44D76) - this may cause problems in AutoCAD
copy process ignored ACDB_BLOCKREPRESENTATION_DATA(#44D8D) - this may cause problems in AutoCAD
copy process ignored ACDB_BLOCKREPRESENTATION_DATA(#44D95) - this may cause problems in AutoCAD
copy process ignored ACDB_BLOCKREPRESENTATION_DATA(#44D9F) - this may cause problems in AutoCAD
copy process ignored ACDB_BLOCKREPRESENTATION_DATA(#44DA6) - this may cause problems in AutoCAD
copy process ignored ACDB_BLOCKREPRESENTATION_DATA(#5C5EC) - this may cause problems in AutoCAD
copy process ignored ACDB_BLOCKREPRESENTATION_DATA(#44DE8) - this may cause problems in AutoCAD
copy process ignored ACDB_BLOCKREPRESENTATION_DATA(#44DF9) - this may cause problems in AutoCAD
copy process ignored ACDB_BLOCKREPRESENTATION_DATA(#44E36) - this may cause problems in AutoCAD
copy process ignored ACDB_BLOCKREPRESENTATION_DATA(#44E56) - this may cause problems in AutoCAD
copy process ignored ACDB_BLOCKREPRESENTATION_DATA(#44E60) - this may cause problems in AutoCAD
copy process ignored ACDB_BLOCKREPRESENTATION_DATA(#39B01) - this may cause problems in AutoCAD
copy process ignored ACDB_BLOCKREPRESENTATION_DATA(#39B27) - this may cause problems in AutoCAD
copy process ignored ACDB_BLOCKREPRESENTATION_DATA(#39B54) - this may cause problems in AutoCAD
copy process ignored ACDB_BLOCKREPRESENTATION_DATA(#39B71) - this may cause problems in AutoCAD
copy process ignored ACDB_BLOCKREPRESENTATION_DATA(#39B79) - this may cause problems in AutoCAD
copy process ignored ACDB_BLOCKREPRESENTATION_DATA(#39B81) - this may cause problems in AutoCAD
copy process ignored ACDB_BLOCKREPRESENTATION_DATA(#39B89) - this may cause problems in AutoCAD
copy process ignored ACDB_BLOCKREPRESENTATION_DATA(#39B91) - this may cause problems in AutoCAD
copy process ignored ACDB_BLOCKREPRESENTATION_DATA(#39B99) - this may cause problems in AutoCAD
copy process ignored ACDB_BLOCKREPRESENTATION_DATA(#39BA1) - this may cause problems in AutoCAD
copy process ignored ACDB_BLOCKREPRESENTATION_DATA(#39BB0) - this may cause problems in AutoCAD
copy process ignored ACDB_BLOCKREPRESENTATION_DATA(#39BB8) - this may cause problems in AutoCAD
copy process ignored ACDB_BLOCKREPRESENTATION_DATA(#39BC0) - this may cause problems in AutoCAD
copy process ignored ACDB_BLOCKREPRESENTATION_DATA(#39BC8) - this may cause problems in AutoCAD
copy process ignored ACDB_BLOCKREPRESENTATION_DATA(#39BD0) - this may cause problems in AutoCAD
copy process ignored ACDB_BLOCKREPRESENTATION_DATA(#39BD8) - this may cause problems in AutoCAD
copy process ignored ACDB_BLOCKREPRESENTATION_DATA(#39BE0) - this may cause problems in AutoCAD
copy process ignored ACDB_BLOCKREPRESENTATION_DATA(#39BE8) - this may cause problems in AutoCAD
copy process ignored ACDB_BLOCKREPRESENTATION_DATA(#39BF7) - this may cause problems in AutoCAD
copy process ignored ACDB_BLOCKREPRESENTATION_DATA(#39C06) - this may cause problems in AutoCAD
copy process ignored ACDB_BLOCKREPRESENTATION_DATA(#39C15) - this may cause problems in AutoCAD
copy process ignored ACDB_BLOCKREPRESENTATION_DATA(#39C24) - this may cause problems in AutoCAD
copy process ignored ACDB_BLOCKREPRESENTATION_DATA(#39C33) - this may cause problems in AutoCAD
copy process ignored ACDB_BLOCKREPRESENTATION_DATA(#39C3B) - this may cause problems in AutoCAD
copy process ignored ACDB_BLOCKREPRESENTATION_DATA(#39C43) - this may cause problems in AutoCAD
copy process ignored ACDB_BLOCKREPRESENTATION_DATA(#39C4E) - this may cause problems in AutoCAD
copy process ignored ACDB_BLOCKREPRESENTATION_DATA(#39C59) - this may cause problems in AutoCAD
copy process ignored ACDB_BLOCKREPRESENTATION_DATA(#39C64) - this may cause problems in AutoCAD
copy process ignored ACDB_BLOCKREPRESENTATION_DATA(#39C6F) - this may cause problems in AutoCAD
copy process ignored ACDB_BLOCKREPRESENTATION_DATA(#39C7A) - this may cause problems in AutoCAD
copy process ignored ACDB_BLOCKREPRESENTATION_DATA(#39C85) - this may cause problems in AutoCAD
copy process ignored ACDB_BLOCKREPRESENTATION_DATA(#39C90) - this may cause problems in AutoCAD
copy process ignored ACDB_BLOCKREPRESENTATION_DATA(#39C9B) - this may cause problems in AutoCAD
copy process ignored ACDB_BLOCKREPRESENTATION_DATA(#39CA6) - this may cause problems in AutoCAD
copy process ignored ACDB_BLOCKREPRESENTATION_DATA(#39CB1) - this may cause problems in AutoCAD
copy process ignored ACDB_BLOCKREPRESENTATION_DATA(#39CBC) - this may cause problems in AutoCAD
copy process ignored ACDB_BLOCKREPRESENTATION_DATA(#39CC7) - this may cause problems in AutoCAD
copy process ignored ACDB_BLOCKREPRESENTATION_DATA(#39CD2) - this may cause problems in AutoCAD
copy process ignored ACDB_BLOCKREPRESENTATION_DATA(#39CDD) - this may cause problems in AutoCAD
copy process ignored ACDB_BLOCKREPRESENTATION_DATA(#39CE8) - this may cause problems in AutoCAD
copy process ignored ACDB_BLOCKREPRESENTATION_DATA(#39CF3) - this may cause problems in AutoCAD
copy process ignored ACDB_BLOCKREPRESENTATION_DATA(#39CFE) - this may cause problems in AutoCAD
copy process ignored ACDB_BLOCKREPRESENTATION_DATA(#39D09) - this may cause problems in AutoCAD
copy process ignored ACDB_BLOCKREPRESENTATION_DATA(#39D14) - this may cause problems in AutoCAD
copy process ignored ACDB_BLOCKREPRESENTATION_DATA(#39D1F) - this may cause problems in AutoCAD
copy process ignored ACDB_BLOCKREPRESENTATION_DATA(#39D2A) - this may cause problems in AutoCAD
copy process ignored ACDB_BLOCKREPRESENTATION_DATA(#39D35) - this may cause problems in AutoCAD
copy process ignored ACDB_BLOCKREPRESENTATION_DATA(#39D40) - this may cause problems in AutoCAD
copy process ignored ACDB_BLOCKREPRESENTATION_DATA(#39D4B) - this may cause problems in AutoCAD
copy process ignored ACDB_BLOCKREPRESENTATION_DATA(#39D56) - this may cause problems in AutoCAD
copy process ignored ACDB_BLOCKREPRESENTATION_DATA(#39D61) - this may cause problems in AutoCAD
copy process ignored ACDB_BLOCKREPRESENTATION_DATA(#39D6C) - this may cause problems in AutoCAD
copy process ignored ACDB_BLOCKREPRESENTATION_DATA(#39D77) - this may cause problems in AutoCAD
copy process ignored ACDB_BLOCKREPRESENTATION_DATA(#39D82) - this may cause problems in AutoCAD
copy process ignored ACDB_BLOCKREPRESENTATION_DATA(#39D8D) - this may cause problems in AutoCAD
copy process ignored ACDB_BLOCKREPRESENTATION_DATA(#39D98) - this may cause problems in AutoCAD
copy process ignored ACDB_BLOCKREPRESENTATION_DATA(#39DA3) - this may cause problems in AutoCAD
copy process ignored ACDB_BLOCKREPRESENTATION_DATA(#39DAE) - this may cause problems in AutoCAD
copy process ignored ACDB_BLOCKREPRESENTATION_DATA(#39DB9) - this may cause problems in AutoCAD
copy process ignored ACDB_BLOCKREPRESENTATION_DATA(#39DC4) - this may cause problems in AutoCAD
copy process ignored ACDB_BLOCKREPRESENTATION_DATA(#39DCF) - this may cause problems in AutoCAD
copy process ignored ACDB_BLOCKREPRESENTATION_DATA(#39DDA) - this may cause problems in AutoCAD
copy process ignored ACDB_BLOCKREPRESENTATION_DATA(#39DE5) - this may cause problems in AutoCAD
copy process ignored ACDB_BLOCKREPRESENTATION_DATA(#39DF0) - this may cause problems in AutoCAD
copy process ignored ACDB_BLOCKREPRESENTATION_DATA(#39DFB) - this may cause problems in AutoCAD
copy process ignored ACDB_BLOCKREPRESENTATION_DATA(#39E06) - this may cause problems in AutoCAD
copy process ignored ACDB_BLOCKREPRESENTATION_DATA(#39E11) - this may cause problems in AutoCAD
copy process ignored ACDB_BLOCKREPRESENTATION_DATA(#39E1C) - this may cause problems in AutoCAD
copy process ignored ACDB_BLOCKREPRESENTATION_DATA(#39E27) - this may cause problems in AutoCAD
copy process ignored ACDB_BLOCKREPRESENTATION_DATA(#39E3A) - this may cause problems in AutoCAD
copy process ignored ACDB_BLOCKREPRESENTATION_DATA(#39E45) - this may cause problems in AutoCAD
copy process ignored ACDB_BLOCKREPRESENTATION_DATA(#39E50) - this may cause problems in AutoCAD
copy process ignored ACDB_BLOCKREPRESENTATION_DATA(#39E5B) - this may cause problems in AutoCAD
copy process ignored ACDB_BLOCKREPRESENTATION_DATA(#39E68) - this may cause problems in AutoCAD
copy process ignored ACDB_BLOCKREPRESENTATION_DATA(#39E73) - this may cause problems in AutoCAD
copy process ignored ACDB_BLOCKREPRESENTATION_DATA(#39E7E) - this may cause problems in AutoCAD
copy process ignored ACDB_BLOCKREPRESENTATION_DATA(#39E89) - this may cause problems in AutoCAD
copy process ignored ACDB_BLOCKREPRESENTATION_DATA(#39E94) - this may cause problems in AutoCAD
copy process ignored ACDB_BLOCKREPRESENTATION_DATA(#39EA3) - this may cause problems in AutoCAD
copy process ignored ACDB_BLOCKREPRESENTATION_DATA(#39EB2) - this may cause problems in AutoCAD
copy process ignored ACDB_BLOCKREPRESENTATION_DATA(#39EC1) - this may cause problems in AutoCAD
copy process ignored ACDB_BLOCKREPRESENTATION_DATA(#39ED0) - this may cause problems in AutoCAD
copy process ignored ACDB_BLOCKREPRESENTATION_DATA(#39EE2) - this may cause problems in AutoCAD
copy process ignored ACDB_BLOCKREPRESENTATION_DATA(#39EEA) - this may cause problems in AutoCAD
copy process ignored ACDB_BLOCKREPRESENTATION_DATA(#39EFC) - this may cause problems in AutoCAD
copy process ignored ACDB_BLOCKREPRESENTATION_DATA(#39F0E) - this may cause problems in AutoCAD
copy process ignored ACDB_BLOCKREPRESENTATION_DATA(#39F20) - this may cause problems in AutoCAD
copy process ignored ACDB_BLOCKREPRESENTATION_DATA(#39F28) - this may cause problems in AutoCAD
copy process ignored ACDB_BLOCKREPRESENTATION_DATA(#39F3A) - this may cause problems in AutoCAD
copy process ignored ACDB_BLOCKREPRESENTATION_DATA(#39F42) - this may cause problems in AutoCAD
copy process ignored ACDB_BLOCKREPRESENTATION_DATA(#39F54) - this may cause problems in AutoCAD
copy process ignored ACDB_BLOCKREPRESENTATION_DATA(#39F66) - this may cause problems in AutoCAD
copy process ignored ACDB_BLOCKREPRESENTATION_DATA(#39F6E) - this may cause problems in AutoCAD
copy process ignored ACDB_BLOCKREPRESENTATION_DATA(#39F76) - this may cause problems in AutoCAD
copy process ignored ACDB_BLOCKREPRESENTATION_DATA(#39F88) - this may cause problems in AutoCAD
copy process ignored ACDB_BLOCKREPRESENTATION_DATA(#39F9A) - this may cause problems in AutoCAD
copy process ignored ACDB_BLOCKREPRESENTATION_DATA(#39FA2) - this may cause problems in AutoCAD
copy process ignored ACDB_BLOCKREPRESENTATION_DATA(#39FB4) - this may cause problems in AutoCAD
copy process ignored ACDB_BLOCKREPRESENTATION_DATA(#39FBC) - this may cause problems in AutoCAD
copy process ignored ACDB_BLOCKREPRESENTATION_DATA(#39FCE) - this may cause problems in AutoCAD
copy process ignored ACDB_BLOCKREPRESENTATION_DATA(#39FE0) - this may cause problems in AutoCAD
copy process ignored ACDB_BLOCKREPRESENTATION_DATA(#39FF2) - this may cause problems in AutoCAD
copy process ignored ACDB_BLOCKREPRESENTATION_DATA(#3A004) - this may cause problems in AutoCAD
copy process ignored ACDB_BLOCKREPRESENTATION_DATA(#3A016) - this may cause problems in AutoCAD
copy process ignored ACDB_BLOCKREPRESENTATION_DATA(#3A028) - this may cause problems in AutoCAD
copy process ignored ACDB_BLOCKREPRESENTATION_DATA(#3A03A) - this may cause problems in AutoCAD
copy process ignored ACDB_BLOCKREPRESENTATION_DATA(#3A042) - this may cause problems in AutoCAD
copy process ignored ACDB_BLOCKREPRESENTATION_DATA(#3A054) - this may cause problems in AutoCAD
copy process ignored ACDB_BLOCKREPRESENTATION_DATA(#3A066) - this may cause problems in AutoCAD
copy process ignored ACDB_BLOCKREPRESENTATION_DATA(#3A06E) - this may cause problems in AutoCAD
copy process ignored ACDB_BLOCKREPRESENTATION_DATA(#3A080) - this may cause problems in AutoCAD
copy process ignored ACDB_BLOCKREPRESENTATION_DATA(#3A088) - this may cause problems in AutoCAD
copy process ignored ACDB_BLOCKREPRESENTATION_DATA(#3A090) - this may cause problems in AutoCAD
copy process ignored ACDB_BLOCKREPRESENTATION_DATA(#3A098) - this may cause problems in AutoCAD
copy process ignored ACDB_BLOCKREPRESENTATION_DATA(#3A0AA) - this may cause problems in AutoCAD
copy process ignored ACDB_BLOCKREPRESENTATION_DATA(#3A0BC) - this may cause problems in AutoCAD
copy process ignored ACDB_BLOCKREPRESENTATION_DATA(#3A0C7) - this may cause problems in AutoCAD
copy process ignored ACDB_BLOCKREPRESENTATION_DATA(#3A0D9) - this may cause problems in AutoCAD
copy process ignored ACDB_BLOCKREPRESENTATION_DATA(#3A0EB) - this may cause problems in AutoCAD
copy process ignored ACDB_BLOCKREPRESENTATION_DATA(#3A0FD) - this may cause problems in AutoCAD
copy process ignored ACDB_BLOCKREPRESENTATION_DATA(#3A10F) - this may cause problems in AutoCAD
copy process ignored ACDB_BLOCKREPRESENTATION_DATA(#3A117) - this may cause problems in AutoCAD
copy process ignored ACDB_BLOCKREPRESENTATION_DATA(#3A129) - this may cause problems in AutoCAD
copy process ignored ACDB_BLOCKREPRESENTATION_DATA(#3A13B) - this may cause problems in AutoCAD
copy process ignored ACDB_BLOCKREPRESENTATION_DATA(#3A14D) - this may cause problems in AutoCAD
copy process ignored ACDB_BLOCKREPRESENTATION_DATA(#3A15F) - this may cause problems in AutoCAD
copy process ignored ACDB_BLOCKREPRESENTATION_DATA(#3A171) - this may cause problems in AutoCAD
copy process ignored ACDB_BLOCKREPRESENTATION_DATA(#3A183) - this may cause problems in AutoCAD
copy process ignored ACDB_BLOCKREPRESENTATION_DATA(#3A195) - this may cause problems in AutoCAD
copy process ignored ACDB_BLOCKREPRESENTATION_DATA(#3A1A7) - this may cause problems in AutoCAD
copy process ignored ACDB_BLOCKREPRESENTATION_DATA(#3A1B9) - this may cause problems in AutoCAD
copy process ignored ACDB_BLOCKREPRESENTATION_DATA(#3A1CB) - this may cause problems in AutoCAD
copy process ignored ACDB_BLOCKREPRESENTATION_DATA(#3A1DD) - this may cause problems in AutoCAD
copy process ignored ACDB_BLOCKREPRESENTATION_DATA(#3A1EF) - this may cause problems in AutoCAD
copy process ignored ACDB_BLOCKREPRESENTATION_DATA(#3A289) - this may cause problems in AutoCAD
copy process ignored ACDB_BLOCKREPRESENTATION_DATA(#3A341) - this may cause problems in AutoCAD
copy process ignored ACDB_BLOCKREPRESENTATION_DATA(#3A378) - this may cause problems in AutoCAD
copy process ignored ACDB_BLOCKREPRESENTATION_DATA(#3A389) - this may cause problems in AutoCAD
copy process ignored ACDB_BLOCKREPRESENTATION_DATA(#3A3A4) - this may cause problems in AutoCAD
copy process ignored ACDB_BLOCKREPRESENTATION_DATA(#3A3C7) - this may cause problems in AutoCAD
copy process ignored ACDB_BLOCKREPRESENTATION_DATA(#3A481) - this may cause problems in AutoCAD
copy process ignored ACDB_BLOCKREPRESENTATION_DATA(#5C5FD) - this may cause problems in AutoCAD
copy process ignored ACDB_BLOCKREPRESENTATION_DATA(#44EA2) - this may cause problems in AutoCAD
copy process ignored ACDB_BLOCKREPRESENTATION_DATA(#44EB3) - this may cause problems in AutoCAD
copy process ignored ACDB_BLOCKREPRESENTATION_DATA(#44EF0) - this may cause problems in AutoCAD
copy process ignored ACDB_BLOCKREPRESENTATION_DATA(#44F10) - this may cause problems in AutoCAD
copy process ignored ACDB_BLOCKREPRESENTATION_DATA(#44F1A) - this may cause problems in AutoCAD
copy process ignored ACDB_BLOCKREPRESENTATION_DATA(#5C427) - this may cause problems in AutoCAD
copy process ignored ACDB_BLOCKREPRESENTATION_DATA(#44F5B) - this may cause problems in AutoCAD
copy process ignored ACDB_BLOCKREPRESENTATION_DATA(#44F6C) - this may cause problems in AutoCAD
copy process ignored ACDB_BLOCKREPRESENTATION_DATA(#44FA9) - this may cause problems in AutoCAD
copy process ignored ACDB_BLOCKREPRESENTATION_DATA(#44FC9) - this may cause problems in AutoCAD
copy process ignored ACDB_BLOCKREPRESENTATION_DATA(#44FD3) - this may cause problems in AutoCAD
copy process ignored ACDB_BLOCKREPRESENTATION_DATA(#5C437) - this may cause problems in AutoCAD
copy process ignored ACDB_BLOCKREPRESENTATION_DATA(#45014) - this may cause problems in AutoCAD
copy process ignored ACDB_BLOCKREPRESENTATION_DATA(#45025) - this may cause problems in AutoCAD
copy process ignored ACDB_BLOCKREPRESENTATION_DATA(#45062) - this may cause problems in AutoCAD
copy process ignored ACDB_BLOCKREPRESENTATION_DATA(#45082) - this may cause problems in AutoCAD
copy process ignored ACDB_BLOCKREPRESENTATION_DATA(#4508C) - this may cause problems in AutoCAD
copy process ignored ACDB_BLOCKREPRESENTATION_DATA(#5C447) - this may cause problems in AutoCAD
copy process ignored ACDB_BLOCKREPRESENTATION_DATA(#450CD) - this may cause problems in AutoCAD
copy process ignored ACDB_BLOCKREPRESENTATION_DATA(#450DE) - this may cause problems in AutoCAD
copy process ignored ACDB_BLOCKREPRESENTATION_DATA(#4511B) - this may cause problems in AutoCAD
copy process ignored ACDB_BLOCKREPRESENTATION_DATA(#4513B) - this may cause problems in AutoCAD
copy process ignored ACDB_BLOCKREPRESENTATION_DATA(#45145) - this may cause problems in AutoCAD
copy process ignored ACDB_BLOCKREPRESENTATION_DATA(#5C457) - this may cause problems in AutoCAD
copy process ignored ACDB_BLOCKREPRESENTATION_DATA(#45186) - this may cause problems in AutoCAD
copy process ignored ACDB_BLOCKREPRESENTATION_DATA(#45197) - this may cause problems in AutoCAD
copy process ignored ACDB_BLOCKREPRESENTATION_DATA(#451D4) - this may cause problems in AutoCAD
copy process ignored ACDB_BLOCKREPRESENTATION_DATA(#451F4) - this may cause problems in AutoCAD
copy process ignored ACDB_BLOCKREPRESENTATION_DATA(#451FE) - this may cause problems in AutoCAD
copy process ignored ACDB_BLOCKREPRESENTATION_DATA(#5C467) - this may cause problems in AutoCAD
copy process ignored ACDB_BLOCKREPRESENTATION_DATA(#4523F) - this may cause problems in AutoCAD
copy process ignored ACDB_BLOCKREPRESENTATION_DATA(#45250) - this may cause problems in AutoCAD
copy process ignored ACDB_BLOCKREPRESENTATION_DATA(#4528D) - this may cause problems in AutoCAD
copy process ignored ACDB_BLOCKREPRESENTATION_DATA(#452AD) - this may cause problems in AutoCAD
copy process ignored ACDB_BLOCKREPRESENTATION_DATA(#452B7) - this may cause problems in AutoCAD
copy process ignored ACDB_BLOCKREPRESENTATION_DATA(#5C477) - this may cause problems in AutoCAD
copy process ignored ACDB_BLOCKREPRESENTATION_DATA(#452F8) - this may cause problems in AutoCAD
copy process ignored ACDB_BLOCKREPRESENTATION_DATA(#45309) - this may cause problems in AutoCAD
copy process ignored ACDB_BLOCKREPRESENTATION_DATA(#45346) - this may cause problems in AutoCAD
copy process ignored ACDB_BLOCKREPRESENTATION_DATA(#45366) - this may cause problems in AutoCAD
copy process ignored ACDB_BLOCKREPRESENTATION_DATA(#45370) - this may cause problems in AutoCAD
copy process ignored ACDB_BLOCKREPRESENTATION_DATA(#5C487) - this may cause problems in AutoCAD
copy process ignored ACDB_BLOCKREPRESENTATION_DATA(#42F78) - this may cause problems in AutoCAD
copy process ignored ACDB_BLOCKREPRESENTATION_DATA(#42F89) - this may cause problems in AutoCAD
copy process ignored ACDB_BLOCKREPRESENTATION_DATA(#42FC6) - this may cause problems in AutoCAD
copy process ignored ACDB_BLOCKREPRESENTATION_DATA(#42FE6) - this may cause problems in AutoCAD
copy process ignored ACDB_BLOCKREPRESENTATION_DATA(#42FF0) - this may cause problems in AutoCAD
copy process ignored ACDB_BLOCKREPRESENTATION_DATA(#5C6EF) - this may cause problems in AutoCAD
copy process ignored ACDB_BLOCKREPRESENTATION_DATA(#453C1) - this may cause problems in AutoCAD
copy process ignored ACDB_BLOCKREPRESENTATION_DATA(#453D2) - this may cause problems in AutoCAD
copy process ignored ACDB_BLOCKREPRESENTATION_DATA(#4540F) - this may cause problems in AutoCAD
copy process ignored ACDB_BLOCKREPRESENTATION_DATA(#4542F) - this may cause problems in AutoCAD
copy process ignored ACDB_BLOCKREPRESENTATION_DATA(#45439) - this may cause problems in AutoCAD
copy process ignored ACDB_BLOCKREPRESENTATION_DATA(#5C6FF) - this may cause problems in AutoCAD
copy process ignored ACDB_BLOCKREPRESENTATION_DATA(#4546E) - this may cause problems in AutoCAD
copy process ignored ACDB_BLOCKREPRESENTATION_DATA(#45484) - this may cause problems in AutoCAD
copy process ignored ACDB_BLOCKREPRESENTATION_DATA(#4549D) - this may cause problems in AutoCAD
copy process ignored ACDB_BLOCKREPRESENTATION_DATA(#454AC) - this may cause problems in AutoCAD
copy process ignored ACDB_BLOCKREPRESENTATION_DATA(#454C7) - this may cause problems in AutoCAD
copy process ignored ACDB_BLOCKREPRESENTATION_DATA(#454CE) - this may cause problems in AutoCAD
copy process ignored ACDB_BLOCKREPRESENTATION_DATA(#454EE) - this may cause problems in AutoCAD
copy process ignored ACDB_BLOCKREPRESENTATION_DATA(#45506) - this may cause problems in AutoCAD
copy process ignored ACDB_BLOCKREPRESENTATION_DATA(#4551F) - this may cause problems in AutoCAD
copy process ignored ACDB_BLOCKREPRESENTATION_DATA(#4553A) - this may cause problems in AutoCAD
copy process ignored ACDB_BLOCKREPRESENTATION_DATA(#45557) - this may cause problems in AutoCAD
copy process ignored ACDB_BLOCKREPRESENTATION_DATA(#45561) - this may cause problems in AutoCAD
copy process ignored ACDB_BLOCKREPRESENTATION_DATA(#5C70B) - this may cause problems in AutoCAD
copy process ignored ACDB_BLOCKREPRESENTATION_DATA(#455A2) - this may cause problems in AutoCAD
copy process ignored ACDB_BLOCKREPRESENTATION_DATA(#455B8) - this may cause problems in AutoCAD
copy process ignored ACDB_BLOCKREPRESENTATION_DATA(#455D1) - this may cause problems in AutoCAD
copy process ignored ACDB_BLOCKREPRESENTATION_DATA(#455E0) - this may cause problems in AutoCAD
copy process ignored ACDB_BLOCKREPRESENTATION_DATA(#455FB) - this may cause problems in AutoCAD
copy process ignored ACDB_BLOCKREPRESENTATION_DATA(#45602) - this may cause problems in AutoCAD
copy process ignored ACDB_BLOCKREPRESENTATION_DATA(#45622) - this may cause problems in AutoCAD
copy process ignored ACDB_BLOCKREPRESENTATION_DATA(#4563A) - this may cause problems in AutoCAD
copy process ignored ACDB_BLOCKREPRESENTATION_DATA(#45653) - this may cause problems in AutoCAD
copy process ignored ACDB_BLOCKREPRESENTATION_DATA(#4566E) - this may cause problems in AutoCAD
copy process ignored ACDB_BLOCKREPRESENTATION_DATA(#4568B) - this may cause problems in AutoCAD
copy process ignored ACDB_BLOCKREPRESENTATION_DATA(#45695) - this may cause problems in AutoCAD
copy process ignored ACDB_BLOCKREPRESENTATION_DATA(#5C717) - this may cause problems in AutoCAD
copy process ignored ACDB_BLOCKREPRESENTATION_DATA(#413A5) - this may cause problems in AutoCAD
copy process ignored ACDB_BLOCKREPRESENTATION_DATA(#413B6) - this may cause problems in AutoCAD
copy process ignored ACDB_BLOCKREPRESENTATION_DATA(#413F3) - this may cause problems in AutoCAD
copy process ignored ACDB_BLOCKREPRESENTATION_DATA(#41413) - this may cause problems in AutoCAD
copy process ignored ACDB_BLOCKREPRESENTATION_DATA(#4141D) - this may cause problems in AutoCAD
copy process ignored ACDB_BLOCKREPRESENTATION_DATA(#3AFFB) - this may cause problems in AutoCAD
copy process ignored ACDB_BLOCKREPRESENTATION_DATA(#3B05F) - this may cause problems in AutoCAD
copy process ignored ACDB_BLOCKREPRESENTATION_DATA(#3B143) - this may cause problems in AutoCAD
copy process ignored ACDB_BLOCKREPRESENTATION_DATA(#3B152) - this may cause problems in AutoCAD
copy process ignored ACDB_BLOCKREPRESENTATION_DATA(#3B173) - this may cause problems in AutoCAD
copy process ignored ACDB_BLOCKREPRESENTATION_DATA(#3B1B7) - this may cause problems in AutoCAD
copy process ignored ACDB_BLOCKREPRESENTATION_DATA(#5C729) - this may cause problems in AutoCAD
copy process ignored ACDB_BLOCKREPRESENTATION_DATA(#4570A) - this may cause problems in AutoCAD
copy process ignored ACDB_BLOCKREPRESENTATION_DATA(#45723) - this may cause problems in AutoCAD
copy process ignored ACDB_BLOCKREPRESENTATION_DATA(#4572B) - this may cause problems in AutoCAD
copy process ignored ACDB_BLOCKREPRESENTATION_DATA(#45752) - this may cause problems in AutoCAD
copy process ignored ACDB_BLOCKREPRESENTATION_DATA(#4576F) - this may cause problems in AutoCAD
copy process ignored ACDB_BLOCKREPRESENTATION_DATA(#4578C) - this may cause problems in AutoCAD
copy process ignored ACDB_BLOCKREPRESENTATION_DATA(#45796) - this may cause problems in AutoCAD
copy process ignored ACDB_BLOCKREPRESENTATION_DATA(#457AE) - this may cause problems in AutoCAD
copy process ignored ACDB_BLOCKREPRESENTATION_DATA(#457B8) - this may cause problems in AutoCAD
copy process ignored ACDB_BLOCKREPRESENTATION_DATA(#457D1) - this may cause problems in AutoCAD
copy process ignored ACDB_BLOCKREPRESENTATION_DATA(#457EB) - this may cause problems in AutoCAD
copy process ignored ACDB_BLOCKREPRESENTATION_DATA(#5C735) - this may cause problems in AutoCAD
copy process ignored ACDB_BLOCKREPRESENTATION_DATA(#4580A) - this may cause problems in AutoCAD
copy process ignored ACDB_BLOCKREPRESENTATION_DATA(#45818) - this may cause problems in AutoCAD
copy process ignored ACDB_BLOCKREPRESENTATION_DATA(#45822) - this may cause problems in AutoCAD
copy process ignored ACDB_BLOCKREPRESENTATION_DATA(#4585A) - this may cause problems in AutoCAD
copy process ignored ACDB_BLOCKREPRESENTATION_DATA(#45862) - this may cause problems in AutoCAD
copy process ignored ACDB_BLOCKREPRESENTATION_DATA(#4586A) - this may cause problems in AutoCAD
copy process ignored ACDB_BLOCKREPRESENTATION_DATA(#45898) - this may cause problems in AutoCAD
copy process ignored ACDB_BLOCKREPRESENTATION_DATA(#458A6) - this may cause problems in AutoCAD
copy process ignored ACDB_BLOCKREPRESENTATION_DATA(#458E1) - this may cause problems in AutoCAD
copy process ignored ACDB_BLOCKREPRESENTATION_DATA(#4594A) - this may cause problems in AutoCAD
copy process ignored ACDB_BLOCKREPRESENTATION_DATA(#5C73F) - this may cause problems in AutoCAD
copy process ignored ACDB_BLOCKREPRESENTATION_DATA(#45967) - this may cause problems in AutoCAD
copy process ignored ACDB_BLOCKREPRESENTATION_DATA(#45975) - this may cause problems in AutoCAD
copy process ignored ACDB_BLOCKREPRESENTATION_DATA(#4597F) - this may cause problems in AutoCAD
copy process ignored ACDB_BLOCKREPRESENTATION_DATA(#459B7) - this may cause problems in AutoCAD
copy process ignored ACDB_BLOCKREPRESENTATION_DATA(#459BF) - this may cause problems in AutoCAD
copy process ignored ACDB_BLOCKREPRESENTATION_DATA(#459C7) - this may cause problems in AutoCAD
copy process ignored ACDB_BLOCKREPRESENTATION_DATA(#459F5) - this may cause problems in AutoCAD
copy process ignored ACDB_BLOCKREPRESENTATION_DATA(#45A03) - this may cause problems in AutoCAD
copy process ignored ACDB_BLOCKREPRESENTATION_DATA(#45A3E) - this may cause problems in AutoCAD
copy process ignored ACDB_BLOCKREPRESENTATION_DATA(#45AA7) - this may cause problems in AutoCAD
copy process ignored ACDB_BLOCKREPRESENTATION_DATA(#5C749) - this may cause problems in AutoCAD
copy process ignored ACDB_BLOCKREPRESENTATION_DATA(#45AE8) - this may cause problems in AutoCAD
copy process ignored ACDB_BLOCKREPRESENTATION_DATA(#45B01) - this may cause problems in AutoCAD
copy process ignored ACDB_BLOCKREPRESENTATION_DATA(#45B09) - this may cause problems in AutoCAD
copy process ignored ACDB_BLOCKREPRESENTATION_DATA(#45B30) - this may cause problems in AutoCAD
copy process ignored ACDB_BLOCKREPRESENTATION_DATA(#45B4D) - this may cause problems in AutoCAD
copy process ignored ACDB_BLOCKREPRESENTATION_DATA(#45B6A) - this may cause problems in AutoCAD
copy process ignored ACDB_BLOCKREPRESENTATION_DATA(#45B74) - this may cause problems in AutoCAD
copy process ignored ACDB_BLOCKREPRESENTATION_DATA(#45B8C) - this may cause problems in AutoCAD
copy process ignored ACDB_BLOCKREPRESENTATION_DATA(#45B96) - this may cause problems in AutoCAD
copy process ignored ACDB_BLOCKREPRESENTATION_DATA(#45BAF) - this may cause problems in AutoCAD
copy process ignored ACDB_BLOCKREPRESENTATION_DATA(#45BC9) - this may cause problems in AutoCAD
copy process ignored ACDB_BLOCKREPRESENTATION_DATA(#5C755) - this may cause problems in AutoCAD
copy process ignored ACDB_BLOCKREPRESENTATION_DATA(#3BCBD) - this may cause problems in AutoCAD
copy process ignored ACDB_BLOCKREPRESENTATION_DATA(#3BCC4) - this may cause problems in AutoCAD
copy process ignored ACDB_BLOCKREPRESENTATION_DATA(#3BCDB) - this may cause problems in AutoCAD
copy process ignored ACDB_BLOCKREPRESENTATION_DATA(#3BD0D) - this may cause problems in AutoCAD
copy process ignored ACDB_BLOCKREPRESENTATION_DATA(#3BD2F) - this may cause problems in AutoCAD
copy process ignored ACDB_BLOCKREPRESENTATION_DATA(#3BD76) - this may cause problems in AutoCAD
copy process ignored ACDB_BLOCKREPRESENTATION_DATA(#3BDA7) - this may cause problems in AutoCAD
copy process ignored ACDB_BLOCKREPRESENTATION_DATA(#3BDC4) - this may cause problems in AutoCAD
copy process ignored ACDB_BLOCKREPRESENTATION_DATA(#3BDD7) - this may cause problems in AutoCAD
copy process ignored ACDB_BLOCKREPRESENTATION_DATA(#3BE18) - this may cause problems in AutoCAD
copy process ignored ACDB_BLOCKREPRESENTATION_DATA(#3BE2C) - this may cause problems in AutoCAD
copy process ignored ACDB_BLOCKREPRESENTATION_DATA(#5C75F) - this may cause problems in AutoCAD
copy process ignored ACDB_BLOCKREPRESENTATION_DATA(#45C05) - this may cause problems in AutoCAD
copy process ignored ACDB_BLOCKREPRESENTATION_DATA(#45C0C) - this may cause problems in AutoCAD
copy process ignored ACDB_BLOCKREPRESENTATION_DATA(#45C23) - this may cause problems in AutoCAD
copy process ignored ACDB_BLOCKREPRESENTATION_DATA(#45C3C) - this may cause problems in AutoCAD
copy process ignored ACDB_BLOCKREPRESENTATION_DATA(#45C4B) - this may cause problems in AutoCAD
copy process ignored ACDB_BLOCKREPRESENTATION_DATA(#45C79) - this may cause problems in AutoCAD
copy process ignored ACDB_BLOCKREPRESENTATION_DATA(#45C91) - this may cause problems in AutoCAD
copy process ignored ACDB_BLOCKREPRESENTATION_DATA(#45CAE) - this may cause problems in AutoCAD
copy process ignored ACDB_BLOCKREPRESENTATION_DATA(#45CC1) - this may cause problems in AutoCAD
copy process ignored ACDB_BLOCKREPRESENTATION_DATA(#45CE9) - this may cause problems in AutoCAD
copy process ignored ACDB_BLOCKREPRESENTATION_DATA(#45CFD) - this may cause problems in AutoCAD
copy process ignored ACDB_BLOCKREPRESENTATION_DATA(#5C60D) - this may cause problems in AutoCAD
copy process ignored ACDB_BLOCKREPRESENTATION_DATA(#45D4D) - this may cause problems in AutoCAD
copy process ignored ACDB_BLOCKREPRESENTATION_DATA(#45D5E) - this may cause problems in AutoCAD
copy process ignored ACDB_BLOCKREPRESENTATION_DATA(#45D67) - this may cause problems in AutoCAD
copy process ignored ACDB_BLOCKREPRESENTATION_DATA(#45DA3) - this may cause problems in AutoCAD
copy process ignored ACDB_BLOCKREPRESENTATION_DATA(#45DC3) - this may cause problems in AutoCAD
copy process ignored ACDB_BLOCKREPRESENTATION_DATA(#45DCD) - this may cause problems in AutoCAD
copy process ignored ACDB_BLOCKREPRESENTATION_DATA(#5C615) - this may cause problems in AutoCAD
copy process ignored ACDB_BLOCKREPRESENTATION_DATA(#45E0D) - this may cause problems in AutoCAD
copy process ignored ACDB_BLOCKREPRESENTATION_DATA(#45E26) - this may cause problems in AutoCAD
copy process ignored ACDB_BLOCKREPRESENTATION_DATA(#45E2E) - this may cause problems in AutoCAD
copy process ignored ACDB_BLOCKREPRESENTATION_DATA(#45E55) - this may cause problems in AutoCAD
copy process ignored ACDB_BLOCKREPRESENTATION_DATA(#45E72) - this may cause problems in AutoCAD
copy process ignored ACDB_BLOCKREPRESENTATION_DATA(#45E8F) - this may cause problems in AutoCAD
copy process ignored ACDB_BLOCKREPRESENTATION_DATA(#45E99) - this may cause problems in AutoCAD
copy process ignored ACDB_BLOCKREPRESENTATION_DATA(#45EB1) - this may cause problems in AutoCAD
copy process ignored ACDB_BLOCKREPRESENTATION_DATA(#45EBB) - this may cause problems in AutoCAD
copy process ignored ACDB_BLOCKREPRESENTATION_DATA(#45ED4) - this may cause problems in AutoCAD
copy process ignored ACDB_BLOCKREPRESENTATION_DATA(#45EEE) - this may cause problems in AutoCAD
copy process ignored ACDB_BLOCKREPRESENTATION_DATA(#5C621) - this may cause problems in AutoCAD
copy process ignored ACDB_BLOCKREPRESENTATION_DATA(#45F1B) - this may cause problems in AutoCAD
copy process ignored ACDB_BLOCKREPRESENTATION_DATA(#45F2C) - this may cause problems in AutoCAD
copy process ignored ACDB_BLOCKREPRESENTATION_DATA(#45F69) - this may cause problems in AutoCAD
copy process ignored ACDB_BLOCKREPRESENTATION_DATA(#45F89) - this may cause problems in AutoCAD
copy process ignored ACDB_BLOCKREPRESENTATION_DATA(#45F93) - this may cause problems in AutoCAD
copy process ignored ACDB_BLOCKREPRESENTATION_DATA(#5C631) - this may cause problems in AutoCAD
copy process ignored ACDB_BLOCKREPRESENTATION_DATA(#45FD4) - this may cause problems in AutoCAD
copy process ignored ACDB_BLOCKREPRESENTATION_DATA(#45FE5) - this may cause problems in AutoCAD
copy process ignored ACDB_BLOCKREPRESENTATION_DATA(#46022) - this may cause problems in AutoCAD
copy process ignored ACDB_BLOCKREPRESENTATION_DATA(#46042) - this may cause problems in AutoCAD
copy process ignored ACDB_BLOCKREPRESENTATION_DATA(#4604C) - this may cause problems in AutoCAD
copy process ignored ACDB_BLOCKREPRESENTATION_DATA(#5C641) - this may cause problems in AutoCAD
copy process ignored ACDB_BLOCKREPRESENTATION_DATA(#4357A) - this may cause problems in AutoCAD
copy process ignored ACDB_BLOCKREPRESENTATION_DATA(#43582) - this may cause problems in AutoCAD
copy process ignored ACDB_BLOCKREPRESENTATION_DATA(#435CA) - this may cause problems in AutoCAD
copy process ignored ACDB_BLOCKREPRESENTATION_DATA(#435D2) - this may cause problems in AutoCAD
copy process ignored ACDB_BLOCKREPRESENTATION_DATA(#5C655) - this may cause problems in AutoCAD
copy process ignored ACDB_BLOCKREPRESENTATION_DATA(#493C1) - this may cause problems in AutoCAD
copy process ignored ACDB_BLOCKREPRESENTATION_DATA(#493EB) - this may cause problems in AutoCAD
copy process ignored ACDB_BLOCKREPRESENTATION_DATA(#493F8) - this may cause problems in AutoCAD
copy process ignored ACDB_BLOCKREPRESENTATION_DATA(#4940E) - this may cause problems in AutoCAD
copy process ignored ACDB_BLOCKREPRESENTATION_DATA(#49424) - this may cause problems in AutoCAD
copy process ignored ACDB_BLOCKREPRESENTATION_DATA(#4943A) - this may cause problems in AutoCAD
copy process ignored ACDB_BLOCKREPRESENTATION_DATA(#49446) - this may cause problems in AutoCAD
copy process ignored ACDB_BLOCKREPRESENTATION_DATA(#49451) - this may cause problems in AutoCAD
copy process ignored ACDB_BLOCKREPRESENTATION_DATA(#5C665) - this may cause problems in AutoCAD
copy process ignored ACDB_BLOCKREPRESENTATION_DATA(#39666) - this may cause problems in AutoCAD
copy process ignored ACDB_BLOCKREPRESENTATION_DATA(#39670) - this may cause problems in AutoCAD
copy process ignored ACDB_BLOCKREPRESENTATION_DATA(#396BE) - this may cause problems in AutoCAD
copy process ignored ACDB_BLOCKREPRESENTATION_DATA(#396C9) - this may cause problems in AutoCAD
copy process ignored ACDB_BLOCKREPRESENTATION_DATA(#396E6) - this may cause problems in AutoCAD
copy process ignored ACDB_BLOCKREPRESENTATION_DATA(#396F0) - this may cause problems in AutoCAD
copy process ignored ACDB_BLOCKREPRESENTATION_DATA(#39709) - this may cause problems in AutoCAD
copy process ignored ACDB_BLOCKREPRESENTATION_DATA(#39721) - this may cause problems in AutoCAD
copy process ignored ACDB_BLOCKREPRESENTATION_DATA(#39739) - this may cause problems in AutoCAD
copy process ignored ACDB_BLOCKREPRESENTATION_DATA(#39743) - this may cause problems in AutoCAD
copy process ignored ACDB_BLOCKREPRESENTATION_DATA(#3975D) - this may cause problems in AutoCAD
copy process ignored ACDB_BLOCKREPRESENTATION_DATA(#39774) - this may cause problems in AutoCAD
copy process ignored ACDB_BLOCKREPRESENTATION_DATA(#3977C) - this may cause problems in AutoCAD
copy process ignored ACDB_BLOCKREPRESENTATION_DATA(#39786) - this may cause problems in AutoCAD
copy process ignored ACDB_BLOCKREPRESENTATION_DATA(#3978D) - this may cause problems in AutoCAD
copy process ignored ACDB_BLOCKREPRESENTATION_DATA(#5C671) - this may cause problems in AutoCAD
copy process ignored ACDB_BLOCKREPRESENTATION_DATA(#42F78) - this may cause problems in AutoCAD
copy process ignored ACDB_BLOCKREPRESENTATION_DATA(#42F89) - this may cause problems in AutoCAD
copy process ignored ACDB_BLOCKREPRESENTATION_DATA(#42FC6) - this may cause problems in AutoCAD
copy process ignored ACDB_BLOCKREPRESENTATION_DATA(#42FE6) - this may cause problems in AutoCAD
copy process ignored ACDB_BLOCKREPRESENTATION_DATA(#42FF0) - this may cause problems in AutoCAD
copy process ignored ACDB_BLOCKREPRESENTATION_DATA(#39B01) - this may cause problems in AutoCAD
copy process ignored ACDB_BLOCKREPRESENTATION_DATA(#39B27) - this may cause problems in AutoCAD
copy process ignored ACDB_BLOCKREPRESENTATION_DATA(#39B54) - this may cause problems in AutoCAD
copy process ignored ACDB_BLOCKREPRESENTATION_DATA(#39B71) - this may cause problems in AutoCAD
copy process ignored ACDB_BLOCKREPRESENTATION_DATA(#39B79) - this may cause problems in AutoCAD
copy process ignored ACDB_BLOCKREPRESENTATION_DATA(#39B81) - this may cause problems in AutoCAD
copy process ignored ACDB_BLOCKREPRESENTATION_DATA(#39B89) - this may cause problems in AutoCAD
copy process ignored ACDB_BLOCKREPRESENTATION_DATA(#39B91) - this may cause problems in AutoCAD
copy process ignored ACDB_BLOCKREPRESENTATION_DATA(#39B99) - this may cause problems in AutoCAD
copy process ignored ACDB_BLOCKREPRESENTATION_DATA(#39BA1) - this may cause problems in AutoCAD
copy process ignored ACDB_BLOCKREPRESENTATION_DATA(#39BB0) - this may cause problems in AutoCAD
copy process ignored ACDB_BLOCKREPRESENTATION_DATA(#39BB8) - this may cause problems in AutoCAD
copy process ignored ACDB_BLOCKREPRESENTATION_DATA(#39BC0) - this may cause problems in AutoCAD
copy process ignored ACDB_BLOCKREPRESENTATION_DATA(#39BC8) - this may cause problems in AutoCAD
copy process ignored ACDB_BLOCKREPRESENTATION_DATA(#39BD0) - this may cause problems in AutoCAD
copy process ignored ACDB_BLOCKREPRESENTATION_DATA(#39BD8) - this may cause problems in AutoCAD
copy process ignored ACDB_BLOCKREPRESENTATION_DATA(#39BE0) - this may cause problems in AutoCAD
copy process ignored ACDB_BLOCKREPRESENTATION_DATA(#39BE8) - this may cause problems in AutoCAD
copy process ignored ACDB_BLOCKREPRESENTATION_DATA(#39BF7) - this may cause problems in AutoCAD
copy process ignored ACDB_BLOCKREPRESENTATION_DATA(#39C06) - this may cause problems in AutoCAD
copy process ignored ACDB_BLOCKREPRESENTATION_DATA(#39C15) - this may cause problems in AutoCAD
copy process ignored ACDB_BLOCKREPRESENTATION_DATA(#39C24) - this may cause problems in AutoCAD
copy process ignored ACDB_BLOCKREPRESENTATION_DATA(#39C33) - this may cause problems in AutoCAD
copy process ignored ACDB_BLOCKREPRESENTATION_DATA(#39C3B) - this may cause problems in AutoCAD
copy process ignored ACDB_BLOCKREPRESENTATION_DATA(#39C43) - this may cause problems in AutoCAD
copy process ignored ACDB_BLOCKREPRESENTATION_DATA(#39C4E) - this may cause problems in AutoCAD
copy process ignored ACDB_BLOCKREPRESENTATION_DATA(#39C59) - this may cause problems in AutoCAD
copy process ignored ACDB_BLOCKREPRESENTATION_DATA(#39C64) - this may cause problems in AutoCAD
copy process ignored ACDB_BLOCKREPRESENTATION_DATA(#39C6F) - this may cause problems in AutoCAD
copy process ignored ACDB_BLOCKREPRESENTATION_DATA(#39C7A) - this may cause problems in AutoCAD
copy process ignored ACDB_BLOCKREPRESENTATION_DATA(#39C85) - this may cause problems in AutoCAD
copy process ignored ACDB_BLOCKREPRESENTATION_DATA(#39C90) - this may cause problems in AutoCAD
copy process ignored ACDB_BLOCKREPRESENTATION_DATA(#39C9B) - this may cause problems in AutoCAD
copy process ignored ACDB_BLOCKREPRESENTATION_DATA(#39CA6) - this may cause problems in AutoCAD
copy process ignored ACDB_BLOCKREPRESENTATION_DATA(#39CB1) - this may cause problems in AutoCAD
copy process ignored ACDB_BLOCKREPRESENTATION_DATA(#39CBC) - this may cause problems in AutoCAD
copy process ignored ACDB_BLOCKREPRESENTATION_DATA(#39CC7) - this may cause problems in AutoCAD
copy process ignored ACDB_BLOCKREPRESENTATION_DATA(#39CD2) - this may cause problems in AutoCAD
copy process ignored ACDB_BLOCKREPRESENTATION_DATA(#39CDD) - this may cause problems in AutoCAD
copy process ignored ACDB_BLOCKREPRESENTATION_DATA(#39CE8) - this may cause problems in AutoCAD
copy process ignored ACDB_BLOCKREPRESENTATION_DATA(#39CF3) - this may cause problems in AutoCAD
copy process ignored ACDB_BLOCKREPRESENTATION_DATA(#39CFE) - this may cause problems in AutoCAD
copy process ignored ACDB_BLOCKREPRESENTATION_DATA(#39D09) - this may cause problems in AutoCAD
copy process ignored ACDB_BLOCKREPRESENTATION_DATA(#39D14) - this may cause problems in AutoCAD
copy process ignored ACDB_BLOCKREPRESENTATION_DATA(#39D1F) - this may cause problems in AutoCAD
copy process ignored ACDB_BLOCKREPRESENTATION_DATA(#39D2A) - this may cause problems in AutoCAD
copy process ignored ACDB_BLOCKREPRESENTATION_DATA(#39D35) - this may cause problems in AutoCAD
copy process ignored ACDB_BLOCKREPRESENTATION_DATA(#39D40) - this may cause problems in AutoCAD
copy process ignored ACDB_BLOCKREPRESENTATION_DATA(#39D4B) - this may cause problems in AutoCAD
copy process ignored ACDB_BLOCKREPRESENTATION_DATA(#39D56) - this may cause problems in AutoCAD
copy process ignored ACDB_BLOCKREPRESENTATION_DATA(#39D61) - this may cause problems in AutoCAD
copy process ignored ACDB_BLOCKREPRESENTATION_DATA(#39D6C) - this may cause problems in AutoCAD
copy process ignored ACDB_BLOCKREPRESENTATION_DATA(#39D77) - this may cause problems in AutoCAD
copy process ignored ACDB_BLOCKREPRESENTATION_DATA(#39D82) - this may cause problems in AutoCAD
copy process ignored ACDB_BLOCKREPRESENTATION_DATA(#39D8D) - this may cause problems in AutoCAD
copy process ignored ACDB_BLOCKREPRESENTATION_DATA(#39D98) - this may cause problems in AutoCAD
copy process ignored ACDB_BLOCKREPRESENTATION_DATA(#39DA3) - this may cause problems in AutoCAD
copy process ignored ACDB_BLOCKREPRESENTATION_DATA(#39DAE) - this may cause problems in AutoCAD
copy process ignored ACDB_BLOCKREPRESENTATION_DATA(#39DB9) - this may cause problems in AutoCAD
copy process ignored ACDB_BLOCKREPRESENTATION_DATA(#39DC4) - this may cause problems in AutoCAD
copy process ignored ACDB_BLOCKREPRESENTATION_DATA(#39DCF) - this may cause problems in AutoCAD
copy process ignored ACDB_BLOCKREPRESENTATION_DATA(#39DDA) - this may cause problems in AutoCAD
copy process ignored ACDB_BLOCKREPRESENTATION_DATA(#39DE5) - this may cause problems in AutoCAD
copy process ignored ACDB_BLOCKREPRESENTATION_DATA(#39DF0) - this may cause problems in AutoCAD
copy process ignored ACDB_BLOCKREPRESENTATION_DATA(#39DFB) - this may cause problems in AutoCAD
copy process ignored ACDB_BLOCKREPRESENTATION_DATA(#39E06) - this may cause problems in AutoCAD
copy process ignored ACDB_BLOCKREPRESENTATION_DATA(#39E11) - this may cause problems in AutoCAD
copy process ignored ACDB_BLOCKREPRESENTATION_DATA(#39E1C) - this may cause problems in AutoCAD
copy process ignored ACDB_BLOCKREPRESENTATION_DATA(#39E27) - this may cause problems in AutoCAD
copy process ignored ACDB_BLOCKREPRESENTATION_DATA(#39E3A) - this may cause problems in AutoCAD
copy process ignored ACDB_BLOCKREPRESENTATION_DATA(#39E45) - this may cause problems in AutoCAD
copy process ignored ACDB_BLOCKREPRESENTATION_DATA(#39E50) - this may cause problems in AutoCAD
copy process ignored ACDB_BLOCKREPRESENTATION_DATA(#39E5B) - this may cause problems in AutoCAD
copy process ignored ACDB_BLOCKREPRESENTATION_DATA(#39E68) - this may cause problems in AutoCAD
copy process ignored ACDB_BLOCKREPRESENTATION_DATA(#39E73) - this may cause problems in AutoCAD
copy process ignored ACDB_BLOCKREPRESENTATION_DATA(#39E7E) - this may cause problems in AutoCAD
copy process ignored ACDB_BLOCKREPRESENTATION_DATA(#39E89) - this may cause problems in AutoCAD
copy process ignored ACDB_BLOCKREPRESENTATION_DATA(#39E94) - this may cause problems in AutoCAD
copy process ignored ACDB_BLOCKREPRESENTATION_DATA(#39EA3) - this may cause problems in AutoCAD
copy process ignored ACDB_BLOCKREPRESENTATION_DATA(#39EB2) - this may cause problems in AutoCAD
copy process ignored ACDB_BLOCKREPRESENTATION_DATA(#39EC1) - this may cause problems in AutoCAD
copy process ignored ACDB_BLOCKREPRESENTATION_DATA(#39ED0) - this may cause problems in AutoCAD
copy process ignored ACDB_BLOCKREPRESENTATION_DATA(#39EE2) - this may cause problems in AutoCAD
copy process ignored ACDB_BLOCKREPRESENTATION_DATA(#39EEA) - this may cause problems in AutoCAD
copy process ignored ACDB_BLOCKREPRESENTATION_DATA(#39EFC) - this may cause problems in AutoCAD
copy process ignored ACDB_BLOCKREPRESENTATION_DATA(#39F0E) - this may cause problems in AutoCAD
copy process ignored ACDB_BLOCKREPRESENTATION_DATA(#39F20) - this may cause problems in AutoCAD
copy process ignored ACDB_BLOCKREPRESENTATION_DATA(#39F28) - this may cause problems in AutoCAD
copy process ignored ACDB_BLOCKREPRESENTATION_DATA(#39F3A) - this may cause problems in AutoCAD
copy process ignored ACDB_BLOCKREPRESENTATION_DATA(#39F42) - this may cause problems in AutoCAD
copy process ignored ACDB_BLOCKREPRESENTATION_DATA(#39F54) - this may cause problems in AutoCAD
copy process ignored ACDB_BLOCKREPRESENTATION_DATA(#39F66) - this may cause problems in AutoCAD
copy process ignored ACDB_BLOCKREPRESENTATION_DATA(#39F6E) - this may cause problems in AutoCAD
copy process ignored ACDB_BLOCKREPRESENTATION_DATA(#39F76) - this may cause problems in AutoCAD
copy process ignored ACDB_BLOCKREPRESENTATION_DATA(#39F88) - this may cause problems in AutoCAD
copy process ignored ACDB_BLOCKREPRESENTATION_DATA(#39F9A) - this may cause problems in AutoCAD
copy process ignored ACDB_BLOCKREPRESENTATION_DATA(#39FA2) - this may cause problems in AutoCAD
copy process ignored ACDB_BLOCKREPRESENTATION_DATA(#39FB4) - this may cause problems in AutoCAD
copy process ignored ACDB_BLOCKREPRESENTATION_DATA(#39FBC) - this may cause problems in AutoCAD
copy process ignored ACDB_BLOCKREPRESENTATION_DATA(#39FCE) - this may cause problems in AutoCAD
copy process ignored ACDB_BLOCKREPRESENTATION_DATA(#39FE0) - this may cause problems in AutoCAD
copy process ignored ACDB_BLOCKREPRESENTATION_DATA(#39FF2) - this may cause problems in AutoCAD
copy process ignored ACDB_BLOCKREPRESENTATION_DATA(#3A004) - this may cause problems in AutoCAD
copy process ignored ACDB_BLOCKREPRESENTATION_DATA(#3A016) - this may cause problems in AutoCAD
copy process ignored ACDB_BLOCKREPRESENTATION_DATA(#3A028) - this may cause problems in AutoCAD
copy process ignored ACDB_BLOCKREPRESENTATION_DATA(#3A03A) - this may cause problems in AutoCAD
copy process ignored ACDB_BLOCKREPRESENTATION_DATA(#3A042) - this may cause problems in AutoCAD
copy process ignored ACDB_BLOCKREPRESENTATION_DATA(#3A054) - this may cause problems in AutoCAD
copy process ignored ACDB_BLOCKREPRESENTATION_DATA(#3A066) - this may cause problems in AutoCAD
copy process ignored ACDB_BLOCKREPRESENTATION_DATA(#3A06E) - this may cause problems in AutoCAD
copy process ignored ACDB_BLOCKREPRESENTATION_DATA(#3A080) - this may cause problems in AutoCAD
copy process ignored ACDB_BLOCKREPRESENTATION_DATA(#3A088) - this may cause problems in AutoCAD
copy process ignored ACDB_BLOCKREPRESENTATION_DATA(#3A090) - this may cause problems in AutoCAD
copy process ignored ACDB_BLOCKREPRESENTATION_DATA(#3A098) - this may cause problems in AutoCAD
copy process ignored ACDB_BLOCKREPRESENTATION_DATA(#3A0AA) - this may cause problems in AutoCAD
copy process ignored ACDB_BLOCKREPRESENTATION_DATA(#3A0BC) - this may cause problems in AutoCAD
copy process ignored ACDB_BLOCKREPRESENTATION_DATA(#3A0C7) - this may cause problems in AutoCAD
copy process ignored ACDB_BLOCKREPRESENTATION_DATA(#3A0D9) - this may cause problems in AutoCAD
copy process ignored ACDB_BLOCKREPRESENTATION_DATA(#3A0EB) - this may cause problems in AutoCAD
copy process ignored ACDB_BLOCKREPRESENTATION_DATA(#3A0FD) - this may cause problems in AutoCAD
copy process ignored ACDB_BLOCKREPRESENTATION_DATA(#3A10F) - this may cause problems in AutoCAD
copy process ignored ACDB_BLOCKREPRESENTATION_DATA(#3A117) - this may cause problems in AutoCAD
copy process ignored ACDB_BLOCKREPRESENTATION_DATA(#3A129) - this may cause problems in AutoCAD
copy process ignored ACDB_BLOCKREPRESENTATION_DATA(#3A13B) - this may cause problems in AutoCAD
copy process ignored ACDB_BLOCKREPRESENTATION_DATA(#3A14D) - this may cause problems in AutoCAD
copy process ignored ACDB_BLOCKREPRESENTATION_DATA(#3A15F) - this may cause problems in AutoCAD
copy process ignored ACDB_BLOCKREPRESENTATION_DATA(#3A171) - this may cause problems in AutoCAD
copy process ignored ACDB_BLOCKREPRESENTATION_DATA(#3A183) - this may cause problems in AutoCAD
copy process ignored ACDB_BLOCKREPRESENTATION_DATA(#3A195) - this may cause problems in AutoCAD
copy process ignored ACDB_BLOCKREPRESENTATION_DATA(#3A1A7) - this may cause problems in AutoCAD
copy process ignored ACDB_BLOCKREPRESENTATION_DATA(#3A1B9) - this may cause problems in AutoCAD
copy process ignored ACDB_BLOCKREPRESENTATION_DATA(#3A1CB) - this may cause problems in AutoCAD
copy process ignored ACDB_BLOCKREPRESENTATION_DATA(#3A1DD) - this may cause problems in AutoCAD
copy process ignored ACDB_BLOCKREPRESENTATION_DATA(#3A1EF) - this may cause problems in AutoCAD
copy process ignored ACDB_BLOCKREPRESENTATION_DATA(#3A289) - this may cause problems in AutoCAD
copy process ignored ACDB_BLOCKREPRESENTATION_DATA(#3A341) - this may cause problems in AutoCAD
copy process ignored ACDB_BLOCKREPRESENTATION_DATA(#3A378) - this may cause problems in AutoCAD
copy process ignored ACDB_BLOCKREPRESENTATION_DATA(#3A389) - this may cause problems in AutoCAD
copy process ignored ACDB_BLOCKREPRESENTATION_DATA(#3A3A4) - this may cause problems in AutoCAD
copy process ignored ACDB_BLOCKREPRESENTATION_DATA(#3A3C7) - this may cause problems in AutoCAD
copy process ignored ACDB_BLOCKREPRESENTATION_DATA(#3A481) - this may cause problems in AutoCAD
copy process ignored ACDB_BLOCKREPRESENTATION_DATA(#5C7DF) - this may cause problems in AutoCAD
copy process ignored ACDB_BLOCKREPRESENTATION_DATA(#42F78) - this may cause problems in AutoCAD
copy process ignored ACDB_BLOCKREPRESENTATION_DATA(#42F89) - this may cause problems in AutoCAD
copy process ignored ACDB_BLOCKREPRESENTATION_DATA(#42FC6) - this may cause problems in AutoCAD
copy process ignored ACDB_BLOCKREPRESENTATION_DATA(#42FE6) - this may cause problems in AutoCAD
copy process ignored ACDB_BLOCKREPRESENTATION_DATA(#42FF0) - this may cause problems in AutoCAD
copy process ignored ACDB_BLOCKREPRESENTATION_DATA(#5C7EF) - this may cause problems in AutoCAD
copy process ignored ACDB_BLOCKREPRESENTATION_DATA(#42F78) - this may cause problems in AutoCAD
copy process ignored ACDB_BLOCKREPRESENTATION_DATA(#42F89) - this may cause problems in AutoCAD
copy process ignored ACDB_BLOCKREPRESENTATION_DATA(#42FC6) - this may cause problems in AutoCAD
copy process ignored ACDB_BLOCKREPRESENTATION_DATA(#42FE6) - this may cause problems in AutoCAD
copy process ignored ACDB_BLOCKREPRESENTATION_DATA(#42FF0) - this may cause problems in AutoCAD
copy process ignored ACDB_BLOCKREPRESENTATION_DATA(#5C7FF) - this may cause problems in AutoCAD
copy process ignored ACDB_BLOCKREPRESENTATION_DATA(#42F78) - this may cause problems in AutoCAD
copy process ignored ACDB_BLOCKREPRESENTATION_DATA(#42F89) - this may cause problems in AutoCAD
copy process ignored ACDB_BLOCKREPRESENTATION_DATA(#42FC6) - this may cause problems in AutoCAD
copy process ignored ACDB_BLOCKREPRESENTATION_DATA(#42FE6) - this may cause problems in AutoCAD
copy process ignored ACDB_BLOCKREPRESENTATION_DATA(#42FF0) - this may cause problems in AutoCAD
copy process ignored ACDB_BLOCKREPRESENTATION_DATA(#5C80F) - this may cause problems in AutoCAD
copy process ignored ACDB_BLOCKREPRESENTATION_DATA(#3A530) - this may cause problems in AutoCAD
copy process ignored ACDB_BLOCKREPRESENTATION_DATA(#3A541) - this may cause problems in AutoCAD
copy process ignored ACDB_BLOCKREPRESENTATION_DATA(#3A57E) - this may cause problems in AutoCAD
copy process ignored ACDB_BLOCKREPRESENTATION_DATA(#3A59E) - this may cause problems in AutoCAD
copy process ignored ACDB_BLOCKREPRESENTATION_DATA(#3A5A8) - this may cause problems in AutoCAD
copy process ignored ACDB_BLOCKREPRESENTATION_DATA(#5C81F) - this may cause problems in AutoCAD
copy process ignored ACDB_BLOCKREPRESENTATION_DATA(#3A5E9) - this may cause problems in AutoCAD
copy process ignored ACDB_BLOCKREPRESENTATION_DATA(#3A5FA) - this may cause problems in AutoCAD
copy process ignored ACDB_BLOCKREPRESENTATION_DATA(#3A637) - this may cause problems in AutoCAD
copy process ignored ACDB_BLOCKREPRESENTATION_DATA(#3A657) - this may cause problems in AutoCAD
copy process ignored ACDB_BLOCKREPRESENTATION_DATA(#3A661) - this may cause problems in AutoCAD
copy process ignored ACDB_BLOCKREPRESENTATION_DATA(#5C82F) - this may cause problems in AutoCAD
copy process ignored ACDB_BLOCKREPRESENTATION_DATA(#46117) - this may cause problems in AutoCAD
copy process ignored ACDB_BLOCKREPRESENTATION_DATA(#46128) - this may cause problems in AutoCAD
copy process ignored ACDB_BLOCKREPRESENTATION_DATA(#46165) - this may cause problems in AutoCAD
copy process ignored ACDB_BLOCKREPRESENTATION_DATA(#46185) - this may cause problems in AutoCAD
copy process ignored ACDB_BLOCKREPRESENTATION_DATA(#4618F) - this may cause problems in AutoCAD
copy process ignored ACDB_BLOCKREPRESENTATION_DATA(#5C83F) - this may cause problems in AutoCAD
copy process ignored ACDB_BLOCKREPRESENTATION_DATA(#42F78) - this may cause problems in AutoCAD
copy process ignored ACDB_BLOCKREPRESENTATION_DATA(#42F89) - this may cause problems in AutoCAD
copy process ignored ACDB_BLOCKREPRESENTATION_DATA(#42FC6) - this may cause problems in AutoCAD
copy process ignored ACDB_BLOCKREPRESENTATION_DATA(#42FE6) - this may cause problems in AutoCAD
copy process ignored ACDB_BLOCKREPRESENTATION_DATA(#42FF0) - this may cause problems in AutoCAD
copy process ignored ACDB_BLOCKREPRESENTATION_DATA(#5C84F) - this may cause problems in AutoCAD
copy process ignored ACDB_BLOCKREPRESENTATION_DATA(#42F78) - this may cause problems in AutoCAD
copy process ignored ACDB_BLOCKREPRESENTATION_DATA(#42F89) - this may cause problems in AutoCAD
copy process ignored ACDB_BLOCKREPRESENTATION_DATA(#42FC6) - this may cause problems in AutoCAD
copy process ignored ACDB_BLOCKREPRESENTATION_DATA(#42FE6) - this may cause problems in AutoCAD
copy process ignored ACDB_BLOCKREPRESENTATION_DATA(#42FF0) - this may cause problems in AutoCAD
copy process ignored ACDB_BLOCKREPRESENTATION_DATA(#5C769) - this may cause problems in AutoCAD
copy process ignored ACDB_BLOCKREPRESENTATION_DATA(#3A77B) - this may cause problems in AutoCAD
copy process ignored ACDB_BLOCKREPRESENTATION_DATA(#3A78C) - this may cause problems in AutoCAD
copy process ignored ACDB_BLOCKREPRESENTATION_DATA(#3A7C9) - this may cause problems in AutoCAD
copy process ignored ACDB_BLOCKREPRESENTATION_DATA(#3A7E9) - this may cause problems in AutoCAD
copy process ignored ACDB_BLOCKREPRESENTATION_DATA(#3A7F3) - this may cause problems in AutoCAD
copy process ignored ACDB_BLOCKREPRESENTATION_DATA(#5C779) - this may cause problems in AutoCAD
copy process ignored ACDB_BLOCKREPRESENTATION_DATA(#3AB01) - this may cause problems in AutoCAD
copy process ignored ACDB_BLOCKREPRESENTATION_DATA(#3AB30) - this may cause problems in AutoCAD
copy process ignored ACDB_BLOCKREPRESENTATION_DATA(#3AB62) - this may cause problems in AutoCAD
copy process ignored ACDB_BLOCKREPRESENTATION_DATA(#3AB84) - this may cause problems in AutoCAD
copy process ignored ACDB_BLOCKREPRESENTATION_DATA(#3ABB8) - this may cause problems in AutoCAD
copy process ignored ACDB_BLOCKREPRESENTATION_DATA(#3ABCC) - this may cause problems in AutoCAD
copy process ignored ACDB_BLOCKREPRESENTATION_DATA(#3ABEC) - this may cause problems in AutoCAD
copy process ignored ACDB_BLOCKREPRESENTATION_DATA(#3AC1D) - this may cause problems in AutoCAD
copy process ignored ACDB_BLOCKREPRESENTATION_DATA(#3AC36) - this may cause problems in AutoCAD
copy process ignored ACDB_BLOCKREPRESENTATION_DATA(#3AC6A) - this may cause problems in AutoCAD
copy process ignored ACDB_BLOCKREPRESENTATION_DATA(#3AC87) - this may cause problems in AutoCAD
copy process ignored ACDB_BLOCKREPRESENTATION_DATA(#3AC91) - this may cause problems in AutoCAD
copy process ignored ACDB_BLOCKREPRESENTATION_DATA(#5C785) - this may cause problems in AutoCAD
copy process ignored ACDB_BLOCKREPRESENTATION_DATA(#3ACDD) - this may cause problems in AutoCAD
copy process ignored ACDB_BLOCKREPRESENTATION_DATA(#3ACF3) - this may cause problems in AutoCAD
copy process ignored ACDB_BLOCKREPRESENTATION_DATA(#3AD0C) - this may cause problems in AutoCAD
copy process ignored ACDB_BLOCKREPRESENTATION_DATA(#3AD1B) - this may cause problems in AutoCAD
copy process ignored ACDB_BLOCKREPRESENTATION_DATA(#3AD36) - this may cause problems in AutoCAD
copy process ignored ACDB_BLOCKREPRESENTATION_DATA(#3AD3D) - this may cause problems in AutoCAD
copy process ignored ACDB_BLOCKREPRESENTATION_DATA(#3AD5D) - this may cause problems in AutoCAD
copy process ignored ACDB_BLOCKREPRESENTATION_DATA(#3AD75) - this may cause problems in AutoCAD
copy process ignored ACDB_BLOCKREPRESENTATION_DATA(#3AD8E) - this may cause problems in AutoCAD
copy process ignored ACDB_BLOCKREPRESENTATION_DATA(#3ADA9) - this may cause problems in AutoCAD
copy process ignored ACDB_BLOCKREPRESENTATION_DATA(#3ADC6) - this may cause problems in AutoCAD
copy process ignored ACDB_BLOCKREPRESENTATION_DATA(#3ADD0) - this may cause problems in AutoCAD
copy process ignored ACDB_BLOCKREPRESENTATION_DATA(#5C791) - this may cause problems in AutoCAD
copy process ignored ACDB_BLOCKREPRESENTATION_DATA(#3AE1D) - this may cause problems in AutoCAD
copy process ignored ACDB_BLOCKREPRESENTATION_DATA(#3AE2E) - this may cause problems in AutoCAD
copy process ignored ACDB_BLOCKREPRESENTATION_DATA(#3AE6B) - this may cause problems in AutoCAD
copy process ignored ACDB_BLOCKREPRESENTATION_DATA(#3AE8B) - this may cause problems in AutoCAD
copy process ignored ACDB_BLOCKREPRESENTATION_DATA(#3AE95) - this may cause problems in AutoCAD
copy process ignored ACDB_BLOCKREPRESENTATION_DATA(#3AFFB) - this may cause problems in AutoCAD
copy process ignored ACDB_BLOCKREPRESENTATION_DATA(#3B05F) - this may cause problems in AutoCAD
copy process ignored ACDB_BLOCKREPRESENTATION_DATA(#3B143) - this may cause problems in AutoCAD
copy process ignored ACDB_BLOCKREPRESENTATION_DATA(#3B152) - this may cause problems in AutoCAD
copy process ignored ACDB_BLOCKREPRESENTATION_DATA(#3B173) - this may cause problems in AutoCAD
copy process ignored ACDB_BLOCKREPRESENTATION_DATA(#3B1B7) - this may cause problems in AutoCAD
copy process ignored ACDB_BLOCKREPRESENTATION_DATA(#5C7A3) - this may cause problems in AutoCAD
copy process ignored ACDB_BLOCKREPRESENTATION_DATA(#3B55F) - this may cause problems in AutoCAD
copy process ignored ACDB_BLOCKREPRESENTATION_DATA(#3B591) - this may cause problems in AutoCAD
copy process ignored ACDB_BLOCKREPRESENTATION_DATA(#3B599) - this may cause problems in AutoCAD
copy process ignored ACDB_BLOCKREPRESENTATION_DATA(#3B5C0) - this may cause problems in AutoCAD
copy process ignored ACDB_BLOCKREPRESENTATION_DATA(#3B5F6) - this may cause problems in AutoCAD
copy process ignored ACDB_BLOCKREPRESENTATION_DATA(#3B613) - this may cause problems in AutoCAD
copy process ignored ACDB_BLOCKREPRESENTATION_DATA(#3B61D) - this may cause problems in AutoCAD
copy process ignored ACDB_BLOCKREPRESENTATION_DATA(#3B64E) - this may cause problems in AutoCAD
copy process ignored ACDB_BLOCKREPRESENTATION_DATA(#3B671) - this may cause problems in AutoCAD
copy process ignored ACDB_BLOCKREPRESENTATION_DATA(#3B68A) - this may cause problems in AutoCAD
copy process ignored ACDB_BLOCKREPRESENTATION_DATA(#3B6B7) - this may cause problems in AutoCAD
copy process ignored ACDB_BLOCKREPRESENTATION_DATA(#3B6D9) - this may cause problems in AutoCAD
copy process ignored ACDB_BLOCKREPRESENTATION_DATA(#3B71E) - this may cause problems in AutoCAD
copy process ignored ACDB_BLOCKREPRESENTATION_DATA(#3B76E) - this may cause problems in AutoCAD
copy process ignored ACDB_BLOCKREPRESENTATION_DATA(#3B7CC) - this may cause problems in AutoCAD
copy process ignored ACDB_BLOCKREPRESENTATION_DATA(#3B812) - this may cause problems in AutoCAD
copy process ignored ACDB_BLOCKREPRESENTATION_DATA(#3B81A) - this may cause problems in AutoCAD
copy process ignored ACDB_BLOCKREPRESENTATION_DATA(#3B878) - this may cause problems in AutoCAD
copy process ignored ACDB_BLOCKREPRESENTATION_DATA(#3B891) - this may cause problems in AutoCAD
copy process ignored ACDB_BLOCKREPRESENTATION_DATA(#3B8F8) - this may cause problems in AutoCAD
copy process ignored ACDB_BLOCKREPRESENTATION_DATA(#3B974) - this may cause problems in AutoCAD
copy process ignored ACDB_BLOCKREPRESENTATION_DATA(#3B6D9) - this may cause problems in AutoCAD
copy process ignored ACDB_BLOCKREPRESENTATION_DATA(#3B71E) - this may cause problems in AutoCAD
copy process ignored ACDB_BLOCKREPRESENTATION_DATA(#3B76E) - this may cause problems in AutoCAD
copy process ignored ACDB_BLOCKREPRESENTATION_DATA(#3B7CC) - this may cause problems in AutoCAD
copy process ignored ACDB_BLOCKREPRESENTATION_DATA(#3B812) - this may cause problems in AutoCAD
copy process ignored ACDB_BLOCKREPRESENTATION_DATA(#3B81A) - this may cause problems in AutoCAD
copy process ignored ACDB_BLOCKREPRESENTATION_DATA(#3B878) - this may cause problems in AutoCAD
copy process ignored ACDB_BLOCKREPRESENTATION_DATA(#3B891) - this may cause problems in AutoCAD
copy process ignored ACDB_BLOCKREPRESENTATION_DATA(#3B8F8) - this may cause problems in AutoCAD
copy process ignored ACDB_BLOCKREPRESENTATION_DATA(#3B974) - this may cause problems in AutoCAD
copy process ignored ACDB_BLOCKREPRESENTATION_DATA(#5C7B1) - this may cause problems in AutoCAD
copy process ignored ACDB_BLOCKREPRESENTATION_DATA(#41487) - this may cause problems in AutoCAD
copy process ignored ACDB_BLOCKREPRESENTATION_DATA(#414A0) - this may cause problems in AutoCAD
copy process ignored ACDB_BLOCKREPRESENTATION_DATA(#414A8) - this may cause problems in AutoCAD
copy process ignored ACDB_BLOCKREPRESENTATION_DATA(#414CF) - this may cause problems in AutoCAD
copy process ignored ACDB_BLOCKREPRESENTATION_DATA(#414EC) - this may cause problems in AutoCAD
copy process ignored ACDB_BLOCKREPRESENTATION_DATA(#41509) - this may cause problems in AutoCAD
copy process ignored ACDB_BLOCKREPRESENTATION_DATA(#41513) - this may cause problems in AutoCAD
copy process ignored ACDB_BLOCKREPRESENTATION_DATA(#4152B) - this may cause problems in AutoCAD
copy process ignored ACDB_BLOCKREPRESENTATION_DATA(#41535) - this may cause problems in AutoCAD
copy process ignored ACDB_BLOCKREPRESENTATION_DATA(#4154E) - this may cause problems in AutoCAD
copy process ignored ACDB_BLOCKREPRESENTATION_DATA(#41568) - this may cause problems in AutoCAD
copy process ignored ACDB_BLOCKREPRESENTATION_DATA(#5C7BD) - this may cause problems in AutoCAD
copy process ignored ACDB_BLOCKREPRESENTATION_DATA(#3BCBD) - this may cause problems in AutoCAD
copy process ignored ACDB_BLOCKREPRESENTATION_DATA(#3BCC4) - this may cause problems in AutoCAD
copy process ignored ACDB_BLOCKREPRESENTATION_DATA(#3BCDB) - this may cause problems in AutoCAD
copy process ignored ACDB_BLOCKREPRESENTATION_DATA(#3BD0D) - this may cause problems in AutoCAD
copy process ignored ACDB_BLOCKREPRESENTATION_DATA(#3BD2F) - this may cause problems in AutoCAD
copy process ignored ACDB_BLOCKREPRESENTATION_DATA(#3BD76) - this may cause problems in AutoCAD
copy process ignored ACDB_BLOCKREPRESENTATION_DATA(#3BDA7) - this may cause problems in AutoCAD
copy process ignored ACDB_BLOCKREPRESENTATION_DATA(#3BDC4) - this may cause problems in AutoCAD
copy process ignored ACDB_BLOCKREPRESENTATION_DATA(#3BDD7) - this may cause problems in AutoCAD
copy process ignored ACDB_BLOCKREPRESENTATION_DATA(#3BE18) - this may cause problems in AutoCAD
copy process ignored ACDB_BLOCKREPRESENTATION_DATA(#3BE2C) - this may cause problems in AutoCAD
copy process ignored ACDB_BLOCKREPRESENTATION_DATA(#5C7C7) - this may cause problems in AutoCAD
copy process ignored ACDB_BLOCKREPRESENTATION_DATA(#3BE9C) - this may cause problems in AutoCAD
copy process ignored ACDB_BLOCKREPRESENTATION_DATA(#3BEA3) - this may cause problems in AutoCAD
copy process ignored ACDB_BLOCKREPRESENTATION_DATA(#3BEBA) - this may cause problems in AutoCAD
copy process ignored ACDB_BLOCKREPRESENTATION_DATA(#3BED3) - this may cause problems in AutoCAD
copy process ignored ACDB_BLOCKREPRESENTATION_DATA(#3BEE2) - this may cause problems in AutoCAD
copy process ignored ACDB_BLOCKREPRESENTATION_DATA(#3BF10) - this may cause problems in AutoCAD
copy process ignored ACDB_BLOCKREPRESENTATION_DATA(#3BF28) - this may cause problems in AutoCAD
copy process ignored ACDB_BLOCKREPRESENTATION_DATA(#3BF45) - this may cause problems in AutoCAD
copy process ignored ACDB_BLOCKREPRESENTATION_DATA(#3BF58) - this may cause problems in AutoCAD
copy process ignored ACDB_BLOCKREPRESENTATION_DATA(#3BF80) - this may cause problems in AutoCAD
copy process ignored ACDB_BLOCKREPRESENTATION_DATA(#3BF94) - this may cause problems in AutoCAD
copy process ignored ACDB_BLOCKREPRESENTATION_DATA(#3BFE7) - this may cause problems in AutoCAD
copy process ignored ACDB_BLOCKREPRESENTATION_DATA(#3C00B) - this may cause problems in AutoCAD
copy process ignored ACDB_BLOCKREPRESENTATION_DATA(#3C02D) - this may cause problems in AutoCAD
copy process ignored ACDB_BLOCKREPRESENTATION_DATA(#3C069) - this may cause problems in AutoCAD
copy process ignored ACDB_BLOCKREPRESENTATION_DATA(#3C0A2) - this may cause problems in AutoCAD
copy process ignored ACDB_BLOCKREPRESENTATION_DATA(#3C0AC) - this may cause problems in AutoCAD
copy process ignored ACDB_BLOCKREPRESENTATION_DATA(#5C7D2) - this may cause problems in AutoCAD
copy process ignored ACDB_BLOCKREPRESENTATION_DATA(#3B55F) - this may cause problems in AutoCAD
copy process ignored ACDB_BLOCKREPRESENTATION_DATA(#3B591) - this may cause problems in AutoCAD
copy process ignored ACDB_BLOCKREPRESENTATION_DATA(#3B599) - this may cause problems in AutoCAD
copy process ignored ACDB_BLOCKREPRESENTATION_DATA(#3B5C0) - this may cause problems in AutoCAD
copy process ignored ACDB_BLOCKREPRESENTATION_DATA(#3B5F6) - this may cause problems in AutoCAD
copy process ignored ACDB_BLOCKREPRESENTATION_DATA(#3B613) - this may cause problems in AutoCAD
copy process ignored ACDB_BLOCKREPRESENTATION_DATA(#3B61D) - this may cause problems in AutoCAD
copy process ignored ACDB_BLOCKREPRESENTATION_DATA(#3B64E) - this may cause problems in AutoCAD
copy process ignored ACDB_BLOCKREPRESENTATION_DATA(#3B671) - this may cause problems in AutoCAD
copy process ignored ACDB_BLOCKREPRESENTATION_DATA(#3B68A) - this may cause problems in AutoCAD
copy process ignored ACDB_BLOCKREPRESENTATION_DATA(#3B6B7) - this may cause problems in AutoCAD
copy process ignored ACDB_BLOCKREPRESENTATION_DATA(#5C681) - this may cause problems in AutoCAD
copy process ignored ACDB_BLOCKREPRESENTATION_DATA(#42F78) - this may cause problems in AutoCAD
copy process ignored ACDB_BLOCKREPRESENTATION_DATA(#42F89) - this may cause problems in AutoCAD
copy process ignored ACDB_BLOCKREPRESENTATION_DATA(#42FC6) - this may cause problems in AutoCAD
copy process ignored ACDB_BLOCKREPRESENTATION_DATA(#42FE6) - this may cause problems in AutoCAD
copy process ignored ACDB_BLOCKREPRESENTATION_DATA(#42FF0) - this may cause problems in AutoCAD
copy process ignored ACDB_BLOCKREPRESENTATION_DATA(#5C691) - this may cause problems in AutoCAD
copy process ignored ACDB_BLOCKREPRESENTATION_DATA(#42F78) - this may cause problems in AutoCAD
copy process ignored ACDB_BLOCKREPRESENTATION_DATA(#42F89) - this may cause problems in AutoCAD
copy process ignored ACDB_BLOCKREPRESENTATION_DATA(#42FC6) - this may cause problems in AutoCAD
copy process ignored ACDB_BLOCKREPRESENTATION_DATA(#42FE6) - this may cause problems in AutoCAD
copy process ignored ACDB_BLOCKREPRESENTATION_DATA(#42FF0) - this may cause problems in AutoCAD
copy process ignored ACDB_BLOCKREPRESENTATION_DATA(#5C6A1) - this may cause problems in AutoCAD
copy process ignored ACDB_BLOCKREPRESENTATION_DATA(#4357A) - this may cause problems in AutoCAD
copy process ignored ACDB_BLOCKREPRESENTATION_DATA(#43582) - this may cause problems in AutoCAD
copy process ignored ACDB_BLOCKREPRESENTATION_DATA(#435CA) - this may cause problems in AutoCAD
copy process ignored ACDB_BLOCKREPRESENTATION_DATA(#435D2) - this may cause problems in AutoCAD
copy process ignored ACDB_BLOCKREPRESENTATION_DATA(#5C6AE) - this may cause problems in AutoCAD
copy process ignored ACDB_BLOCKREPRESENTATION_DATA(#5C6B9) - this may cause problems in AutoCAD
copy process ignored ACDB_BLOCKREPRESENTATION_DATA(#5C6C4) - this may cause problems in AutoCAD
copy process ignored ACDB_BLOCKREPRESENTATION_DATA(#467E0) - this may cause problems in AutoCAD
copy process ignored ACDB_BLOCKREPRESENTATION_DATA(#467EB) - this may cause problems in AutoCAD
copy process ignored ACDB_BLOCKREPRESENTATION_DATA(#467F6) - this may cause problems in AutoCAD
copy process ignored ACDB_BLOCKREPRESENTATION_DATA(#46801) - this may cause problems in AutoCAD
copy process ignored ACDB_BLOCKREPRESENTATION_DATA(#4680C) - this may cause problems in AutoCAD
copy process ignored ACDB_BLOCKREPRESENTATION_DATA(#46817) - this may cause problems in AutoCAD
copy process ignored ACDB_BLOCKREPRESENTATION_DATA(#46822) - this may cause problems in AutoCAD
copy process ignored ACDB_BLOCKREPRESENTATION_DATA(#4682D) - this may cause problems in AutoCAD
copy process ignored ACDB_BLOCKREPRESENTATION_DATA(#46838) - this may cause problems in AutoCAD
copy process ignored ACDB_BLOCKREPRESENTATION_DATA(#46843) - this may cause problems in AutoCAD
copy process ignored ACDB_BLOCKREPRESENTATION_DATA(#4684E) - this may cause problems in AutoCAD
copy process ignored ACDB_BLOCKREPRESENTATION_DATA(#46859) - this may cause problems in AutoCAD
copy process ignored ACDB_BLOCKREPRESENTATION_DATA(#46864) - this may cause problems in AutoCAD
copy process ignored ACDB_BLOCKREPRESENTATION_DATA(#4686F) - this may cause problems in AutoCAD
copy process ignored ACDB_BLOCKREPRESENTATION_DATA(#4687A) - this may cause problems in AutoCAD
copy process ignored ACDB_BLOCKREPRESENTATION_DATA(#46885) - this may cause problems in AutoCAD
copy process ignored ACDB_BLOCKREPRESENTATION_DATA(#46890) - this may cause problems in AutoCAD
copy process ignored ACDB_BLOCKREPRESENTATION_DATA(#4689B) - this may cause problems in AutoCAD
copy process ignored ACDB_BLOCKREPRESENTATION_DATA(#468A6) - this may cause problems in AutoCAD
copy process ignored ACDB_BLOCKREPRESENTATION_DATA(#468B1) - this may cause problems in AutoCAD
copy process ignored ACDB_BLOCKREPRESENTATION_DATA(#468BC) - this may cause problems in AutoCAD
copy process ignored ACDB_BLOCKREPRESENTATION_DATA(#468C7) - this may cause problems in AutoCAD
copy process ignored ACDB_BLOCKREPRESENTATION_DATA(#468D2) - this may cause problems in AutoCAD
copy process ignored ACDB_BLOCKREPRESENTATION_DATA(#468DD) - this may cause problems in AutoCAD
copy process ignored ACDB_BLOCKREPRESENTATION_DATA(#468E8) - this may cause problems in AutoCAD
copy process ignored ACDB_BLOCKREPRESENTATION_DATA(#468F3) - this may cause problems in AutoCAD
copy process ignored ACDB_BLOCKREPRESENTATION_DATA(#468FE) - this may cause problems in AutoCAD
copy process ignored ACDB_BLOCKREPRESENTATION_DATA(#46909) - this may cause problems in AutoCAD
copy process ignored ACDB_BLOCKREPRESENTATION_DATA(#46914) - this may cause problems in AutoCAD
copy process ignored ACDB_BLOCKREPRESENTATION_DATA(#4691F) - this may cause problems in AutoCAD
copy process ignored ACDB_BLOCKREPRESENTATION_DATA(#4692A) - this may cause problems in AutoCAD
copy process ignored ACDB_BLOCKREPRESENTATION_DATA(#46935) - this may cause problems in AutoCAD
copy process ignored ACDB_BLOCKREPRESENTATION_DATA(#46940) - this may cause problems in AutoCAD
copy process ignored ACDB_BLOCKREPRESENTATION_DATA(#46957) - this may cause problems in AutoCAD
copy process ignored ACDB_BLOCKREPRESENTATION_DATA(#46962) - this may cause problems in AutoCAD
copy process ignored ACDB_BLOCKREPRESENTATION_DATA(#4696D) - this may cause problems in AutoCAD
copy process ignored ACDB_BLOCKREPRESENTATION_DATA(#46978) - this may cause problems in AutoCAD
copy process ignored ACDB_BLOCKREPRESENTATION_DATA(#46983) - this may cause problems in AutoCAD
copy process ignored FIELD(#469A0) - this may cause problems in AutoCAD
copy process ignored FIELD(#469A5) - this may cause problems in AutoCAD
copy process ignored FIELD(#469AA) - this may cause problems in AutoCAD
copy process ignored FIELD(#469AF) - this may cause problems in AutoCAD
copy process ignored FIELD(#469B4) - this may cause problems in AutoCAD
copy process ignored FIELD(#469BD) - this may cause problems in AutoCAD
copy process ignored FIELD(#469C5) - this may cause problems in AutoCAD
copy process ignored ACDB_BLOCKREPRESENTATION_DATA(#493C1) - this may cause problems in AutoCAD
copy process ignored ACDB_BLOCKREPRESENTATION_DATA(#493EB) - this may cause problems in AutoCAD
copy process ignored ACDB_BLOCKREPRESENTATION_DATA(#493F8) - this may cause problems in AutoCAD
copy process ignored ACDB_BLOCKREPRESENTATION_DATA(#4940E) - this may cause problems in AutoCAD
copy process ignored ACDB_BLOCKREPRESENTATION_DATA(#49424) - this may cause problems in AutoCAD
copy process ignored ACDB_BLOCKREPRESENTATION_DATA(#4943A) - this may cause problems in AutoCAD
copy process ignored ACDB_BLOCKREPRESENTATION_DATA(#49446) - this may cause problems in AutoCAD
copy process ignored ACDB_BLOCKREPRESENTATION_DATA(#49451) - this may cause problems in AutoCAD
copy process ignored ACDB_BLOCKREPRESENTATION_DATA(#39B01) - this may cause problems in AutoCAD
copy process ignored ACDB_BLOCKREPRESENTATION_DATA(#39B27) - this may cause problems in AutoCAD
copy process ignored ACDB_BLOCKREPRESENTATION_DATA(#39B54) - this may cause problems in AutoCAD
copy process ignored ACDB_BLOCKREPRESENTATION_DATA(#39B71) - this may cause problems in AutoCAD
copy process ignored ACDB_BLOCKREPRESENTATION_DATA(#39B79) - this may cause problems in AutoCAD
copy process ignored ACDB_BLOCKREPRESENTATION_DATA(#39B81) - this may cause problems in AutoCAD
copy process ignored ACDB_BLOCKREPRESENTATION_DATA(#39B89) - this may cause problems in AutoCAD
copy process ignored ACDB_BLOCKREPRESENTATION_DATA(#39B91) - this may cause problems in AutoCAD
copy process ignored ACDB_BLOCKREPRESENTATION_DATA(#39B99) - this may cause problems in AutoCAD
copy process ignored ACDB_BLOCKREPRESENTATION_DATA(#39BA1) - this may cause problems in AutoCAD
copy process ignored ACDB_BLOCKREPRESENTATION_DATA(#39BB0) - this may cause problems in AutoCAD
copy process ignored ACDB_BLOCKREPRESENTATION_DATA(#39BB8) - this may cause problems in AutoCAD
copy process ignored ACDB_BLOCKREPRESENTATION_DATA(#39BC0) - this may cause problems in AutoCAD
copy process ignored ACDB_BLOCKREPRESENTATION_DATA(#39BC8) - this may cause problems in AutoCAD
copy process ignored ACDB_BLOCKREPRESENTATION_DATA(#39BD0) - this may cause problems in AutoCAD
copy process ignored ACDB_BLOCKREPRESENTATION_DATA(#39BD8) - this may cause problems in AutoCAD
copy process ignored ACDB_BLOCKREPRESENTATION_DATA(#39BE0) - this may cause problems in AutoCAD
copy process ignored ACDB_BLOCKREPRESENTATION_DATA(#39BE8) - this may cause problems in AutoCAD
copy process ignored ACDB_BLOCKREPRESENTATION_DATA(#39BF7) - this may cause problems in AutoCAD
copy process ignored ACDB_BLOCKREPRESENTATION_DATA(#39C06) - this may cause problems in AutoCAD
copy process ignored ACDB_BLOCKREPRESENTATION_DATA(#39C15) - this may cause problems in AutoCAD
copy process ignored ACDB_BLOCKREPRESENTATION_DATA(#39C24) - this may cause problems in AutoCAD
copy process ignored ACDB_BLOCKREPRESENTATION_DATA(#39C33) - this may cause problems in AutoCAD
copy process ignored ACDB_BLOCKREPRESENTATION_DATA(#39C3B) - this may cause problems in AutoCAD
copy process ignored ACDB_BLOCKREPRESENTATION_DATA(#39C43) - this may cause problems in AutoCAD
copy process ignored ACDB_BLOCKREPRESENTATION_DATA(#39C4E) - this may cause problems in AutoCAD
copy process ignored ACDB_BLOCKREPRESENTATION_DATA(#39C59) - this may cause problems in AutoCAD
copy process ignored ACDB_BLOCKREPRESENTATION_DATA(#39C64) - this may cause problems in AutoCAD
copy process ignored ACDB_BLOCKREPRESENTATION_DATA(#39C6F) - this may cause problems in AutoCAD
copy process ignored ACDB_BLOCKREPRESENTATION_DATA(#39C7A) - this may cause problems in AutoCAD
copy process ignored ACDB_BLOCKREPRESENTATION_DATA(#39C85) - this may cause problems in AutoCAD
copy process ignored ACDB_BLOCKREPRESENTATION_DATA(#39C90) - this may cause problems in AutoCAD
copy process ignored ACDB_BLOCKREPRESENTATION_DATA(#39C9B) - this may cause problems in AutoCAD
copy process ignored ACDB_BLOCKREPRESENTATION_DATA(#39CA6) - this may cause problems in AutoCAD
copy process ignored ACDB_BLOCKREPRESENTATION_DATA(#39CB1) - this may cause problems in AutoCAD
copy process ignored ACDB_BLOCKREPRESENTATION_DATA(#39CBC) - this may cause problems in AutoCAD
copy process ignored ACDB_BLOCKREPRESENTATION_DATA(#39CC7) - this may cause problems in AutoCAD
copy process ignored ACDB_BLOCKREPRESENTATION_DATA(#39CD2) - this may cause problems in AutoCAD
copy process ignored ACDB_BLOCKREPRESENTATION_DATA(#39CDD) - this may cause problems in AutoCAD
copy process ignored ACDB_BLOCKREPRESENTATION_DATA(#39CE8) - this may cause problems in AutoCAD
copy process ignored ACDB_BLOCKREPRESENTATION_DATA(#39CF3) - this may cause problems in AutoCAD
copy process ignored ACDB_BLOCKREPRESENTATION_DATA(#39CFE) - this may cause problems in AutoCAD
copy process ignored ACDB_BLOCKREPRESENTATION_DATA(#39D09) - this may cause problems in AutoCAD
copy process ignored ACDB_BLOCKREPRESENTATION_DATA(#39D14) - this may cause problems in AutoCAD
copy process ignored ACDB_BLOCKREPRESENTATION_DATA(#39D1F) - this may cause problems in AutoCAD
copy process ignored ACDB_BLOCKREPRESENTATION_DATA(#39D2A) - this may cause problems in AutoCAD
copy process ignored ACDB_BLOCKREPRESENTATION_DATA(#39D35) - this may cause problems in AutoCAD
copy process ignored ACDB_BLOCKREPRESENTATION_DATA(#39D40) - this may cause problems in AutoCAD
copy process ignored ACDB_BLOCKREPRESENTATION_DATA(#39D4B) - this may cause problems in AutoCAD
copy process ignored ACDB_BLOCKREPRESENTATION_DATA(#39D56) - this may cause problems in AutoCAD
copy process ignored ACDB_BLOCKREPRESENTATION_DATA(#39D61) - this may cause problems in AutoCAD
copy process ignored ACDB_BLOCKREPRESENTATION_DATA(#39D6C) - this may cause problems in AutoCAD
copy process ignored ACDB_BLOCKREPRESENTATION_DATA(#39D77) - this may cause problems in AutoCAD
copy process ignored ACDB_BLOCKREPRESENTATION_DATA(#39D82) - this may cause problems in AutoCAD
copy process ignored ACDB_BLOCKREPRESENTATION_DATA(#39D8D) - this may cause problems in AutoCAD
copy process ignored ACDB_BLOCKREPRESENTATION_DATA(#39D98) - this may cause problems in AutoCAD
copy process ignored ACDB_BLOCKREPRESENTATION_DATA(#39DA3) - this may cause problems in AutoCAD
copy process ignored ACDB_BLOCKREPRESENTATION_DATA(#39DAE) - this may cause problems in AutoCAD
copy process ignored ACDB_BLOCKREPRESENTATION_DATA(#39DB9) - this may cause problems in AutoCAD
copy process ignored ACDB_BLOCKREPRESENTATION_DATA(#39DC4) - this may cause problems in AutoCAD
copy process ignored ACDB_BLOCKREPRESENTATION_DATA(#39DCF) - this may cause problems in AutoCAD
copy process ignored ACDB_BLOCKREPRESENTATION_DATA(#39DDA) - this may cause problems in AutoCAD
copy process ignored ACDB_BLOCKREPRESENTATION_DATA(#39DE5) - this may cause problems in AutoCAD
copy process ignored ACDB_BLOCKREPRESENTATION_DATA(#39DF0) - this may cause problems in AutoCAD
copy process ignored ACDB_BLOCKREPRESENTATION_DATA(#39DFB) - this may cause problems in AutoCAD
copy process ignored ACDB_BLOCKREPRESENTATION_DATA(#39E06) - this may cause problems in AutoCAD
copy process ignored ACDB_BLOCKREPRESENTATION_DATA(#39E11) - this may cause problems in AutoCAD
copy process ignored ACDB_BLOCKREPRESENTATION_DATA(#39E1C) - this may cause problems in AutoCAD
copy process ignored ACDB_BLOCKREPRESENTATION_DATA(#39E27) - this may cause problems in AutoCAD
copy process ignored ACDB_BLOCKREPRESENTATION_DATA(#39E3A) - this may cause problems in AutoCAD
copy process ignored ACDB_BLOCKREPRESENTATION_DATA(#39E45) - this may cause problems in AutoCAD
copy process ignored ACDB_BLOCKREPRESENTATION_DATA(#39E50) - this may cause problems in AutoCAD
copy process ignored ACDB_BLOCKREPRESENTATION_DATA(#39E5B) - this may cause problems in AutoCAD
copy process ignored ACDB_BLOCKREPRESENTATION_DATA(#39E68) - this may cause problems in AutoCAD
copy process ignored ACDB_BLOCKREPRESENTATION_DATA(#39E73) - this may cause problems in AutoCAD
copy process ignored ACDB_BLOCKREPRESENTATION_DATA(#39E7E) - this may cause problems in AutoCAD
copy process ignored ACDB_BLOCKREPRESENTATION_DATA(#39E89) - this may cause problems in AutoCAD
copy process ignored ACDB_BLOCKREPRESENTATION_DATA(#39E94) - this may cause problems in AutoCAD
copy process ignored ACDB_BLOCKREPRESENTATION_DATA(#39EA3) - this may cause problems in AutoCAD
copy process ignored ACDB_BLOCKREPRESENTATION_DATA(#39EB2) - this may cause problems in AutoCAD
copy process ignored ACDB_BLOCKREPRESENTATION_DATA(#39EC1) - this may cause problems in AutoCAD
copy process ignored ACDB_BLOCKREPRESENTATION_DATA(#39ED0) - this may cause problems in AutoCAD
copy process ignored ACDB_BLOCKREPRESENTATION_DATA(#39EE2) - this may cause problems in AutoCAD
copy process ignored ACDB_BLOCKREPRESENTATION_DATA(#39EEA) - this may cause problems in AutoCAD
copy process ignored ACDB_BLOCKREPRESENTATION_DATA(#39EFC) - this may cause problems in AutoCAD
copy process ignored ACDB_BLOCKREPRESENTATION_DATA(#39F0E) - this may cause problems in AutoCAD
copy process ignored ACDB_BLOCKREPRESENTATION_DATA(#39F20) - this may cause problems in AutoCAD
copy process ignored ACDB_BLOCKREPRESENTATION_DATA(#39F28) - this may cause problems in AutoCAD
copy process ignored ACDB_BLOCKREPRESENTATION_DATA(#39F3A) - this may cause problems in AutoCAD
copy process ignored ACDB_BLOCKREPRESENTATION_DATA(#39F42) - this may cause problems in AutoCAD
copy process ignored ACDB_BLOCKREPRESENTATION_DATA(#39F54) - this may cause problems in AutoCAD
copy process ignored ACDB_BLOCKREPRESENTATION_DATA(#39F66) - this may cause problems in AutoCAD
copy process ignored ACDB_BLOCKREPRESENTATION_DATA(#39F6E) - this may cause problems in AutoCAD
copy process ignored ACDB_BLOCKREPRESENTATION_DATA(#39F76) - this may cause problems in AutoCAD
copy process ignored ACDB_BLOCKREPRESENTATION_DATA(#39F88) - this may cause problems in AutoCAD
copy process ignored ACDB_BLOCKREPRESENTATION_DATA(#39F9A) - this may cause problems in AutoCAD
copy process ignored ACDB_BLOCKREPRESENTATION_DATA(#39FA2) - this may cause problems in AutoCAD
copy process ignored ACDB_BLOCKREPRESENTATION_DATA(#39FB4) - this may cause problems in AutoCAD
copy process ignored ACDB_BLOCKREPRESENTATION_DATA(#39FBC) - this may cause problems in AutoCAD
copy process ignored ACDB_BLOCKREPRESENTATION_DATA(#39FCE) - this may cause problems in AutoCAD
copy process ignored ACDB_BLOCKREPRESENTATION_DATA(#39FE0) - this may cause problems in AutoCAD
copy process ignored ACDB_BLOCKREPRESENTATION_DATA(#39FF2) - this may cause problems in AutoCAD
copy process ignored ACDB_BLOCKREPRESENTATION_DATA(#3A004) - this may cause problems in AutoCAD
copy process ignored ACDB_BLOCKREPRESENTATION_DATA(#3A016) - this may cause problems in AutoCAD
copy process ignored ACDB_BLOCKREPRESENTATION_DATA(#3A028) - this may cause problems in AutoCAD
copy process ignored ACDB_BLOCKREPRESENTATION_DATA(#3A03A) - this may cause problems in AutoCAD
copy process ignored ACDB_BLOCKREPRESENTATION_DATA(#3A042) - this may cause problems in AutoCAD
copy process ignored ACDB_BLOCKREPRESENTATION_DATA(#3A054) - this may cause problems in AutoCAD
copy process ignored ACDB_BLOCKREPRESENTATION_DATA(#3A066) - this may cause problems in AutoCAD
copy process ignored ACDB_BLOCKREPRESENTATION_DATA(#3A06E) - this may cause problems in AutoCAD
copy process ignored ACDB_BLOCKREPRESENTATION_DATA(#3A080) - this may cause problems in AutoCAD
copy process ignored ACDB_BLOCKREPRESENTATION_DATA(#3A088) - this may cause problems in AutoCAD
copy process ignored ACDB_BLOCKREPRESENTATION_DATA(#3A090) - this may cause problems in AutoCAD
copy process ignored ACDB_BLOCKREPRESENTATION_DATA(#3A098) - this may cause problems in AutoCAD
copy process ignored ACDB_BLOCKREPRESENTATION_DATA(#3A0AA) - this may cause problems in AutoCAD
copy process ignored ACDB_BLOCKREPRESENTATION_DATA(#3A0BC) - this may cause problems in AutoCAD
copy process ignored ACDB_BLOCKREPRESENTATION_DATA(#3A0C7) - this may cause problems in AutoCAD
copy process ignored ACDB_BLOCKREPRESENTATION_DATA(#3A0D9) - this may cause problems in AutoCAD
copy process ignored ACDB_BLOCKREPRESENTATION_DATA(#3A0EB) - this may cause problems in AutoCAD
copy process ignored ACDB_BLOCKREPRESENTATION_DATA(#3A0FD) - this may cause problems in AutoCAD
copy process ignored ACDB_BLOCKREPRESENTATION_DATA(#3A10F) - this may cause problems in AutoCAD
copy process ignored ACDB_BLOCKREPRESENTATION_DATA(#3A117) - this may cause problems in AutoCAD
copy process ignored ACDB_BLOCKREPRESENTATION_DATA(#3A129) - this may cause problems in AutoCAD
copy process ignored ACDB_BLOCKREPRESENTATION_DATA(#3A13B) - this may cause problems in AutoCAD
copy process ignored ACDB_BLOCKREPRESENTATION_DATA(#3A14D) - this may cause problems in AutoCAD
copy process ignored ACDB_BLOCKREPRESENTATION_DATA(#3A15F) - this may cause problems in AutoCAD
copy process ignored ACDB_BLOCKREPRESENTATION_DATA(#3A171) - this may cause problems in AutoCAD
copy process ignored ACDB_BLOCKREPRESENTATION_DATA(#3A183) - this may cause problems in AutoCAD
copy process ignored ACDB_BLOCKREPRESENTATION_DATA(#3A195) - this may cause problems in AutoCAD
copy process ignored ACDB_BLOCKREPRESENTATION_DATA(#3A1A7) - this may cause problems in AutoCAD
copy process ignored ACDB_BLOCKREPRESENTATION_DATA(#3A1B9) - this may cause problems in AutoCAD
copy process ignored ACDB_BLOCKREPRESENTATION_DATA(#3A1CB) - this may cause problems in AutoCAD
copy process ignored ACDB_BLOCKREPRESENTATION_DATA(#3A1DD) - this may cause problems in AutoCAD
copy process ignored ACDB_BLOCKREPRESENTATION_DATA(#3A1EF) - this may cause problems in AutoCAD
copy process ignored ACDB_BLOCKREPRESENTATION_DATA(#3A289) - this may cause problems in AutoCAD
copy process ignored ACDB_BLOCKREPRESENTATION_DATA(#3A341) - this may cause problems in AutoCAD
copy process ignored ACDB_BLOCKREPRESENTATION_DATA(#3A378) - this may cause problems in AutoCAD
copy process ignored ACDB_BLOCKREPRESENTATION_DATA(#3A389) - this may cause problems in AutoCAD
copy process ignored ACDB_BLOCKREPRESENTATION_DATA(#3A3A4) - this may cause problems in AutoCAD
copy process ignored ACDB_BLOCKREPRESENTATION_DATA(#3A3C7) - this may cause problems in AutoCAD
copy process ignored ACDB_BLOCKREPRESENTATION_DATA(#3A481) - this may cause problems in AutoCAD
copy process ignored ACDB_BLOCKREPRESENTATION_DATA(#46BFA) - this may cause problems in AutoCAD
copy process ignored ACDB_BLOCKREPRESENTATION_DATA(#4357A) - this may cause problems in AutoCAD
copy process ignored ACDB_BLOCKREPRESENTATION_DATA(#43582) - this may cause problems in AutoCAD
copy process ignored ACDB_BLOCKREPRESENTATION_DATA(#435CA) - this may cause problems in AutoCAD
copy process ignored ACDB_BLOCKREPRESENTATION_DATA(#435D2) - this may cause problems in AutoCAD
copy process ignored ACDB_BLOCKREPRESENTATION_DATA(#46C4B) - this may cause problems in AutoCAD
copy process ignored ACDB_BLOCKREPRESENTATION_DATA(#46C56) - this may cause problems in AutoCAD
copy process ignored ACDB_BLOCKREPRESENTATION_DATA(#46C61) - this may cause problems in AutoCAD
copy process ignored ACDB_BLOCKREPRESENTATION_DATA(#5C87E) - this may cause problems in AutoCAD
copy process ignored ACDB_BLOCKREPRESENTATION_DATA(#46E20) - this may cause problems in AutoCAD
copy process ignored ACDB_BLOCKREPRESENTATION_DATA(#46E89) - this may cause problems in AutoCAD
copy process ignored ACDB_BLOCKREPRESENTATION_DATA(#46FEB) - this may cause problems in AutoCAD
copy process ignored ACDB_BLOCKREPRESENTATION_DATA(#470BA) - this may cause problems in AutoCAD
copy process ignored ACDB_BLOCKREPRESENTATION_DATA(#472B6) - this may cause problems in AutoCAD
copy process ignored ACDB_BLOCKREPRESENTATION_DATA(#472C6) - this may cause problems in AutoCAD
copy process ignored ACDB_BLOCKREPRESENTATION_DATA(#472D9) - this may cause problems in AutoCAD
copy process ignored ACDB_BLOCKREPRESENTATION_DATA(#4730A) - this may cause problems in AutoCAD
copy process ignored ACDB_BLOCKREPRESENTATION_DATA(#47328) - this may cause problems in AutoCAD
copy process ignored ACDB_BLOCKREPRESENTATION_DATA(#4736E) - this may cause problems in AutoCAD
copy process ignored FIELD(#473A9) - this may cause problems in AutoCAD
copy process ignored FIELD(#473B1) - this may cause problems in AutoCAD
copy process ignored FIELD(#473B7) - this may cause problems in AutoCAD
copy process ignored FIELD(#473C0) - this may cause problems in AutoCAD
copy process ignored ACDB_BLOCKREPRESENTATION_DATA(#4741D) - this may cause problems in AutoCAD
copy process ignored ACDB_BLOCKREPRESENTATION_DATA(#47441) - this may cause problems in AutoCAD
copy process ignored ACDB_BLOCKREPRESENTATION_DATA(#47592) - this may cause problems in AutoCAD
copy process ignored ACDB_BLOCKREPRESENTATION_DATA(#4759A) - this may cause problems in AutoCAD
copy process ignored ACDB_BLOCKREPRESENTATION_DATA(#475A2) - this may cause problems in AutoCAD
copy process ignored ACDB_BLOCKREPRESENTATION_DATA(#475AA) - this may cause problems in AutoCAD
copy process ignored ACDB_BLOCKREPRESENTATION_DATA(#475B2) - this may cause problems in AutoCAD
copy process ignored ACDB_BLOCKREPRESENTATION_DATA(#475BA) - this may cause problems in AutoCAD
copy process ignored ACDB_BLOCKREPRESENTATION_DATA(#475C2) - this may cause problems in AutoCAD
copy process ignored ACDB_BLOCKREPRESENTATION_DATA(#475CA) - this may cause problems in AutoCAD
copy process ignored ACDB_BLOCKREPRESENTATION_DATA(#475D2) - this may cause problems in AutoCAD
copy process ignored ACDB_BLOCKREPRESENTATION_DATA(#475DA) - this may cause problems in AutoCAD
copy process ignored ACDB_BLOCKREPRESENTATION_DATA(#475E2) - this may cause problems in AutoCAD
copy process ignored ACDB_BLOCKREPRESENTATION_DATA(#475EA) - this may cause problems in AutoCAD
copy process ignored ACDB_BLOCKREPRESENTATION_DATA(#475F2) - this may cause problems in AutoCAD
copy process ignored ACDB_BLOCKREPRESENTATION_DATA(#475FA) - this may cause problems in AutoCAD
copy process ignored ACDB_BLOCKREPRESENTATION_DATA(#47602) - this may cause problems in AutoCAD
copy process ignored ACDB_BLOCKREPRESENTATION_DATA(#4760A) - this may cause problems in AutoCAD
copy process ignored ACDB_BLOCKREPRESENTATION_DATA(#47612) - this may cause problems in AutoCAD
copy process ignored ACDB_BLOCKREPRESENTATION_DATA(#4761A) - this may cause problems in AutoCAD
copy process ignored ACDB_BLOCKREPRESENTATION_DATA(#47622) - this may cause problems in AutoCAD
copy process ignored ACDB_BLOCKREPRESENTATION_DATA(#4762A) - this may cause problems in AutoCAD
copy process ignored ACDB_BLOCKREPRESENTATION_DATA(#47632) - this may cause problems in AutoCAD
copy process ignored ACDB_BLOCKREPRESENTATION_DATA(#47644) - this may cause problems in AutoCAD
copy process ignored ACDB_BLOCKREPRESENTATION_DATA(#4764C) - this may cause problems in AutoCAD
copy process ignored ACDB_BLOCKREPRESENTATION_DATA(#47657) - this may cause problems in AutoCAD
copy process ignored ACDB_BLOCKREPRESENTATION_DATA(#47662) - this may cause problems in AutoCAD
copy process ignored ACDB_BLOCKREPRESENTATION_DATA(#4766D) - this may cause problems in AutoCAD
copy process ignored ACDB_BLOCKREPRESENTATION_DATA(#47678) - this may cause problems in AutoCAD
copy process ignored ACDB_BLOCKREPRESENTATION_DATA(#47683) - this may cause problems in AutoCAD
copy process ignored ACDB_BLOCKREPRESENTATION_DATA(#4768E) - this may cause problems in AutoCAD
copy process ignored ACDB_BLOCKREPRESENTATION_DATA(#47699) - this may cause problems in AutoCAD
copy process ignored ACDB_BLOCKREPRESENTATION_DATA(#476A4) - this may cause problems in AutoCAD
copy process ignored ACDB_BLOCKREPRESENTATION_DATA(#476AF) - this may cause problems in AutoCAD
copy process ignored ACDB_BLOCKREPRESENTATION_DATA(#476BA) - this may cause problems in AutoCAD
copy process ignored ACDB_BLOCKREPRESENTATION_DATA(#476C5) - this may cause problems in AutoCAD
copy process ignored ACDB_BLOCKREPRESENTATION_DATA(#476D0) - this may cause problems in AutoCAD
copy process ignored ACDB_BLOCKREPRESENTATION_DATA(#476DB) - this may cause problems in AutoCAD
copy process ignored ACDB_BLOCKREPRESENTATION_DATA(#476E6) - this may cause problems in AutoCAD
copy process ignored ACDB_BLOCKREPRESENTATION_DATA(#476F1) - this may cause problems in AutoCAD
copy process ignored ACDB_BLOCKREPRESENTATION_DATA(#476FC) - this may cause problems in AutoCAD
copy process ignored ACDB_BLOCKREPRESENTATION_DATA(#47707) - this may cause problems in AutoCAD
copy process ignored ACDB_BLOCKREPRESENTATION_DATA(#47712) - this may cause problems in AutoCAD
copy process ignored ACDB_BLOCKREPRESENTATION_DATA(#4771D) - this may cause problems in AutoCAD
copy process ignored ACDB_BLOCKREPRESENTATION_DATA(#47728) - this may cause problems in AutoCAD
copy process ignored ACDB_BLOCKREPRESENTATION_DATA(#47733) - this may cause problems in AutoCAD
copy process ignored ACDB_BLOCKREPRESENTATION_DATA(#4773E) - this may cause problems in AutoCAD
copy process ignored ACDB_BLOCKREPRESENTATION_DATA(#47749) - this may cause problems in AutoCAD
copy process ignored ACDB_BLOCKREPRESENTATION_DATA(#47754) - this may cause problems in AutoCAD
copy process ignored ACDB_BLOCKREPRESENTATION_DATA(#4775F) - this may cause problems in AutoCAD
copy process ignored ACDB_BLOCKREPRESENTATION_DATA(#4776A) - this may cause problems in AutoCAD
copy process ignored ACDB_BLOCKREPRESENTATION_DATA(#47775) - this may cause problems in AutoCAD
copy process ignored ACDB_BLOCKREPRESENTATION_DATA(#47780) - this may cause problems in AutoCAD
copy process ignored ACDB_BLOCKREPRESENTATION_DATA(#4778B) - this may cause problems in AutoCAD
copy process ignored ACDB_BLOCKREPRESENTATION_DATA(#47796) - this may cause problems in AutoCAD
copy process ignored ACDB_BLOCKREPRESENTATION_DATA(#477A1) - this may cause problems in AutoCAD
copy process ignored ACDB_BLOCKREPRESENTATION_DATA(#477AC) - this may cause problems in AutoCAD
copy process ignored ACDB_BLOCKREPRESENTATION_DATA(#477B7) - this may cause problems in AutoCAD
copy process ignored ACDB_BLOCKREPRESENTATION_DATA(#477C2) - this may cause problems in AutoCAD
copy process ignored ACDB_BLOCKREPRESENTATION_DATA(#477CD) - this may cause problems in AutoCAD
copy process ignored ACDB_BLOCKREPRESENTATION_DATA(#477D8) - this may cause problems in AutoCAD
copy process ignored ACDB_BLOCKREPRESENTATION_DATA(#477E3) - this may cause problems in AutoCAD
copy process ignored ACDB_BLOCKREPRESENTATION_DATA(#477EE) - this may cause problems in AutoCAD
copy process ignored ACDB_BLOCKREPRESENTATION_DATA(#477F9) - this may cause problems in AutoCAD
copy process ignored ACDB_BLOCKREPRESENTATION_DATA(#47804) - this may cause problems in AutoCAD
copy process ignored ACDB_BLOCKREPRESENTATION_DATA(#4780F) - this may cause problems in AutoCAD
copy process ignored ACDB_BLOCKREPRESENTATION_DATA(#4781A) - this may cause problems in AutoCAD
copy process ignored ACDB_BLOCKREPRESENTATION_DATA(#47825) - this may cause problems in AutoCAD
copy process ignored ACDB_BLOCKREPRESENTATION_DATA(#47830) - this may cause problems in AutoCAD
copy process ignored ACDB_BLOCKREPRESENTATION_DATA(#4783B) - this may cause problems in AutoCAD
copy process ignored ACDB_BLOCKREPRESENTATION_DATA(#47846) - this may cause problems in AutoCAD
copy process ignored ACDB_BLOCKREPRESENTATION_DATA(#47851) - this may cause problems in AutoCAD
copy process ignored ACDB_BLOCKREPRESENTATION_DATA(#4785C) - this may cause problems in AutoCAD
copy process ignored ACDB_BLOCKREPRESENTATION_DATA(#47867) - this may cause problems in AutoCAD
copy process ignored ACDB_BLOCKREPRESENTATION_DATA(#47874) - this may cause problems in AutoCAD
copy process ignored ACDB_BLOCKREPRESENTATION_DATA(#4787F) - this may cause problems in AutoCAD
copy process ignored ACDB_BLOCKREPRESENTATION_DATA(#4788A) - this may cause problems in AutoCAD
copy process ignored ACDB_BLOCKREPRESENTATION_DATA(#47895) - this may cause problems in AutoCAD
copy process ignored ACDB_BLOCKREPRESENTATION_DATA(#478A0) - this may cause problems in AutoCAD
copy process ignored ACDB_BLOCKREPRESENTATION_DATA(#478A8) - this may cause problems in AutoCAD
copy process ignored ACDB_BLOCKREPRESENTATION_DATA(#478B0) - this may cause problems in AutoCAD
copy process ignored ACDB_BLOCKREPRESENTATION_DATA(#478B8) - this may cause problems in AutoCAD
copy process ignored ACDB_BLOCKREPRESENTATION_DATA(#478C0) - this may cause problems in AutoCAD
copy process ignored ACDB_BLOCKREPRESENTATION_DATA(#478C8) - this may cause problems in AutoCAD
copy process ignored ACDB_BLOCKREPRESENTATION_DATA(#478D0) - this may cause problems in AutoCAD
copy process ignored ACDB_BLOCKREPRESENTATION_DATA(#478D8) - this may cause problems in AutoCAD
copy process ignored ACDB_BLOCKREPRESENTATION_DATA(#478E0) - this may cause problems in AutoCAD
copy process ignored ACDB_BLOCKREPRESENTATION_DATA(#478E8) - this may cause problems in AutoCAD
copy process ignored ACDB_BLOCKREPRESENTATION_DATA(#478F0) - this may cause problems in AutoCAD
copy process ignored ACDB_BLOCKREPRESENTATION_DATA(#478F8) - this may cause problems in AutoCAD
copy process ignored ACDB_BLOCKREPRESENTATION_DATA(#47900) - this may cause problems in AutoCAD
copy process ignored ACDB_BLOCKREPRESENTATION_DATA(#47908) - this may cause problems in AutoCAD
copy process ignored ACDB_BLOCKREPRESENTATION_DATA(#47910) - this may cause problems in AutoCAD
copy process ignored ACDB_BLOCKREPRESENTATION_DATA(#47918) - this may cause problems in AutoCAD
copy process ignored ACDB_BLOCKREPRESENTATION_DATA(#47920) - this may cause problems in AutoCAD
copy process ignored ACDB_BLOCKREPRESENTATION_DATA(#47928) - this may cause problems in AutoCAD
copy process ignored ACDB_BLOCKREPRESENTATION_DATA(#47930) - this may cause problems in AutoCAD
copy process ignored ACDB_BLOCKREPRESENTATION_DATA(#47938) - this may cause problems in AutoCAD
copy process ignored ACDB_BLOCKREPRESENTATION_DATA(#47940) - this may cause problems in AutoCAD
copy process ignored ACDB_BLOCKREPRESENTATION_DATA(#47948) - this may cause problems in AutoCAD
copy process ignored ACDB_BLOCKREPRESENTATION_DATA(#47950) - this may cause problems in AutoCAD
copy process ignored ACDB_BLOCKREPRESENTATION_DATA(#47958) - this may cause problems in AutoCAD
copy process ignored ACDB_BLOCKREPRESENTATION_DATA(#47960) - this may cause problems in AutoCAD
copy process ignored ACDB_BLOCKREPRESENTATION_DATA(#47968) - this may cause problems in AutoCAD
copy process ignored ACDB_BLOCKREPRESENTATION_DATA(#47970) - this may cause problems in AutoCAD
copy process ignored ACDB_BLOCKREPRESENTATION_DATA(#47978) - this may cause problems in AutoCAD
copy process ignored ACDB_BLOCKREPRESENTATION_DATA(#47980) - this may cause problems in AutoCAD
copy process ignored ACDB_BLOCKREPRESENTATION_DATA(#47988) - this may cause problems in AutoCAD
copy process ignored ACDB_BLOCKREPRESENTATION_DATA(#47990) - this may cause problems in AutoCAD
copy process ignored ACDB_BLOCKREPRESENTATION_DATA(#47998) - this may cause problems in AutoCAD
copy process ignored ACDB_BLOCKREPRESENTATION_DATA(#479A0) - this may cause problems in AutoCAD
copy process ignored ACDB_BLOCKREPRESENTATION_DATA(#479A8) - this may cause problems in AutoCAD
copy process ignored ACDB_BLOCKREPRESENTATION_DATA(#479B0) - this may cause problems in AutoCAD
copy process ignored ACDB_BLOCKREPRESENTATION_DATA(#479BB) - this may cause problems in AutoCAD
copy process ignored ACDB_BLOCKREPRESENTATION_DATA(#479C3) - this may cause problems in AutoCAD
copy process ignored ACDB_BLOCKREPRESENTATION_DATA(#479CB) - this may cause problems in AutoCAD
copy process ignored ACDB_BLOCKREPRESENTATION_DATA(#479D3) - this may cause problems in AutoCAD
copy process ignored ACDB_BLOCKREPRESENTATION_DATA(#479DB) - this may cause problems in AutoCAD
copy process ignored ACDB_BLOCKREPRESENTATION_DATA(#479E3) - this may cause problems in AutoCAD
copy process ignored ACDB_BLOCKREPRESENTATION_DATA(#479EB) - this may cause problems in AutoCAD
copy process ignored ACDB_BLOCKREPRESENTATION_DATA(#479F3) - this may cause problems in AutoCAD
copy process ignored ACDB_BLOCKREPRESENTATION_DATA(#479FB) - this may cause problems in AutoCAD
copy process ignored ACDB_BLOCKREPRESENTATION_DATA(#47A03) - this may cause problems in AutoCAD
copy process ignored ACDB_BLOCKREPRESENTATION_DATA(#47A0B) - this may cause problems in AutoCAD
copy process ignored ACDB_BLOCKREPRESENTATION_DATA(#47A13) - this may cause problems in AutoCAD
copy process ignored ACDB_BLOCKREPRESENTATION_DATA(#47A1B) - this may cause problems in AutoCAD
copy process ignored ACDB_BLOCKREPRESENTATION_DATA(#47A23) - this may cause problems in AutoCAD
copy process ignored ACDB_BLOCKREPRESENTATION_DATA(#47A2B) - this may cause problems in AutoCAD
copy process ignored ACDB_BLOCKREPRESENTATION_DATA(#47A33) - this may cause problems in AutoCAD
copy process ignored ACDB_BLOCKREPRESENTATION_DATA(#47A3B) - this may cause problems in AutoCAD
copy process ignored ACDB_BLOCKREPRESENTATION_DATA(#47A43) - this may cause problems in AutoCAD
copy process ignored ACDB_BLOCKREPRESENTATION_DATA(#47A55) - this may cause problems in AutoCAD
copy process ignored ACDB_BLOCKREPRESENTATION_DATA(#47A6A) - this may cause problems in AutoCAD
copy process ignored ACDB_BLOCKREPRESENTATION_DATA(#47A9B) - this may cause problems in AutoCAD
copy process ignored ACDB_BLOCKREPRESENTATION_DATA(#47AAA) - this may cause problems in AutoCAD
copy process ignored ACDB_BLOCKREPRESENTATION_DATA(#47ABB) - this may cause problems in AutoCAD
copy process ignored ACDB_BLOCKREPRESENTATION_DATA(#47AF2) - this may cause problems in AutoCAD
copy process ignored ACDB_BLOCKREPRESENTATION_DATA(#5C8A2) - this may cause problems in AutoCAD
copy process ignored ACDB_BLOCKREPRESENTATION_DATA(#5C8AE) - this may cause problems in AutoCAD
copy process ignored ACDB_BLOCKREPRESENTATION_DATA(#47B3B) - this may cause problems in AutoCAD
copy process ignored ACDB_BLOCKREPRESENTATION_DATA(#47B4D) - this may cause problems in AutoCAD
copy process ignored ACDB_BLOCKREPRESENTATION_DATA(#47B5F) - this may cause problems in AutoCAD
copy process ignored ACDB_BLOCKREPRESENTATION_DATA(#47B71) - this may cause problems in AutoCAD
copy process ignored ACDB_BLOCKREPRESENTATION_DATA(#47B83) - this may cause problems in AutoCAD
copy process ignored ACDB_BLOCKREPRESENTATION_DATA(#47B95) - this may cause problems in AutoCAD
copy process ignored ACDB_BLOCKREPRESENTATION_DATA(#47BA7) - this may cause problems in AutoCAD
copy process ignored ACDB_BLOCKREPRESENTATION_DATA(#47BB9) - this may cause problems in AutoCAD
copy process ignored ACDB_BLOCKREPRESENTATION_DATA(#47BCB) - this may cause problems in AutoCAD
copy process ignored ACDB_BLOCKREPRESENTATION_DATA(#47BDD) - this may cause problems in AutoCAD
copy process ignored ACDB_BLOCKREPRESENTATION_DATA(#47BEF) - this may cause problems in AutoCAD
copy process ignored ACDB_BLOCKREPRESENTATION_DATA(#47C01) - this may cause problems in AutoCAD
copy process ignored ACDB_BLOCKREPRESENTATION_DATA(#47C13) - this may cause problems in AutoCAD
copy process ignored ACDB_BLOCKREPRESENTATION_DATA(#47C25) - this may cause problems in AutoCAD
copy process ignored ACDB_BLOCKREPRESENTATION_DATA(#47C37) - this may cause problems in AutoCAD
copy process ignored ACDB_BLOCKREPRESENTATION_DATA(#47C49) - this may cause problems in AutoCAD
copy process ignored ACDB_BLOCKREPRESENTATION_DATA(#47C5B) - this may cause problems in AutoCAD
copy process ignored ACDB_BLOCKREPRESENTATION_DATA(#47C6D) - this may cause problems in AutoCAD
copy process ignored ACDB_BLOCKREPRESENTATION_DATA(#47C7F) - this may cause problems in AutoCAD
copy process ignored ACDB_BLOCKREPRESENTATION_DATA(#47C91) - this may cause problems in AutoCAD
copy process ignored ACDB_BLOCKREPRESENTATION_DATA(#47CA3) - this may cause problems in AutoCAD
copy process ignored ACDB_BLOCKREPRESENTATION_DATA(#47D7D) - this may cause problems in AutoCAD
copy process ignored ACDB_BLOCKREPRESENTATION_DATA(#47D8F) - this may cause problems in AutoCAD
copy process ignored ACDB_BLOCKREPRESENTATION_DATA(#47DA1) - this may cause problems in AutoCAD
copy process ignored ACDB_BLOCKREPRESENTATION_DATA(#47DD1) - this may cause problems in AutoCAD
copy process ignored ACDB_BLOCKREPRESENTATION_DATA(#47DFF) - this may cause problems in AutoCAD
copy process ignored ACDB_BLOCKREPRESENTATION_DATA(#47E11) - this may cause problems in AutoCAD
copy process ignored ACDB_BLOCKREPRESENTATION_DATA(#47E23) - this may cause problems in AutoCAD
copy process ignored ACDB_BLOCKREPRESENTATION_DATA(#47E44) - this may cause problems in AutoCAD
copy process ignored ACDB_BLOCKREPRESENTATION_DATA(#47E56) - this may cause problems in AutoCAD
copy process ignored ACDB_BLOCKREPRESENTATION_DATA(#47E69) - this may cause problems in AutoCAD
copy process ignored ACDB_BLOCKREPRESENTATION_DATA(#47E7B) - this may cause problems in AutoCAD
copy process ignored ACDB_BLOCKREPRESENTATION_DATA(#47E9B) - this may cause problems in AutoCAD
copy process ignored ACDB_BLOCKREPRESENTATION_DATA(#47EAD) - this may cause problems in AutoCAD
copy process ignored ACDB_BLOCKREPRESENTATION_DATA(#4803B) - this may cause problems in AutoCAD
copy process ignored ACDB_BLOCKREPRESENTATION_DATA(#4804E) - this may cause problems in AutoCAD
copy process ignored ACDB_BLOCKREPRESENTATION_DATA(#480BF) - this may cause problems in AutoCAD
copy process ignored ACDB_BLOCKREPRESENTATION_DATA(#480D1) - this may cause problems in AutoCAD
copy process ignored ACDB_BLOCKREPRESENTATION_DATA(#480E3) - this may cause problems in AutoCAD
copy process ignored ACDB_BLOCKREPRESENTATION_DATA(#480F5) - this may cause problems in AutoCAD
copy process ignored ACDB_BLOCKREPRESENTATION_DATA(#48107) - this may cause problems in AutoCAD
copy process ignored ACDB_BLOCKREPRESENTATION_DATA(#48119) - this may cause problems in AutoCAD
copy process ignored ACDB_BLOCKREPRESENTATION_DATA(#4812B) - this may cause problems in AutoCAD
copy process ignored ACDB_BLOCKREPRESENTATION_DATA(#4813D) - this may cause problems in AutoCAD
copy process ignored ACDB_BLOCKREPRESENTATION_DATA(#4814F) - this may cause problems in AutoCAD
copy process ignored ACDB_BLOCKREPRESENTATION_DATA(#48161) - this may cause problems in AutoCAD
copy process ignored ACDB_BLOCKREPRESENTATION_DATA(#48173) - this may cause problems in AutoCAD
copy process ignored ACDB_BLOCKREPRESENTATION_DATA(#48185) - this may cause problems in AutoCAD
copy process ignored ACDB_BLOCKREPRESENTATION_DATA(#48197) - this may cause problems in AutoCAD
copy process ignored ACDB_BLOCKREPRESENTATION_DATA(#481A9) - this may cause problems in AutoCAD
copy process ignored ACDB_BLOCKREPRESENTATION_DATA(#481BB) - this may cause problems in AutoCAD
copy process ignored ACDB_BLOCKREPRESENTATION_DATA(#481CD) - this may cause problems in AutoCAD
copy process ignored ACDB_BLOCKREPRESENTATION_DATA(#481DF) - this may cause problems in AutoCAD
copy process ignored ACDB_BLOCKREPRESENTATION_DATA(#481F1) - this may cause problems in AutoCAD
copy process ignored ACDB_BLOCKREPRESENTATION_DATA(#48203) - this may cause problems in AutoCAD
copy process ignored ACDB_BLOCKREPRESENTATION_DATA(#48215) - this may cause problems in AutoCAD
copy process ignored ACDB_BLOCKREPRESENTATION_DATA(#48227) - this may cause problems in AutoCAD
copy process ignored ACDB_BLOCKREPRESENTATION_DATA(#48239) - this may cause problems in AutoCAD
copy process ignored ACDB_BLOCKREPRESENTATION_DATA(#4824B) - this may cause problems in AutoCAD
copy process ignored ACDB_BLOCKREPRESENTATION_DATA(#4825D) - this may cause problems in AutoCAD
copy process ignored ACDB_BLOCKREPRESENTATION_DATA(#4826F) - this may cause problems in AutoCAD
copy process ignored ACDB_BLOCKREPRESENTATION_DATA(#48281) - this may cause problems in AutoCAD
copy process ignored ACDB_BLOCKREPRESENTATION_DATA(#48293) - this may cause problems in AutoCAD
copy process ignored ACDB_BLOCKREPRESENTATION_DATA(#482A5) - this may cause problems in AutoCAD
copy process ignored ACDB_BLOCKREPRESENTATION_DATA(#482B7) - this may cause problems in AutoCAD
copy process ignored ACDB_BLOCKREPRESENTATION_DATA(#482C9) - this may cause problems in AutoCAD
copy process ignored ACDB_BLOCKREPRESENTATION_DATA(#482DB) - this may cause problems in AutoCAD
copy process ignored ACDB_BLOCKREPRESENTATION_DATA(#482ED) - this may cause problems in AutoCAD
copy process ignored ACDB_BLOCKREPRESENTATION_DATA(#482FF) - this may cause problems in AutoCAD
copy process ignored ACDB_BLOCKREPRESENTATION_DATA(#48311) - this may cause problems in AutoCAD
copy process ignored ACDB_BLOCKREPRESENTATION_DATA(#48323) - this may cause problems in AutoCAD
copy process ignored ACDB_BLOCKREPRESENTATION_DATA(#48335) - this may cause problems in AutoCAD
copy process ignored ACDB_BLOCKREPRESENTATION_DATA(#48347) - this may cause problems in AutoCAD
copy process ignored ACDB_BLOCKREPRESENTATION_DATA(#48359) - this may cause problems in AutoCAD
copy process ignored ACDB_BLOCKREPRESENTATION_DATA(#4836B) - this may cause problems in AutoCAD
copy process ignored ACDB_BLOCKREPRESENTATION_DATA(#4837D) - this may cause problems in AutoCAD
copy process ignored ACDB_BLOCKREPRESENTATION_DATA(#4838F) - this may cause problems in AutoCAD
copy process ignored ACDB_BLOCKREPRESENTATION_DATA(#483A1) - this may cause problems in AutoCAD
copy process ignored ACDB_BLOCKREPRESENTATION_DATA(#483B3) - this may cause problems in AutoCAD
copy process ignored ACDB_BLOCKREPRESENTATION_DATA(#483C5) - this may cause problems in AutoCAD
copy process ignored ACDB_BLOCKREPRESENTATION_DATA(#483D7) - this may cause problems in AutoCAD
copy process ignored ACDB_BLOCKREPRESENTATION_DATA(#483E9) - this may cause problems in AutoCAD
copy process ignored ACDB_BLOCKREPRESENTATION_DATA(#483FB) - this may cause problems in AutoCAD
copy process ignored ACDB_BLOCKREPRESENTATION_DATA(#4840D) - this may cause problems in AutoCAD
copy process ignored ACDB_BLOCKREPRESENTATION_DATA(#4841F) - this may cause problems in AutoCAD
copy process ignored ACDB_BLOCKREPRESENTATION_DATA(#48431) - this may cause problems in AutoCAD
copy process ignored ACDB_BLOCKREPRESENTATION_DATA(#48443) - this may cause problems in AutoCAD
copy process ignored ACDB_BLOCKREPRESENTATION_DATA(#48455) - this may cause problems in AutoCAD
copy process ignored ACDB_BLOCKREPRESENTATION_DATA(#48467) - this may cause problems in AutoCAD
copy process ignored ACDB_BLOCKREPRESENTATION_DATA(#48479) - this may cause problems in AutoCAD
copy process ignored ACDB_BLOCKREPRESENTATION_DATA(#4848B) - this may cause problems in AutoCAD
copy process ignored ACDB_BLOCKREPRESENTATION_DATA(#4849D) - this may cause problems in AutoCAD
copy process ignored ACDB_BLOCKREPRESENTATION_DATA(#484AF) - this may cause problems in AutoCAD
copy process ignored ACDB_BLOCKREPRESENTATION_DATA(#484C1) - this may cause problems in AutoCAD
copy process ignored ACDB_BLOCKREPRESENTATION_DATA(#484D3) - this may cause problems in AutoCAD
copy process ignored ACDB_BLOCKREPRESENTATION_DATA(#484E5) - this may cause problems in AutoCAD
copy process ignored ACDB_BLOCKREPRESENTATION_DATA(#484F7) - this may cause problems in AutoCAD
copy process ignored ACDB_BLOCKREPRESENTATION_DATA(#48509) - this may cause problems in AutoCAD
copy process ignored ACDB_BLOCKREPRESENTATION_DATA(#4851B) - this may cause problems in AutoCAD
copy process ignored ACDB_BLOCKREPRESENTATION_DATA(#4852D) - this may cause problems in AutoCAD
copy process ignored ACDB_BLOCKREPRESENTATION_DATA(#4853F) - this may cause problems in AutoCAD
copy process ignored ACDB_BLOCKREPRESENTATION_DATA(#48551) - this may cause problems in AutoCAD
copy process ignored ACDB_BLOCKREPRESENTATION_DATA(#48563) - this may cause problems in AutoCAD
copy process ignored ACDB_BLOCKREPRESENTATION_DATA(#48575) - this may cause problems in AutoCAD
copy process ignored ACDB_BLOCKREPRESENTATION_DATA(#48587) - this may cause problems in AutoCAD
copy process ignored ACDB_BLOCKREPRESENTATION_DATA(#48599) - this may cause problems in AutoCAD
copy process ignored ACDB_BLOCKREPRESENTATION_DATA(#485AB) - this may cause problems in AutoCAD
copy process ignored ACDB_BLOCKREPRESENTATION_DATA(#485BD) - this may cause problems in AutoCAD
copy process ignored ACDB_BLOCKREPRESENTATION_DATA(#485CF) - this may cause problems in AutoCAD
copy process ignored ACDB_BLOCKREPRESENTATION_DATA(#485E1) - this may cause problems in AutoCAD
copy process ignored ACDB_BLOCKREPRESENTATION_DATA(#485F3) - this may cause problems in AutoCAD
copy process ignored ACDB_BLOCKREPRESENTATION_DATA(#48605) - this may cause problems in AutoCAD
copy process ignored ACDB_BLOCKREPRESENTATION_DATA(#48617) - this may cause problems in AutoCAD
copy process ignored ACDB_BLOCKREPRESENTATION_DATA(#48629) - this may cause problems in AutoCAD
copy process ignored ACDB_BLOCKREPRESENTATION_DATA(#4863B) - this may cause problems in AutoCAD
copy process ignored ACDB_BLOCKREPRESENTATION_DATA(#4864D) - this may cause problems in AutoCAD
copy process ignored ACDB_BLOCKREPRESENTATION_DATA(#4865F) - this may cause problems in AutoCAD
copy process ignored ACDB_BLOCKREPRESENTATION_DATA(#48671) - this may cause problems in AutoCAD
copy process ignored ACDB_BLOCKREPRESENTATION_DATA(#48683) - this may cause problems in AutoCAD
copy process ignored ACDB_BLOCKREPRESENTATION_DATA(#48695) - this may cause problems in AutoCAD
copy process ignored ACDB_BLOCKREPRESENTATION_DATA(#486A7) - this may cause problems in AutoCAD
copy process ignored ACDB_BLOCKREPRESENTATION_DATA(#486B9) - this may cause problems in AutoCAD
copy process ignored ACDB_BLOCKREPRESENTATION_DATA(#486CB) - this may cause problems in AutoCAD
copy process ignored ACDB_BLOCKREPRESENTATION_DATA(#486DD) - this may cause problems in AutoCAD
copy process ignored ACDB_BLOCKREPRESENTATION_DATA(#486EF) - this may cause problems in AutoCAD
copy process ignored ACDB_BLOCKREPRESENTATION_DATA(#48701) - this may cause problems in AutoCAD
copy process ignored ACDB_BLOCKREPRESENTATION_DATA(#48713) - this may cause problems in AutoCAD
copy process ignored ACDB_BLOCKREPRESENTATION_DATA(#48725) - this may cause problems in AutoCAD
copy process ignored ACDB_BLOCKREPRESENTATION_DATA(#48737) - this may cause problems in AutoCAD
copy process ignored ACDB_BLOCKREPRESENTATION_DATA(#48749) - this may cause problems in AutoCAD
copy process ignored ACDB_BLOCKREPRESENTATION_DATA(#4875B) - this may cause problems in AutoCAD
copy process ignored ACDB_BLOCKREPRESENTATION_DATA(#4876D) - this may cause problems in AutoCAD
copy process ignored ACDB_BLOCKREPRESENTATION_DATA(#4877F) - this may cause problems in AutoCAD
copy process ignored ACDB_BLOCKREPRESENTATION_DATA(#48791) - this may cause problems in AutoCAD
copy process ignored ACDB_BLOCKREPRESENTATION_DATA(#487A3) - this may cause problems in AutoCAD
copy process ignored ACDB_BLOCKREPRESENTATION_DATA(#487B5) - this may cause problems in AutoCAD
copy process ignored ACDB_BLOCKREPRESENTATION_DATA(#487C7) - this may cause problems in AutoCAD
copy process ignored ACDB_BLOCKREPRESENTATION_DATA(#487D9) - this may cause problems in AutoCAD
copy process ignored ACDB_BLOCKREPRESENTATION_DATA(#487EB) - this may cause problems in AutoCAD
copy process ignored ACDB_BLOCKREPRESENTATION_DATA(#487FD) - this may cause problems in AutoCAD
copy process ignored ACDB_BLOCKREPRESENTATION_DATA(#4880F) - this may cause problems in AutoCAD
copy process ignored ACDB_BLOCKREPRESENTATION_DATA(#48821) - this may cause problems in AutoCAD
copy process ignored ACDB_BLOCKREPRESENTATION_DATA(#48833) - this may cause problems in AutoCAD
copy process ignored ACDB_BLOCKREPRESENTATION_DATA(#48845) - this may cause problems in AutoCAD
copy process ignored ACDB_BLOCKREPRESENTATION_DATA(#48857) - this may cause problems in AutoCAD
copy process ignored ACDB_BLOCKREPRESENTATION_DATA(#48869) - this may cause problems in AutoCAD
copy process ignored ACDB_BLOCKREPRESENTATION_DATA(#4887B) - this may cause problems in AutoCAD
copy process ignored ACDB_BLOCKREPRESENTATION_DATA(#4888D) - this may cause problems in AutoCAD
copy process ignored ACDB_BLOCKREPRESENTATION_DATA(#4889F) - this may cause problems in AutoCAD
copy process ignored ACDB_BLOCKREPRESENTATION_DATA(#488B1) - this may cause problems in AutoCAD
copy process ignored ACDB_BLOCKREPRESENTATION_DATA(#488C3) - this may cause problems in AutoCAD
copy process ignored ACDB_BLOCKREPRESENTATION_DATA(#488D6) - this may cause problems in AutoCAD
copy process ignored ACDB_BLOCKREPRESENTATION_DATA(#488E8) - this may cause problems in AutoCAD
copy process ignored ACDB_BLOCKREPRESENTATION_DATA(#488FA) - this may cause problems in AutoCAD
copy process ignored ACDB_BLOCKREPRESENTATION_DATA(#4890C) - this may cause problems in AutoCAD
copy process ignored ACDB_BLOCKREPRESENTATION_DATA(#48924) - this may cause problems in AutoCAD
copy process ignored ACDB_BLOCKREPRESENTATION_DATA(#4892F) - this may cause problems in AutoCAD
copy process ignored ACDB_BLOCKREPRESENTATION_DATA(#4893A) - this may cause problems in AutoCAD
copy process ignored ACDB_BLOCKREPRESENTATION_DATA(#48945) - this may cause problems in AutoCAD
copy process ignored ACDB_BLOCKREPRESENTATION_DATA(#48950) - this may cause problems in AutoCAD
copy process ignored ACDB_BLOCKREPRESENTATION_DATA(#4895B) - this may cause problems in AutoCAD
copy process ignored ACDB_BLOCKREPRESENTATION_DATA(#48966) - this may cause problems in AutoCAD
copy process ignored ACDB_BLOCKREPRESENTATION_DATA(#48971) - this may cause problems in AutoCAD
copy process ignored ACDB_BLOCKREPRESENTATION_DATA(#4897C) - this may cause problems in AutoCAD
copy process ignored ACDB_BLOCKREPRESENTATION_DATA(#48987) - this may cause problems in AutoCAD
copy process ignored ACDB_BLOCKREPRESENTATION_DATA(#48992) - this may cause problems in AutoCAD
copy process ignored ACDB_BLOCKREPRESENTATION_DATA(#4899D) - this may cause problems in AutoCAD
copy process ignored ACDB_BLOCKREPRESENTATION_DATA(#489A8) - this may cause problems in AutoCAD
copy process ignored ACDB_BLOCKREPRESENTATION_DATA(#489B3) - this may cause problems in AutoCAD
copy process ignored ACDB_BLOCKREPRESENTATION_DATA(#489BE) - this may cause problems in AutoCAD
copy process ignored ACDB_BLOCKREPRESENTATION_DATA(#489C9) - this may cause problems in AutoCAD
copy process ignored ACDB_BLOCKREPRESENTATION_DATA(#40E65) - this may cause problems in AutoCAD
copy process ignored ACDB_BLOCKREPRESENTATION_DATA(#40E6D) - this may cause problems in AutoCAD
copy process ignored ACDB_BLOCKREPRESENTATION_DATA(#40E78) - this may cause problems in AutoCAD
copy process ignored ACDB_BLOCKREPRESENTATION_DATA(#5C8D6) - this may cause problems in AutoCAD
copy process ignored ACDB_BLOCKREPRESENTATION_DATA(#5C8E3) - this may cause problems in AutoCAD
WARNING:  WatchFiles detected changes in 'app\deps.py', 'app\main.py', 'app\models.py'. Reloading...
